intern_id,intern_name,task_completion_rate,avg_task_completion_time,attendance_percentage,feedback_rating,deadlines_missed,github_commits,communication_score,learning_speed,meeting_participation,work_hours_per_day,stress_level,final_performance_score,performance_category
1,Wendy Brown,78,12.15,64,3.9,4,102,10,3,7,2.6,8,30.35,Needs Improvement
2,Elijah Mooney,42,1.29,51,3.9,5,191,5,1,10,7.2,9,40.57,Needs Improvement
3,Tina Cox,88,8.35,91,1.2,2,54,4,9,3,10.6,7,52.47,Needs Improvement
4,Chelsea Watson,92,4.23,77,2.8,6,263,3,1,4,3.8,4,52.36,Needs Improvement
5,Elaine Rogers,41,6.95,91,3.3,1,217,2,10,4,8.0,8,58.39,Needs Improvement
6,Anthony Jones,79,12.82,94,2.1,4,279,10,9,9,5.0,1,74.3,Average
7,Angela Hayes,64,14.82,73,2.6,7,62,3,1,8,9.3,1,35.43,Needs Improvement
8,Kevin Delgado,97,2.62,56,4.4,1,32,7,7,8,8.7,8,72.45,Average
9,Brandon Smith,61,13.42,50,2.5,2,256,5,10,7,9.7,7,46.3,Needs Improvement
10,Barry Hunter,90,1.44,88,2.9,3,221,5,7,7,6.1,4,67.78,Average
11,Patrick Sims,52,2.08,100,1.6,1,169,9,5,6,6.6,4,64.6,Average
12,Tasha Sherman,97,2.71,74,2.3,0,282,9,4,9,5.0,6,76.93,Average
13,Bridget Lindsey,47,8.48,86,3.8,9,171,8,6,8,9.0,1,53.55,Needs Improvement
14,Sean George,51,4.52,51,3.8,4,112,8,1,1,11.8,6,51.07,Needs Improvement
15,Robin Jordan,62,4.9,82,3.5,1,52,10,6,7,8.7,8,67.14,Average
16,Brian Olson,63,7.58,83,3.5,10,239,1,9,6,9.0,3,44.9,Needs Improvement
17,Regina Cortez,59,5.56,85,1.1,2,146,4,7,4,11.4,8,55.58,Needs Improvement
18,Mr. Ricardo Thompson MD,40,10.46,74,1.8,9,98,7,10,9,7.2,1,35.17,Needs Improvement
19,Amy Rodriguez,41,14.95,61,3.2,10,8,9,3,3,9.3,3,19.26,Needs Improvement
20,William Simmons,72,9.99,60,4.7,3,103,4,3,9,8.6,2,62.27,Average
21,Steven Pearson,85,8.68,84,3.6,8,160,4,1,5,3.8,8,36.68,Needs Improvement
22,Nancy Martinez,56,5.31,97,1.4,2,21,6,6,3,10.9,2,62.1,Average
23,Christina Meyer,60,8.04,77,3.7,0,146,4,3,1,2.4,5,44.44,Needs Improvement
24,Monica Yang,76,14.0,98,3.2,2,187,1,4,5,3.9,1,48.97,Needs Improvement
25,Melanie Butler,42,3.37,74,2.6,5,57,3,8,8,4.1,6,30.22,Needs Improvement
26,Bryce Martinez,81,13.28,66,4.4,8,298,6,7,10,10.1,3,55.01,Needs Improvement
27,Christopher Vasquez,89,13.14,62,1.3,6,35,4,1,8,9.0,3,26.04,Needs Improvement
28,Christine Bell,41,7.14,71,2.3,9,62,6,10,10,2.3,4,19.1,Needs Improvement
29,Scott Young,81,12.52,92,1.5,0,263,5,5,7,2.9,4,56.26,Needs Improvement
30,Steven Carroll,79,11.17,62,4.9,9,157,3,1,8,4.7,10,20.93,Needs Improvement
31,Debra Johnson,94,4.51,75,4.9,6,126,9,5,1,3.7,1,56.19,Needs Improvement
32,John Knox,93,11.0,89,4.7,0,271,7,5,6,9.3,3,79.77,Average
33,David Garrett,51,8.92,100,4.0,8,284,5,1,4,3.8,10,32.93,Needs Improvement
34,Lauren Russell DVM,75,3.42,79,3.6,9,9,6,5,4,2.5,10,32.12,Needs Improvement
35,Katherine Wolfe,97,14.07,81,4.4,4,3,8,7,2,2.3,4,34.16,Needs Improvement
36,David Mcguire,99,2.8,100,4.3,2,64,1,8,10,4.1,2,81.49,Excellent
37,Justin Sanders,100,2.32,84,2.3,9,263,10,10,10,5.4,3,66.48,Average
38,Roger Young,92,5.88,60,4.5,3,216,5,9,4,3.8,9,53.7,Needs Improvement
39,Brittany Carroll,63,12.3,98,3.9,3,95,8,7,5,4.4,7,49.59,Needs Improvement
40,Nicole Anderson,80,6.29,98,3.0,8,186,3,1,4,2.1,9,33.13,Needs Improvement
41,Cameron Mcpherson,58,2.28,56,4.8,3,143,5,5,3,8.0,4,67.54,Average
42,Connie Howard,62,11.94,88,1.4,9,185,7,10,5,9.4,2,48.21,Needs Improvement
43,Darryl Hernandez,86,3.0,59,4.3,0,252,6,7,8,2.7,2,65.89,Average
44,Julia Hamilton,47,6.24,50,4.5,0,216,4,4,6,9.1,3,62.69,Average
45,Brian Perez,100,6.29,88,2.7,9,18,7,3,2,6.7,10,40.22,Needs Improvement
46,Paul Daniels,80,11.42,52,3.3,8,190,1,9,8,7.3,5,41.75,Needs Improvement
47,Angela Cole,45,12.23,94,4.9,4,79,6,5,5,4.5,3,44.06,Needs Improvement
48,Bethany Day,80,4.04,64,2.8,4,53,6,3,7,2.5,10,36.7,Needs Improvement
49,Jacob Singleton,71,1.81,87,2.8,4,7,10,4,10,5.9,2,59.68,Needs Improvement
50,Jared Chavez,75,14.81,66,2.1,4,211,3,6,2,6.2,5,25.38,Needs Improvement
51,Michael Zhang,86,13.87,59,4.7,1,250,5,7,8,5.8,1,65.43,Average
52,Emily Johnson,50,9.32,74,4.9,10,176,1,2,9,6.1,1,36.92,Needs Improvement
53,Ronald Garcia,60,1.79,55,3.8,4,132,6,3,5,7.9,5,53.15,Needs Improvement
54,Danny Hendricks,85,4.52,94,3.4,0,287,2,8,7,8.7,2,76.34,Average
55,Regina Hall,93,11.81,99,4.4,5,235,5,9,1,3.3,7,54.6,Needs Improvement
56,James Shaw,41,12.27,88,1.5,1,293,2,2,2,5.9,3,42.35,Needs Improvement
57,Robert Roberson,73,5.88,87,2.8,6,105,3,1,5,10.0,10,40.96,Needs Improvement
58,Rebecca Collins,99,1.93,54,4.9,4,204,3,9,7,3.3,6,68.14,Average
59,Angela Lopez,55,9.97,89,3.8,8,194,3,2,10,4.2,5,30.51,Needs Improvement
60,Paige Holmes,100,1.45,55,1.5,8,11,10,2,1,7.0,9,33.23,Needs Improvement
61,Kathryn Norris,65,12.19,71,1.3,10,47,1,10,4,10.1,1,31.52,Needs Improvement
62,Adam Hamilton,86,6.19,71,1.9,6,77,8,2,10,2.4,8,32.56,Needs Improvement
63,David Smith,90,10.99,96,4.4,10,238,2,10,6,7.3,9,42.99,Needs Improvement
64,Brendan Hughes,78,5.51,88,1.4,8,144,4,9,4,5.6,9,38.82,Needs Improvement
65,Tammy Smith,84,7.71,85,3.1,1,110,8,8,1,7.6,10,52.82,Needs Improvement
66,Brittany Daniel,65,9.51,94,2.3,8,288,5,6,5,3.5,7,26.67,Needs Improvement
67,Michael West,87,3.25,60,1.4,7,136,7,3,3,2.2,5,35.36,Needs Improvement
68,Gregory Johnson,43,1.07,98,3.0,5,61,9,2,8,6.8,5,53.45,Needs Improvement
69,Nathaniel Gill,45,14.55,53,2.7,0,19,1,1,10,9.7,6,23.16,Needs Improvement
70,Danielle Morris,75,5.49,52,1.2,1,9,5,7,10,11.9,8,54.15,Needs Improvement
71,Sherry Taylor,41,2.23,86,1.0,8,37,7,3,1,10.5,2,43.69,Needs Improvement
72,Travis Clark,48,3.87,84,1.3,7,59,8,9,5,4.0,3,36.14,Needs Improvement
73,Danielle Reed,60,3.61,68,3.7,9,61,4,9,10,5.9,8,48.68,Needs Improvement
74,Kimberly Ortega,71,7.48,87,3.2,0,152,1,1,7,7.3,5,52.4,Needs Improvement
75,Christina Stephens,79,4.21,88,1.5,5,66,7,3,8,8.9,4,57.58,Needs Improvement
76,Cynthia Klein,91,11.38,76,4.2,5,96,5,7,1,2.3,6,45.22,Needs Improvement
77,Dr. Deborah Alexander,41,11.67,59,2.4,5,158,4,8,4,6.0,8,21.27,Needs Improvement
78,Debra Miller,51,11.81,76,3.6,2,291,10,5,4,3.8,10,37.17,Needs Improvement
79,Johnny Lopez,79,9.17,57,2.7,9,217,8,2,9,4.6,8,38.04,Needs Improvement
80,Megan Dillon,95,1.32,91,4.1,9,50,8,9,6,11.1,1,83.69,Excellent
81,Edwin Simmons,85,4.3,75,4.4,5,0,6,7,3,7.9,5,67.19,Average
82,David Smith,49,12.24,75,2.3,3,24,10,6,2,6.7,2,36.84,Needs Improvement
83,Stephen Smith,66,7.33,92,1.1,10,178,6,8,9,7.0,6,34.15,Needs Improvement
84,David Brown MD,65,1.18,70,3.1,0,83,9,1,4,6.1,8,60.38,Average
85,Sara Gonzales,88,5.19,81,1.3,6,210,1,8,3,2.7,3,48.96,Needs Improvement
86,Peter Collins,67,7.74,79,3.2,3,263,7,7,3,5.7,10,35.11,Needs Improvement
87,Jack Quinn,58,10.02,82,1.1,1,7,1,9,7,4.5,7,31.0,Needs Improvement
88,Timothy Rivera,42,13.42,77,2.0,1,290,8,8,4,11.4,6,52.58,Needs Improvement
89,Charlotte Sullivan,60,6.69,97,1.3,9,262,1,7,5,2.3,3,22.55,Needs Improvement
90,Jennifer Kelly,41,13.75,54,2.4,9,194,7,7,4,8.2,6,30.72,Needs Improvement
91,Benjamin Williamson,69,6.08,93,1.9,9,279,1,10,8,11.9,7,52.25,Needs Improvement
92,Emily Bolton,90,8.17,58,3.2,8,200,6,6,4,3.3,2,49.64,Needs Improvement
93,Susan Simmons,62,10.56,55,4.7,4,41,4,9,6,2.7,5,41.87,Needs Improvement
94,Steven Kennedy,62,2.49,71,1.5,8,286,6,8,2,8.0,9,45.36,Needs Improvement
95,Anthony Rodriguez,92,3.46,94,4.4,4,189,10,2,6,9.4,3,82.55,Excellent
96,Troy Johnson,68,6.45,89,2.7,3,112,7,8,3,11.5,7,61.55,Average
97,Michael Brown PhD,86,14.36,71,3.9,0,249,4,4,3,8.0,1,74.86,Average
98,Mr. Matthew Pace,73,9.73,51,1.4,8,295,1,1,9,9.0,8,25.31,Needs Improvement
99,Jasmine Mathews,81,7.44,84,4.3,4,107,3,6,2,3.0,5,40.56,Needs Improvement
100,Katherine Navarro,55,13.22,57,3.6,0,214,5,6,6,11.8,2,60.32,Average
101,Andrea Johnson,64,10.05,75,1.2,9,46,10,7,1,3.8,5,12.1,Needs Improvement
102,Jane Martinez,54,10.76,58,1.8,7,214,2,4,7,6.6,10,15.6,Needs Improvement
103,Meagan Lane,78,1.52,80,2.5,1,130,5,8,10,9.2,7,73.52,Average
104,Jeffrey Castillo,68,10.26,62,3.5,9,107,2,7,3,10.7,7,25.33,Needs Improvement
105,Anna Copeland,52,8.41,81,4.7,10,38,4,1,5,6.8,8,22.36,Needs Improvement
106,Scott Spencer,69,6.85,88,3.1,0,176,3,8,2,5.0,5,49.74,Needs Improvement
107,Dalton Huffman,64,4.88,95,1.2,0,139,10,5,5,2.9,6,55.57,Needs Improvement
108,Anthony Thomas,73,3.34,53,1.9,3,62,6,5,3,7.1,10,40.24,Needs Improvement
109,Brian Garcia,82,3.47,75,1.1,9,258,8,6,5,2.6,7,43.6,Needs Improvement
110,Kevin Bailey,56,3.15,81,2.9,7,88,9,4,5,2.9,9,30.95,Needs Improvement
111,Kevin Anderson,95,4.72,77,2.9,2,225,10,9,8,11.3,2,81.03,Excellent
112,Mary Bowers,47,10.74,97,3.0,5,36,5,1,2,7.0,3,28.45,Needs Improvement
113,Spencer Russell,97,9.0,89,3.7,10,236,1,6,8,10.0,8,47.03,Needs Improvement
114,William Davis,87,10.92,92,2.0,4,169,4,6,7,10.8,10,47.13,Needs Improvement
115,Felicia Morris,96,1.41,72,1.0,10,157,7,2,4,7.6,7,44.48,Needs Improvement
116,Elizabeth Haney,79,4.64,73,4.3,5,73,9,2,5,3.0,4,41.06,Needs Improvement
117,Antonio Sanchez,59,10.63,99,4.8,0,11,6,1,10,6.7,6,52.17,Needs Improvement
118,Scott Bowen,89,14.86,96,4.9,3,250,3,4,7,2.7,1,56.13,Needs Improvement
119,Jeffrey Hobbs,45,6.21,81,4.1,9,25,2,2,4,6.3,9,24.67,Needs Improvement
120,Erika Robinson,68,5.18,81,1.3,3,21,3,1,8,6.3,5,35.92,Needs Improvement
121,Nicole Daniels,86,6.88,69,2.6,8,256,10,6,2,4.1,1,45.36,Needs Improvement
122,James Cobb,54,7.6,76,4.9,8,144,5,8,2,9.6,3,61.62,Average
123,Marc Miller,68,2.84,73,4.7,2,45,9,7,1,8.1,4,63.55,Average
124,Nicole Jones,96,3.25,71,3.3,4,71,1,8,5,2.7,2,53.21,Needs Improvement
125,Mr. Michael Anderson,85,14.65,87,2.2,8,288,6,9,8,9.2,3,50.66,Needs Improvement
126,Michelle Gilmore,96,8.99,64,3.0,5,91,4,1,10,9.8,2,52.93,Needs Improvement
127,Luke Cobb,99,2.01,82,1.4,0,76,4,10,6,5.2,6,73.66,Average
128,Sherry Baker,89,12.5,91,1.7,0,122,6,9,6,8.2,9,56.67,Needs Improvement
129,Benjamin Bray,89,14.09,57,3.9,3,110,7,4,4,8.0,6,56.16,Needs Improvement
130,Andrew Mcintyre,80,3.3,63,1.3,5,11,7,9,3,4.2,7,35.17,Needs Improvement
131,Caroline Dominguez,85,5.72,57,4.5,4,182,3,2,6,9.2,6,60.07,Average
132,Sherry Rivera,98,10.1,59,2.6,5,206,1,7,1,10.7,10,33.33,Needs Improvement
133,Ashley Brown,100,12.85,86,2.4,3,151,2,1,3,7.8,4,45.24,Needs Improvement
134,Keith Brown,75,13.23,83,4.2,6,242,3,10,6,5.6,3,49.21,Needs Improvement
135,Peter Kim,84,7.52,70,3.9,2,281,8,4,7,8.3,2,75.41,Average
136,Catherine Tran,84,7.12,96,3.4,6,83,2,7,6,8.5,9,47.93,Needs Improvement
137,Anna Curry,96,6.59,84,3.6,0,163,7,10,3,6.4,10,76.8,Average
138,Megan Harmon,80,7.03,69,3.4,0,63,6,4,9,8.1,5,59.21,Needs Improvement
139,Antonio Cameron MD,51,7.64,98,3.8,7,155,6,4,2,11.9,9,52.19,Needs Improvement
140,Mary Robinson,68,9.96,84,2.8,4,58,5,1,1,7.8,10,31.35,Needs Improvement
141,Jose Glover,59,14.81,73,3.7,1,216,2,9,7,6.5,2,53.77,Needs Improvement
142,David Montgomery,62,1.42,94,1.6,1,233,7,8,2,3.9,7,47.2,Needs Improvement
143,Sierra Hunt,47,3.19,87,4.5,5,174,2,1,7,11.8,10,54.18,Needs Improvement
144,Andre Newman,88,1.43,57,4.2,3,288,1,3,5,8.7,9,62.89,Average
145,Judy Scott,65,5.88,51,5.0,5,62,9,1,9,11.9,9,53.19,Needs Improvement
146,Richard Reilly,50,13.3,87,2.3,5,18,6,2,2,10.8,7,27.31,Needs Improvement
147,Melissa Rivera,58,13.16,50,1.5,5,88,5,1,10,6.0,5,23.57,Needs Improvement
148,Shaun Gomez III,72,4.33,98,2.8,5,266,3,8,10,9.6,9,52.09,Needs Improvement
149,Cheryl Bass,42,8.59,57,3.1,5,116,10,9,5,6.0,5,40.53,Needs Improvement
150,Eric Martin,82,11.71,55,4.0,10,20,7,7,5,11.0,9,27.43,Needs Improvement
151,Mary Reid,75,13.98,64,1.8,5,274,2,4,5,4.8,3,26.37,Needs Improvement
152,David Brown,69,11.03,98,4.9,9,262,10,7,7,5.0,1,60.46,Average
153,Robert Brooks,81,3.59,85,2.7,5,262,6,1,8,7.3,7,57.74,Needs Improvement
154,Christy Bailey,67,4.19,58,3.6,7,120,10,8,8,5.5,10,55.72,Needs Improvement
155,David Jackson,66,11.93,99,3.9,3,59,7,10,9,3.0,4,50.25,Needs Improvement
156,Jacqueline Tucker,44,3.35,84,4.5,0,118,5,1,6,2.2,3,47.97,Needs Improvement
157,Alice Ortiz,67,3.89,60,1.9,8,253,9,2,3,8.0,2,41.27,Needs Improvement
158,Jessica Mendoza,78,11.14,60,5.0,2,67,10,6,10,11.1,4,60.66,Average
159,Cameron Bush,79,10.03,85,1.8,7,69,9,7,4,6.4,2,42.4,Needs Improvement
160,Raven Young,71,8.56,87,3.4,2,299,10,3,6,8.7,7,65.8,Average
161,Troy Jordan,83,10.27,66,5.0,6,285,4,8,6,7.6,4,60.8,Average
162,Joanna Reed,86,3.81,65,2.6,8,54,1,8,4,6.7,7,40.77,Needs Improvement
163,Rachel Williams,67,14.64,54,3.9,7,120,5,4,6,4.6,8,17.75,Needs Improvement
164,Wanda Willis,55,8.1,83,1.3,3,150,2,2,9,2.9,9,25.01,Needs Improvement
165,Lisa Sullivan,48,8.14,52,2.6,6,153,4,2,7,3.6,6,22.65,Needs Improvement
166,Ariana Simmons,76,6.47,61,4.7,9,165,2,3,8,7.3,6,42.39,Needs Improvement
167,Kristina Ramsey,42,12.06,63,1.3,4,162,2,2,3,5.5,4,21.67,Needs Improvement
168,Martin Craig,41,2.86,82,4.7,0,109,6,4,3,11.5,6,70.89,Average
169,Anthony Smith,64,10.33,83,1.3,1,24,4,4,2,4.8,6,22.42,Needs Improvement
170,Bernard Brady,70,1.86,68,1.8,8,129,2,8,9,6.3,9,43.69,Needs Improvement
171,Lynn Davis,74,2.04,77,2.2,2,262,1,4,4,12.0,1,70.21,Average
172,Kenneth Russell,68,9.73,87,2.7,4,115,3,7,6,10.3,5,49.03,Needs Improvement
173,Elizabeth Oneal,100,11.77,51,1.5,4,245,6,5,10,8.8,8,37.92,Needs Improvement
174,Samantha Rich,60,12.68,94,4.9,1,172,4,1,3,4.7,5,47.43,Needs Improvement
175,Briana Vargas,91,4.72,75,1.5,1,51,2,8,3,5.8,4,51.93,Needs Improvement
176,Matthew Phillips,81,13.49,90,1.4,7,128,2,1,10,11.3,8,37.61,Needs Improvement
177,Melissa Wilson,60,12.55,83,2.5,5,199,1,1,7,7.2,3,31.79,Needs Improvement
178,Jonathan Brooks,47,2.19,92,3.6,2,151,1,5,4,9.4,10,53.72,Needs Improvement
179,William Reese,70,5.15,60,4.9,2,27,3,10,5,7.5,6,55.87,Needs Improvement
180,Jesus Richardson,77,2.16,97,4.9,7,255,8,9,9,5.8,2,84.01,Excellent
181,Ann Hendricks,42,2.7,53,4.1,8,216,10,7,2,5.2,4,54.33,Needs Improvement
182,Elizabeth Conner,70,8.29,81,3.6,10,9,1,8,2,4.2,9,29.86,Needs Improvement
183,Leah Chandler,79,7.05,74,1.7,3,212,3,1,8,11.9,10,50.16,Needs Improvement
184,Diane Mcmahon,88,4.62,96,2.0,4,125,8,8,7,3.8,6,57.87,Needs Improvement
185,Michelle Oconnell,61,14.79,71,3.2,1,257,5,4,2,4.1,3,38.21,Needs Improvement
186,Roger Johnson,61,8.59,82,3.0,5,18,7,7,9,9.6,8,42.36,Needs Improvement
187,Rachel Rodriguez,81,8.81,57,2.0,4,2,1,4,8,3.9,10,13.83,Needs Improvement
188,David Nash,60,11.26,88,3.5,1,111,9,4,4,2.1,10,41.0,Needs Improvement
189,Jeremy Hernandez,97,1.49,66,1.0,8,19,3,7,6,10.8,5,49.51,Needs Improvement
190,Julie Gutierrez,43,11.11,73,1.9,9,292,6,5,6,9.0,5,27.81,Needs Improvement
191,Crystal Ross,49,9.67,53,1.7,3,272,7,7,4,7.1,3,44.54,Needs Improvement
192,James Crawford,94,10.84,73,3.7,1,158,3,1,3,2.6,10,32.17,Needs Improvement
193,Brett Simpson,77,3.94,85,3.1,3,182,1,7,1,2.9,4,54.97,Needs Improvement
194,Jacob Hill,93,10.0,66,3.6,3,239,6,7,9,11.5,5,75.23,Average
195,Katrina Hill,96,8.92,59,2.3,10,112,6,6,1,11.3,3,51.12,Needs Improvement
196,Jeffrey Dixon,68,7.46,69,4.2,9,191,5,4,6,8.3,7,41.9,Needs Improvement
197,Robert Jacobs,78,7.95,50,4.1,3,296,6,9,4,8.6,4,61.27,Average
198,Jason Alvarado,53,4.49,65,2.5,9,216,6,9,4,2.3,4,29.55,Needs Improvement
199,Dana Brown,57,13.69,70,3.1,0,6,6,2,8,7.5,8,38.83,Needs Improvement
200,Steven Hudson,81,12.59,63,3.9,9,20,2,5,3,9.3,5,32.32,Needs Improvement
201,Daniel Gonzales,63,5.74,100,4.9,8,160,2,5,4,6.2,9,44.98,Needs Improvement
202,Kelly Brown,56,14.73,83,2.6,10,168,7,6,1,7.4,6,29.55,Needs Improvement
203,Mr. Elijah Ayala,85,7.42,50,2.7,4,1,6,9,2,3.0,3,43.55,Needs Improvement
204,Sara Wolfe,63,12.02,87,4.2,9,98,3,1,7,10.7,10,41.37,Needs Improvement
205,James Kerr,43,11.59,71,1.1,7,212,6,4,9,7.6,10,28.87,Needs Improvement
206,Emma Arnold,95,7.5,57,2.1,9,226,6,7,4,6.5,2,56.93,Needs Improvement
207,Anne Diaz,82,11.86,100,1.8,9,7,8,9,4,4.8,8,26.51,Needs Improvement
208,Traci Crosby,87,13.56,67,1.6,3,267,2,7,3,5.6,2,49.22,Needs Improvement
209,Destiny Brown,82,14.77,82,3.4,6,7,5,5,4,10.0,6,35.28,Needs Improvement
210,Colin Ford,40,6.85,70,3.9,1,259,6,10,7,3.3,5,60.27,Average
211,Sarah Greene,64,2.3,53,3.9,1,153,5,3,9,10.2,2,73.18,Average
212,Justin Rangel,96,7.6,96,3.6,8,212,8,2,6,10.3,10,53.72,Needs Improvement
213,Tammy Martin,87,10.97,75,1.4,4,162,4,2,9,9.4,2,53.41,Needs Improvement
214,Larry Herrera,87,9.08,66,4.4,10,270,3,1,4,9.4,2,56.02,Needs Improvement
215,Christina Thomas,41,5.41,77,3.7,5,200,4,1,8,2.7,3,39.53,Needs Improvement
216,Michael Barry,77,6.05,70,1.1,4,141,4,1,7,10.1,2,60.67,Average
217,Kevin Harrison,90,13.7,76,3.2,10,45,6,4,5,7.5,3,40.99,Needs Improvement
218,Randall Clements,98,6.92,74,2.7,9,101,7,6,9,4.9,3,46.0,Needs Improvement
219,Cody Jefferson MD,42,11.56,58,4.4,6,205,9,7,9,4.8,4,42.99,Needs Improvement
220,Maria Jones,100,1.96,66,2.0,0,88,5,3,9,5.0,9,51.96,Needs Improvement
221,Brooke Stewart,43,1.9,77,4.4,8,124,6,9,8,3.9,7,51.53,Needs Improvement
222,Brian Miller,87,1.49,84,2.1,1,254,5,5,4,4.2,1,70.66,Average
223,Jesse Sharp,92,2.31,58,3.7,0,215,1,8,7,6.3,6,76.57,Average
224,Justin Roman,80,5.77,78,1.7,4,37,4,9,3,4.4,7,38.02,Needs Improvement
225,Eric Williams,67,2.46,71,4.1,2,193,8,2,7,11.8,8,68.08,Average
226,Thomas Hale,64,1.04,61,3.4,10,135,3,10,1,6.5,1,50.71,Needs Improvement
227,Jason Brooks,74,3.75,84,2.8,3,176,6,1,1,4.2,4,49.1,Needs Improvement
228,Tara Hernandez,60,7.14,91,2.2,8,264,8,5,1,8.2,8,38.23,Needs Improvement
229,Gina Marshall,60,5.83,88,3.3,6,191,3,1,8,6.2,8,41.16,Needs Improvement
230,Luke Orr,51,10.44,82,4.3,6,249,5,8,9,8.4,7,53.33,Needs Improvement
231,Andrew Jenkins,69,4.61,72,1.2,3,145,2,4,1,6.6,2,46.04,Needs Improvement
232,Tony Smith,79,11.52,82,2.6,2,142,9,7,2,8.7,9,46.81,Needs Improvement
233,Sarah Huff,49,6.07,60,3.4,1,50,6,9,9,3.5,3,47.35,Needs Improvement
234,Colleen Perry,41,8.42,52,3.1,7,257,1,9,3,6.5,7,30.79,Needs Improvement
235,Melissa Cline,84,6.59,86,1.5,0,126,9,7,8,8.5,5,64.78,Average
236,Jose Gonzalez,74,2.09,58,2.2,9,29,2,3,3,10.6,9,41.81,Needs Improvement
237,Jimmy Sims,62,5.46,97,1.0,10,117,4,1,8,5.7,8,25.25,Needs Improvement
238,Emily Bentley,76,13.46,50,4.8,2,156,10,2,3,5.4,1,46.86,Needs Improvement
239,Amber Gonzalez,88,10.48,54,3.1,3,203,6,1,4,3.7,2,41.28,Needs Improvement
240,Emily Sellers,98,8.45,94,2.5,10,233,3,2,6,9.6,5,48.02,Needs Improvement
241,James Smith,69,2.82,86,4.8,4,34,7,6,4,11.9,9,67.32,Average
242,Ashlee Baker,84,14.59,71,3.2,4,161,6,5,7,6.4,10,38.02,Needs Improvement
243,Charles Huffman,73,4.63,100,1.7,4,20,7,4,3,3.7,8,36.06,Needs Improvement
244,Joshua Erickson,100,14.91,67,3.5,8,151,10,3,5,9.3,8,43.99,Needs Improvement
245,Jamie Mason,67,12.94,86,3.2,2,63,5,2,6,7.3,6,42.58,Needs Improvement
246,Paula Lara,67,1.81,69,2.9,9,11,6,1,3,6.6,4,35.54,Needs Improvement
247,Cindy Lewis,71,7.89,85,2.1,0,215,7,9,3,7.8,3,66.55,Average
248,Robert Freeman,67,12.59,96,3.3,2,47,9,8,4,2.0,1,54.11,Needs Improvement
249,Rachel Edwards,88,5.18,57,1.2,5,12,7,2,6,8.9,3,42.27,Needs Improvement
250,Tracy Collier,60,6.02,51,2.3,2,183,9,3,3,4.0,10,36.01,Needs Improvement
251,Kathleen Baker,88,2.26,79,1.1,0,291,9,5,1,2.7,8,57.31,Needs Improvement
252,James Moss,74,9.59,89,2.6,1,259,6,3,8,3.1,2,55.87,Needs Improvement
253,Sarah Dennis,84,14.37,87,2.2,7,144,7,2,10,4.4,6,22.21,Needs Improvement
254,Ronnie Moyer,99,13.09,52,4.2,7,54,6,7,5,10.4,1,51.1,Needs Improvement
255,Paul Johnson,80,4.07,62,3.4,4,274,9,9,6,3.9,7,44.23,Needs Improvement
256,Rodney Sherman,49,12.5,69,3.7,1,52,8,6,4,3.4,7,35.05,Needs Improvement
257,Jessica Mendoza,47,4.8,80,2.1,1,247,2,9,1,5.2,1,52.45,Needs Improvement
258,Matthew Harmon,71,9.31,66,1.3,1,263,9,6,5,11.4,9,55.83,Needs Improvement
259,Denise Stewart,40,2.82,58,4.4,3,99,2,3,3,11.1,8,48.64,Needs Improvement
260,Christian Weber,72,14.02,74,3.8,9,174,7,5,5,10.8,5,53.28,Needs Improvement
261,Samantha Jones,72,4.9,60,4.8,8,93,9,5,4,9.8,5,56.35,Needs Improvement
262,Amber Kelley,87,6.39,90,2.9,1,255,3,9,7,9.7,2,77.91,Average
263,Rebecca Brooks,76,12.51,80,3.9,8,165,6,8,6,4.2,7,28.47,Needs Improvement
264,Brandi Schroeder,63,14.03,85,4.0,5,148,8,6,6,7.8,5,51.83,Needs Improvement
265,Hannah Roberts,99,1.6,62,1.2,5,53,10,5,5,8.9,5,60.0,Average
266,Mark Durham,74,7.9,96,2.3,5,23,9,4,10,7.2,6,49.63,Needs Improvement
267,Benjamin Robertson Jr.,40,5.37,77,2.1,0,103,10,6,5,2.8,9,38.01,Needs Improvement
268,Adam Ford,71,5.65,74,4.1,9,6,4,9,5,8.5,7,41.81,Needs Improvement
269,Robin Ortiz,75,12.86,58,3.2,7,224,7,9,8,6.6,6,43.09,Needs Improvement
270,Ashley Johnson,73,7.78,64,1.2,9,3,10,8,9,4.4,8,26.33,Needs Improvement
271,Pamela Barrett DDS,71,10.11,60,4.9,5,232,1,10,7,3.4,10,35.92,Needs Improvement
272,Tammy Armstrong,58,3.06,57,3.5,10,48,4,6,8,9.2,9,40.13,Needs Improvement
273,Adam Mckenzie,86,1.85,95,1.2,0,4,4,4,9,6.5,6,50.71,Needs Improvement
274,Taylor Boyd,73,4.39,70,4.8,5,293,6,2,10,3.8,3,57.14,Needs Improvement
275,Ryan Thomas,69,13.1,57,1.8,10,107,1,1,2,10.5,6,16.2,Needs Improvement
276,Tanya Cline,99,14.93,75,3.1,10,88,2,3,7,2.7,6,13.49,Needs Improvement
277,Kayla Gonzales,57,14.74,53,4.3,10,124,2,1,5,11.5,2,26.37,Needs Improvement
278,Frank Martin MD,47,11.82,85,2.0,0,38,1,4,8,9.6,6,41.93,Needs Improvement
279,Aaron Miller,83,1.17,59,4.1,9,254,5,8,10,5.2,2,70.0,Average
280,Christopher Davis,61,7.0,78,2.9,9,227,9,6,8,11.9,2,61.65,Average
281,Mary Brown,90,7.93,74,4.0,0,116,3,3,1,6.4,10,55.53,Needs Improvement
282,Allen Riley,91,6.41,76,2.7,0,113,1,10,10,11.2,4,72.34,Average
283,Christopher Morales,62,8.08,60,4.0,4,192,1,6,2,8.8,9,42.41,Needs Improvement
284,Brandon Higgins,50,8.89,70,3.1,9,108,7,7,7,10.5,5,45.09,Needs Improvement
285,James Gaines,60,11.68,72,2.9,1,115,8,9,3,7.9,9,39.08,Needs Improvement
286,Teresa Williams,74,8.1,52,1.4,10,39,4,2,8,5.5,4,13.99,Needs Improvement
287,Whitney Thomas,42,8.22,98,3.2,7,115,7,5,5,9.7,9,37.55,Needs Improvement
288,Jason Lewis,45,1.76,59,1.8,6,84,4,3,3,2.5,4,26.58,Needs Improvement
289,David Ray,67,5.34,100,3.7,8,29,5,9,3,3.8,6,35.72,Needs Improvement
290,William Moore,61,6.5,70,1.6,10,286,10,10,2,9.8,9,40.21,Needs Improvement
291,Lauren Schneider,56,14.33,59,2.9,0,47,4,9,5,7.6,1,56.65,Needs Improvement
292,Stacey Browning,75,14.61,73,1.6,6,197,1,7,10,9.3,9,46.05,Needs Improvement
293,Kelly Bird,56,1.43,90,1.8,5,261,4,4,5,10.6,1,68.24,Average
294,Natalie Jenkins,94,8.69,66,2.5,3,31,4,2,1,2.3,4,42.17,Needs Improvement
295,Shelley Butler,74,1.16,82,4.9,6,215,3,6,9,7.3,8,64.06,Average
296,Mr. Julian Dyer,66,7.75,89,1.7,2,146,10,9,4,8.8,7,55.14,Needs Improvement
297,Karen Duran,41,13.2,100,3.0,7,6,8,7,3,10.5,7,33.8,Needs Improvement
298,Courtney Smith,88,1.28,60,1.8,0,96,5,9,5,2.7,1,63.6,Average
299,Guy Hodge,89,7.06,68,3.7,10,46,7,4,1,8.4,6,38.1,Needs Improvement
300,Nicole Valdez,62,6.86,78,1.4,7,201,9,9,8,2.7,10,33.21,Needs Improvement
301,Meagan Parker,56,2.44,54,4.9,8,81,10,4,9,4.0,1,44.96,Needs Improvement
302,Jennifer Kent MD,49,8.24,84,2.1,7,73,6,6,10,8.0,7,32.77,Needs Improvement
303,Ronald Russo,66,2.06,87,1.3,8,147,3,4,3,8.5,5,46.97,Needs Improvement
304,Patrick Evans,72,10.41,55,2.3,3,58,2,4,1,3.2,9,12.18,Needs Improvement
305,Alan Lewis,49,9.57,71,4.8,4,247,6,4,2,5.7,1,52.65,Needs Improvement
306,Crystal Wong,88,8.59,68,4.8,3,72,10,6,6,3.0,2,59.04,Needs Improvement
307,Amber Chen,66,7.07,84,4.6,4,126,9,4,9,6.4,3,71.84,Average
308,Cindy Freeman,96,10.39,99,3.9,7,38,1,5,7,2.5,4,46.49,Needs Improvement
309,Christy Kelley,86,1.41,82,1.9,4,298,2,8,2,9.3,10,67.9,Average
310,Melissa Gilbert,69,14.32,59,4.5,2,163,8,3,10,7.1,7,54.87,Needs Improvement
311,Olivia Forbes,95,14.83,57,1.3,9,208,9,6,9,5.3,1,37.16,Needs Improvement
312,Susan Horton,95,12.02,51,3.5,10,122,6,10,8,6.4,5,42.89,Needs Improvement
313,Jennifer Graham,54,1.9,83,3.0,10,185,9,4,6,7.0,6,51.31,Needs Improvement
314,Pamela Carpenter,77,10.17,50,4.7,4,132,1,10,5,9.5,3,52.16,Needs Improvement
315,Daniel Mcclure,84,12.57,68,1.4,4,128,4,8,10,7.4,5,40.55,Needs Improvement
316,Nicholas Hill,63,12.05,95,4.7,4,35,10,1,10,4.7,1,53.32,Needs Improvement
317,Robert Myers,88,2.44,58,1.3,2,38,6,9,6,9.9,7,60.58,Average
318,Anna Hurst,42,6.8,71,2.2,4,86,4,7,1,9.4,5,41.79,Needs Improvement
319,Elizabeth Romero,41,8.45,93,3.1,5,245,1,1,10,10.8,10,36.44,Needs Improvement
320,Nancy Gallegos,75,2.66,91,3.4,6,246,6,3,6,4.2,8,49.72,Needs Improvement
321,Katherine Nelson,47,14.81,58,2.7,0,18,3,10,8,9.0,1,42.95,Needs Improvement
322,Wayne Elliott,52,13.19,83,1.1,0,244,7,8,10,7.1,5,43.74,Needs Improvement
323,Katherine Love,65,13.54,56,4.1,6,192,1,1,9,8.7,3,47.48,Needs Improvement
324,Ashley Salas,71,11.0,65,1.0,8,119,8,1,9,10.7,9,32.41,Needs Improvement
325,Crystal Hill,90,2.78,90,3.1,2,146,2,9,3,2.1,9,51.42,Needs Improvement
326,Valerie Garcia,96,11.4,64,1.3,8,48,2,2,6,6.3,10,19.8,Needs Improvement
327,Nicholas Mcbride,68,7.25,52,2.4,7,58,7,4,4,2.5,2,28.01,Needs Improvement
328,Heather Newman,67,9.85,83,4.1,8,135,9,10,10,9.8,7,67.13,Average
329,Diamond Johns,71,8.25,66,1.1,2,191,7,9,6,9.5,1,65.04,Average
330,Mario Sims,60,10.16,85,4.4,4,61,10,10,6,5.9,8,43.86,Needs Improvement
331,Steve Brooks,98,3.6,94,1.9,9,299,1,10,2,3.3,3,54.12,Needs Improvement
332,Susan Bonilla,71,7.04,87,3.1,2,165,3,1,5,8.9,4,61.94,Average
333,Kimberly Boyer,46,4.7,88,4.1,3,278,7,6,8,2.9,5,53.81,Needs Improvement
334,Sabrina Parker,47,1.44,71,1.1,4,95,3,5,8,10.6,6,49.83,Needs Improvement
335,Jason Morris,64,13.57,89,3.9,6,103,6,2,2,9.5,1,43.44,Needs Improvement
336,Christie Rogers,87,12.57,61,2.3,10,60,10,3,3,7.7,1,35.32,Needs Improvement
337,Christopher Hughes,74,1.31,70,4.1,10,290,6,6,8,8.2,4,68.36,Average
338,Leslie Andrade,55,6.81,59,2.6,3,60,3,2,10,3.4,9,35.14,Needs Improvement
339,Jeremy Gardner,59,8.97,72,4.7,1,182,5,5,3,6.4,2,65.45,Average
340,Daniel Bradley,59,14.16,63,1.2,10,188,2,7,6,5.7,7,12.82,Needs Improvement
341,Larry Sanchez,50,3.34,54,1.2,10,181,10,6,3,9.5,7,29.09,Needs Improvement
342,Kathleen Lane,51,1.59,99,3.7,1,111,1,7,8,10.0,6,71.53,Average
343,Eric Mcfarland,42,9.95,75,2.6,1,292,1,6,2,11.2,10,42.01,Needs Improvement
344,Jennifer Randolph,82,1.73,57,1.3,9,208,4,4,7,10.8,7,47.28,Needs Improvement
345,Julian Richards,55,13.08,96,3.7,10,180,7,8,9,12.0,4,55.07,Needs Improvement
346,Wesley Holland,70,14.63,57,4.8,4,221,4,7,5,11.8,1,56.01,Needs Improvement
347,Angela Robinson,56,12.94,79,2.2,10,97,2,7,10,4.3,4,18.47,Needs Improvement
348,Stacey Contreras,59,14.62,89,1.5,7,109,8,8,10,4.6,1,31.1,Needs Improvement
349,Manuel White DDS,75,10.44,81,4.9,9,85,4,2,6,10.6,8,41.77,Needs Improvement
350,Tara Payne,94,10.89,95,4.2,4,191,6,10,8,5.0,8,55.09,Needs Improvement
351,Jennifer Horton,74,1.04,72,1.3,6,222,10,9,7,2.6,8,41.91,Needs Improvement
352,Jessica Murillo,64,9.04,100,5.0,0,105,7,7,1,9.7,8,65.32,Average
353,Stanley Mcdonald,59,1.22,70,3.0,8,37,3,7,9,10.6,2,58.72,Needs Improvement
354,David Charles,98,11.67,89,1.8,0,228,6,3,9,7.1,6,54.75,Needs Improvement
355,Joshua Herman,43,14.58,57,2.5,10,190,6,8,5,4.8,3,20.42,Needs Improvement
356,Angela Cruz,61,9.45,87,4.9,7,184,6,3,10,5.7,1,51.96,Needs Improvement
357,Sarah Murray,98,12.83,54,1.7,8,126,9,5,10,7.2,6,38.81,Needs Improvement
358,Robert Hammond,81,12.1,69,2.5,0,272,8,10,8,11.2,7,75.7,Average
359,Nicole Contreras,85,9.54,75,4.1,6,228,1,9,7,6.9,2,67.68,Average
360,Megan Le,52,11.77,78,3.8,1,268,5,5,7,8.5,3,59.68,Needs Improvement
361,Megan Powell,91,10.38,59,4.1,4,179,1,9,4,11.3,1,69.69,Average
362,Ashley Terry,55,4.32,64,2.9,8,71,1,8,10,5.9,7,37.12,Needs Improvement
363,Joseph Marquez,82,10.12,82,1.9,4,55,6,6,2,5.2,3,49.72,Needs Improvement
364,Spencer Castro,74,6.86,73,1.1,2,62,8,3,7,4.7,1,48.37,Needs Improvement
365,Robert Morton,45,10.5,87,2.2,5,118,5,3,4,9.4,10,28.17,Needs Improvement
366,Brian Curry,52,1.14,81,3.2,3,246,3,10,3,3.4,8,55.04,Needs Improvement
367,David Payne,98,12.89,91,2.4,7,96,8,8,2,11.3,9,52.25,Needs Improvement
368,Perry Ramirez,70,3.11,63,2.8,1,66,10,8,6,8.6,10,55.1,Needs Improvement
369,James Andrade,59,11.55,59,1.7,7,4,3,10,1,2.1,9,1.61,Needs Improvement
370,Angela Newman,73,12.99,99,4.6,6,131,7,7,1,6.4,2,62.37,Average
371,Brianna Chan,69,14.16,70,2.7,0,115,6,5,1,3.2,10,31.45,Needs Improvement
372,Kayla Wright,85,9.85,73,1.5,4,69,1,7,4,7.8,5,31.35,Needs Improvement
373,Amber Taylor,67,13.22,89,3.6,2,39,2,10,9,11.4,8,56.05,Needs Improvement
374,Barry Sanchez,44,2.38,86,1.5,5,196,9,2,1,9.0,3,54.7,Needs Improvement
375,Kimberly Williams,69,13.09,93,1.4,9,204,8,6,10,9.9,7,38.59,Needs Improvement
376,Timothy Cunningham,86,3.02,80,1.2,0,277,8,5,1,4.5,10,56.76,Needs Improvement
377,Laura Banks,93,13.57,64,4.3,5,98,8,1,1,7.6,1,47.16,Needs Improvement
378,Matthew Guzman,84,12.77,95,1.7,7,142,6,1,5,4.0,6,32.08,Needs Improvement
379,Tiffany Carpenter,44,14.07,98,2.7,1,25,5,10,4,4.5,2,42.42,Needs Improvement
380,Jessica Quinn,53,12.83,56,2.7,6,18,3,1,3,5.5,4,17.34,Needs Improvement
381,Matthew Bennett,74,6.64,97,1.2,7,144,7,2,1,6.4,4,48.51,Needs Improvement
382,Diana Robinson,53,4.89,64,2.6,3,295,4,10,2,7.6,6,49.86,Needs Improvement
383,Timothy Wilson,47,8.03,92,2.0,6,44,2,8,7,11.3,3,39.58,Needs Improvement
384,Nathaniel Meyers,55,6.64,59,2.3,1,196,5,7,2,10.2,7,47.24,Needs Improvement
385,Brian Brown,44,1.11,95,1.4,6,5,10,2,8,7.5,9,42.97,Needs Improvement
386,Donna Edwards,87,13.38,52,4.3,10,95,4,4,1,9.3,5,23.22,Needs Improvement
387,Kathleen Noble,71,10.4,55,2.8,0,149,7,10,3,12.0,7,49.63,Needs Improvement
388,Christopher Holt,98,14.14,72,1.3,4,46,4,7,9,3.6,8,20.29,Needs Improvement
389,Karen Murray,87,7.19,59,4.6,8,93,7,9,9,8.6,4,57.07,Needs Improvement
390,Kristen Shepherd,50,1.33,70,4.8,6,208,2,9,10,11.3,1,74.61,Average
391,Melinda Powell,90,6.5,75,4.8,8,238,10,4,7,2.1,10,50.34,Needs Improvement
392,Dominique Elliott,47,13.66,96,3.1,7,11,1,1,8,4.6,8,7.32,Needs Improvement
393,Carol Green,44,2.26,85,2.8,4,150,10,7,4,6.9,5,57.5,Needs Improvement
394,Linda Mcintosh,86,8.42,68,1.9,4,63,5,7,4,7.5,9,48.51,Needs Improvement
395,Samantha Martinez,45,5.85,51,2.6,1,29,3,7,2,3.9,6,34.46,Needs Improvement
396,Amber Jones,91,5.37,58,1.9,2,37,6,4,9,3.4,4,44.8,Needs Improvement
397,Amanda Fernandez,89,6.56,69,3.6,10,164,6,10,4,4.7,2,50.2,Needs Improvement
398,Rebecca Walters,70,14.84,68,1.7,2,188,3,5,2,6.3,10,22.18,Needs Improvement
399,Julie Smith,41,9.66,73,3.3,6,244,8,1,7,3.0,7,31.01,Needs Improvement
400,Eric Diaz,41,9.43,53,1.4,9,295,2,3,3,8.8,1,23.12,Needs Improvement
401,Dr. Madison Taylor,93,9.44,65,1.0,5,29,4,6,9,2.2,10,15.71,Needs Improvement
402,Mr. Joel Larson,52,10.26,91,2.0,5,207,6,9,4,9.0,9,46.0,Needs Improvement
403,James Merritt,55,5.78,75,3.4,7,72,10,9,10,2.8,2,48.37,Needs Improvement
404,Carol Johnson,41,6.97,85,1.7,10,158,9,2,5,7.8,7,33.61,Needs Improvement
405,Shannon Clark,63,6.08,95,1.4,1,215,2,10,6,3.4,4,44.24,Needs Improvement
406,Patrick Cobb,84,10.51,67,3.3,6,122,5,4,5,8.3,7,45.87,Needs Improvement
407,Michael Mcclain,70,1.59,61,2.3,6,141,7,1,9,6.6,2,55.33,Needs Improvement
408,Gregory Hill,62,11.21,63,1.5,0,244,3,1,3,3.5,7,25.85,Needs Improvement
409,Christine Underwood,71,12.92,69,3.3,8,284,6,9,6,8.7,5,39.79,Needs Improvement
410,Timothy Baker,94,7.72,93,1.4,10,53,8,6,10,2.7,4,33.31,Needs Improvement
411,Rachel Price,85,7.49,96,2.3,1,7,3,1,3,9.4,5,62.11,Average
412,Megan Hartman,84,4.59,88,4.5,5,274,6,9,6,5.1,5,73.06,Average
413,Danny Schultz,84,12.9,68,1.9,7,297,10,3,10,5.0,9,34.23,Needs Improvement
414,Gloria Grant,70,1.93,60,3.6,10,10,6,2,3,8.9,4,38.12,Needs Improvement
415,Patricia Andersen,77,10.14,77,4.6,7,51,6,8,7,8.4,4,56.83,Needs Improvement
416,Michael Arellano,85,5.72,100,4.6,4,87,9,9,6,5.0,4,66.37,Average
417,Dale Warren,93,9.79,81,4.0,9,10,6,9,7,9.9,2,60.54,Average
418,Elizabeth Johnson,65,12.42,78,2.4,3,269,3,1,3,6.5,4,38.67,Needs Improvement
419,Stephanie Mitchell,68,13.22,95,4.5,2,105,5,6,4,6.0,7,56.08,Needs Improvement
420,Hannah Barnett,56,14.36,90,1.7,8,229,4,1,1,3.6,2,15.68,Needs Improvement
421,Mary Lane,43,11.28,92,3.8,3,0,7,2,9,3.0,8,34.46,Needs Improvement
422,Angela Kennedy DVM,89,8.42,92,3.3,8,145,3,4,5,2.8,10,27.33,Needs Improvement
423,Hannah Robertson,87,9.21,53,1.8,5,202,2,4,2,5.1,7,23.33,Needs Improvement
424,Joseph Erickson,65,14.59,94,2.6,7,151,6,3,5,6.2,5,36.89,Needs Improvement
425,Ruben Obrien,69,10.41,82,1.6,5,154,7,9,6,2.9,7,35.67,Needs Improvement
426,Monica Torres,92,7.16,88,2.5,5,273,3,7,2,5.8,5,46.7,Needs Improvement
427,Blake Sanders,97,7.2,80,4.3,3,209,4,1,2,10.0,6,52.45,Needs Improvement
428,Michael Austin,60,6.8,65,4.5,6,223,3,7,1,7.7,6,40.58,Needs Improvement
429,Alan Brown,71,12.55,54,4.1,10,250,7,10,7,6.4,3,40.67,Needs Improvement
430,Lisa Eaton,54,9.37,61,2.6,2,66,8,8,7,3.9,4,38.8,Needs Improvement
431,Danielle Watson,90,1.87,94,3.2,2,8,5,9,7,3.0,6,48.82,Needs Improvement
432,James Morrison,49,14.24,95,2.8,0,11,9,1,10,9.6,9,48.91,Needs Improvement
433,Douglas Kelly,75,6.01,92,3.8,4,24,2,2,9,2.6,8,36.32,Needs Improvement
434,Kara Gregory,79,10.14,77,2.3,8,5,8,7,5,3.0,6,14.79,Needs Improvement
435,Sheila Garcia,57,12.17,51,3.4,1,174,2,9,7,9.8,3,59.17,Needs Improvement
436,Madison Shelton,53,12.63,93,3.0,0,50,7,6,7,2.2,3,37.39,Needs Improvement
437,James Jordan,57,12.35,77,2.7,10,288,3,4,1,11.6,3,36.47,Needs Improvement
438,Jacob Morris,55,10.46,72,3.3,5,15,3,8,7,11.5,5,40.81,Needs Improvement
439,Megan Escobar,65,13.7,74,2.6,5,150,3,7,7,7.9,2,36.3,Needs Improvement
440,Jeffrey Lewis,96,3.78,76,3.3,1,87,3,8,3,5.5,2,69.45,Average
441,Tammy Levy,87,8.89,55,2.3,4,108,9,5,10,7.1,1,53.92,Needs Improvement
442,Debra Reyes,92,1.85,77,3.1,8,57,2,9,6,11.1,6,58.07,Needs Improvement
443,Amber Miller,45,1.34,63,1.4,2,224,8,3,2,9.1,4,58.0,Needs Improvement
444,Penny Davis,40,3.75,94,3.0,10,225,3,7,3,8.1,6,28.82,Needs Improvement
445,Andrea Roberts,90,4.58,91,1.7,1,235,8,7,2,5.1,6,60.22,Average
446,Austin Decker,80,2.14,88,3.9,9,29,9,4,2,4.8,4,51.27,Needs Improvement
447,William Hampton,100,12.37,64,2.5,7,8,9,10,4,4.7,3,50.27,Needs Improvement
448,Michael Davis,44,8.9,67,4.5,3,108,10,9,8,8.4,9,55.41,Needs Improvement
449,Gary Stanton,69,4.59,84,4.6,9,163,8,5,10,11.1,9,55.8,Needs Improvement
450,Ryan Jackson,95,14.04,88,4.9,6,150,10,3,5,9.7,9,59.7,Needs Improvement
451,Mary Bush,70,14.52,93,1.2,1,152,10,7,10,9.3,3,54.85,Needs Improvement
452,James Montgomery,93,5.39,54,1.9,10,143,8,9,4,10.0,7,37.93,Needs Improvement
453,Christian Chase,74,12.85,98,3.6,3,6,3,1,9,11.0,6,47.46,Needs Improvement
454,Catherine Cooper,67,9.4,68,4.5,6,154,10,2,4,3.5,8,34.11,Needs Improvement
455,Derek Savage,57,14.23,78,2.3,6,173,8,10,3,5.1,3,32.51,Needs Improvement
456,Mr. Jonathan Clayton,93,10.27,79,4.8,2,275,6,7,9,11.9,8,76.77,Average
457,Justin Diaz,95,10.06,84,4.5,5,236,8,7,1,6.8,6,64.12,Average
458,Shannon Morris,72,3.65,85,3.3,10,208,3,5,3,9.1,3,57.75,Needs Improvement
459,Tammy Maldonado,91,7.56,97,3.8,0,23,4,7,2,6.1,2,73.3,Average
460,Jennifer Davis,47,10.73,96,4.5,1,188,4,1,1,2.6,9,41.58,Needs Improvement
461,Richard Murray,68,8.29,56,4.5,8,37,8,6,2,2.7,9,18.13,Needs Improvement
462,Kevin Carpenter,60,6.75,71,1.8,1,121,1,1,10,2.5,4,43.04,Needs Improvement
463,Shannon Ward,60,10.25,79,3.4,6,68,4,3,9,7.7,9,25.65,Needs Improvement
464,Manuel Myers,48,8.75,71,4.4,5,161,7,6,1,9.2,1,54.4,Needs Improvement
465,Brian Rodriguez,72,10.88,53,3.0,1,282,1,10,9,9.5,6,55.89,Needs Improvement
466,Stephanie White,89,3.66,98,2.6,1,181,1,5,7,10.2,1,77.3,Average
467,Manuel Nguyen,54,11.82,100,1.1,1,195,3,7,8,5.2,7,34.5,Needs Improvement
468,Matthew Hamilton,40,13.41,98,4.4,10,284,5,10,9,2.1,10,29.37,Needs Improvement
469,Stephen Collier,90,2.71,55,2.3,7,64,6,1,1,4.3,7,33.55,Needs Improvement
470,Charles Knight,94,4.13,79,2.8,10,211,3,9,10,3.1,2,44.91,Needs Improvement
471,Tyler Williams,94,14.91,87,2.3,8,206,8,6,3,8.3,3,45.74,Needs Improvement
472,Meghan Harmon,60,13.04,93,2.8,5,167,10,1,4,11.3,1,48.45,Needs Improvement
473,Michael Lambert,96,12.24,56,1.8,6,107,2,4,7,7.9,2,35.34,Needs Improvement
474,Donna Rodriguez,76,12.62,71,4.0,3,128,6,5,10,2.9,2,42.85,Needs Improvement
475,Frank Rhodes,45,6.79,72,4.8,6,43,10,1,4,3.8,9,31.37,Needs Improvement
476,Antonio Middleton,97,2.52,72,3.5,9,34,3,7,2,6.5,9,51.92,Needs Improvement
477,Duane Hill,62,11.44,81,3.8,10,104,1,4,6,5.6,7,24.59,Needs Improvement
478,Daniel Ramos,60,6.35,66,2.7,2,190,10,3,8,7.9,1,67.73,Average
479,Nicole Newton,85,7.6,51,2.5,1,198,9,7,6,2.7,10,42.22,Needs Improvement
480,Susan Mcconnell,76,6.05,87,1.8,7,119,1,1,8,11.1,2,48.94,Needs Improvement
481,Mary Taylor,71,7.77,73,2.2,0,272,5,2,8,9.1,5,65.28,Average
482,Kristen Murray,63,2.13,66,1.8,3,100,2,1,9,10.9,4,54.2,Needs Improvement
483,Megan Ballard,57,8.03,96,4.5,8,204,5,7,3,2.9,10,25.29,Needs Improvement
484,Brian Walker,67,9.74,81,3.0,1,297,3,1,1,6.3,8,38.89,Needs Improvement
485,Brenda Gallagher DDS,42,7.07,75,2.5,3,117,7,4,8,10.5,1,56.67,Needs Improvement
486,Lisa Ross,55,6.42,57,4.0,5,147,7,9,10,4.0,7,42.07,Needs Improvement
487,Timothy Williams,72,11.48,94,2.5,2,67,10,2,1,11.0,1,55.74,Needs Improvement
488,William Martin,73,10.33,70,1.8,3,65,10,9,7,4.4,7,45.16,Needs Improvement
489,Edwin Pierce,56,12.75,51,1.6,10,45,3,7,8,9.7,4,11.75,Needs Improvement
490,Sylvia Watts,83,10.08,55,3.0,3,277,2,4,6,8.0,3,48.67,Needs Improvement
491,Larry Brooks,79,7.63,97,3.3,3,154,5,5,7,10.5,3,72.61,Average
492,Matthew Reed,76,2.67,52,1.8,0,153,5,8,5,10.4,6,60.82,Average
493,Christopher Bell,47,14.0,84,2.2,6,13,10,6,7,4.6,9,22.88,Needs Improvement
494,Sharon Spencer,40,8.9,53,1.7,1,105,5,6,9,11.7,5,49.67,Needs Improvement
495,Daniel Parker,58,13.92,66,3.9,5,124,3,9,9,6.1,10,31.47,Needs Improvement
496,Sandra Carlson,49,12.38,97,1.7,9,252,6,2,5,10.1,2,27.57,Needs Improvement
497,Brandon Martin,69,14.06,73,2.6,8,128,10,6,6,2.4,6,27.21,Needs Improvement
498,Cheryl Proctor,97,1.7,100,4.0,7,50,10,8,8,5.4,6,68.01,Average
499,Taylor Ellison,60,4.94,88,2.9,10,17,8,9,4,10.4,10,42.27,Needs Improvement
500,Anita Cummings,91,6.29,91,3.3,10,278,2,9,4,6.2,7,41.85,Needs Improvement
501,Mrs. Tara Kane,68,11.07,56,2.8,4,257,2,1,5,2.4,3,27.23,Needs Improvement
502,Jason Martinez,57,5.65,73,3.5,4,176,2,10,10,10.7,8,63.17,Average
503,Michelle Franklin,64,4.99,68,3.7,2,278,6,1,8,6.2,9,56.45,Needs Improvement
504,David Malone,44,3.3,62,2.3,2,89,8,10,10,9.5,2,65.46,Average
505,Daniel Hernandez,50,11.41,67,2.5,5,257,5,7,10,10.5,7,52.16,Needs Improvement
506,Catherine Fleming,71,3.25,62,3.6,9,168,5,2,10,6.8,7,44.62,Needs Improvement
507,Samuel Martinez,79,6.63,84,2.2,3,197,1,4,10,11.4,7,56.46,Needs Improvement
508,Miguel Conway,84,7.2,88,1.8,6,122,4,8,5,5.2,10,26.93,Needs Improvement
509,John Campbell,76,5.23,82,1.3,4,243,6,8,3,3.3,2,46.46,Needs Improvement
510,Rodney Russell,81,7.0,82,1.9,8,199,5,3,10,2.3,6,40.09,Needs Improvement
511,Antonio Lyons DVM,54,1.89,68,2.0,9,3,2,8,4,11.8,2,45.49,Needs Improvement
512,Ivan Smith,100,12.91,92,4.8,8,225,9,4,9,3.3,2,62.62,Average
513,Michael Johnson,54,5.08,65,1.2,4,233,1,7,10,3.2,8,35.64,Needs Improvement
514,Harold Washington,78,1.23,87,4.2,3,58,9,4,7,4.6,1,73.03,Average
515,Lee Robinson,63,2.83,80,3.0,7,47,3,2,7,11.1,10,49.46,Needs Improvement
516,Thomas Thompson,54,7.21,65,2.9,3,194,6,1,6,10.6,2,57.8,Needs Improvement
517,Raymond Gonzalez,94,6.98,61,3.2,7,195,10,7,6,7.6,7,55.29,Needs Improvement
518,Austin Lopez,54,8.04,86,4.4,1,205,4,4,4,9.8,7,62.57,Average
519,John Roberts,96,3.33,53,2.5,1,54,10,10,9,3.8,5,55.85,Needs Improvement
520,Rebecca Miller,66,14.77,100,3.1,0,91,1,7,5,9.7,1,56.52,Needs Improvement
521,Samantha Schroeder,48,1.66,80,2.7,7,165,3,4,2,2.1,8,27.21,Needs Improvement
522,Katrina Watson,88,14.81,93,2.6,5,70,10,5,8,11.3,4,61.4,Average
523,Jeffrey Ramirez,59,8.66,74,4.8,7,276,2,6,9,4.8,1,47.59,Needs Improvement
524,Megan Diaz,42,11.22,94,3.0,6,171,2,5,8,11.7,7,42.82,Needs Improvement
525,Peter Stewart,45,5.69,62,2.4,8,274,3,8,7,7.7,10,32.98,Needs Improvement
526,Sarah Smith,56,1.34,51,2.8,3,18,1,5,7,10.7,6,52.68,Needs Improvement
527,Paula Cole,98,4.31,88,2.6,3,196,4,8,9,4.7,8,61.22,Average
528,Alicia Kennedy,96,10.35,67,2.5,7,202,3,7,1,11.0,9,53.27,Needs Improvement
529,Heidi Ellis,54,1.45,84,3.3,2,75,4,1,5,4.2,1,51.44,Needs Improvement
530,Jeffrey Davidson,71,10.08,71,2.8,10,219,2,7,1,7.7,8,26.17,Needs Improvement
531,David Forbes,93,13.96,83,2.5,1,37,9,9,8,11.7,3,73.06,Average
532,Tiffany Rasmussen,69,13.54,69,2.3,1,234,6,7,4,4.3,7,53.32,Needs Improvement
533,Brian Hughes,43,12.5,74,2.4,8,139,10,5,2,2.1,7,8.13,Needs Improvement
534,Scott Robertson,69,9.97,66,2.0,8,251,7,7,7,2.1,2,23.94,Needs Improvement
535,Juan Stevenson,77,14.81,100,1.8,5,177,5,2,3,11.4,6,39.6,Needs Improvement
536,Christopher Garcia,46,4.56,51,1.5,6,87,1,4,6,9.6,10,18.36,Needs Improvement
537,Daniel Franklin,48,4.04,68,1.6,5,3,8,3,3,6.4,5,32.86,Needs Improvement
538,Rachel Moreno,70,4.75,74,4.1,3,140,6,1,4,5.1,3,52.62,Needs Improvement
539,David Bryant,56,10.82,62,2.6,3,170,10,6,7,10.6,10,46.74,Needs Improvement
540,Terry Brown,52,13.81,82,2.6,5,127,3,3,8,5.3,7,18.81,Needs Improvement
541,Nancy Callahan,92,8.97,91,3.9,2,199,7,2,6,3.8,4,53.81,Needs Improvement
542,Monica Dixon,64,8.76,88,4.7,10,90,6,6,2,11.0,4,47.03,Needs Improvement
543,Lisa Stone,64,7.14,98,4.3,4,48,4,1,6,10.1,5,56.87,Needs Improvement
544,Nathan Smith,92,13.13,100,2.2,9,78,10,2,7,3.6,6,28.79,Needs Improvement
545,Jeffrey Griffith,77,3.04,77,3.1,8,91,5,7,4,8.3,10,38.68,Needs Improvement
546,Thomas Cox,46,2.9,87,2.5,1,52,10,3,9,11.3,6,68.18,Average
547,Monica Black,100,3.39,88,5.0,2,63,4,1,6,9.0,1,82.55,Excellent
548,Eric Rojas,40,8.2,84,3.6,6,280,6,4,3,4.1,2,48.29,Needs Improvement
549,Charles Hernandez,57,1.9,59,1.2,1,187,6,10,2,5.1,6,49.43,Needs Improvement
550,Joshua Conrad,87,6.04,59,3.6,9,188,5,10,6,5.1,10,43.03,Needs Improvement
551,Robert Smith,47,5.8,64,3.6,0,143,5,3,4,9.2,8,51.39,Needs Improvement
552,Brian Kennedy,41,10.39,87,3.0,10,173,9,8,8,6.5,7,35.19,Needs Improvement
553,Theresa Reynolds,77,2.43,100,3.5,4,247,4,8,10,8.1,2,83.02,Excellent
554,Tamara Todd,54,10.57,59,3.3,3,83,6,5,6,11.5,9,32.79,Needs Improvement
555,James Walton,79,2.75,87,1.2,5,158,5,1,9,5.5,8,42.28,Needs Improvement
556,Linda Wilson,88,9.76,77,3.9,4,41,7,10,4,4.8,10,47.78,Needs Improvement
557,Christopher Davis,85,5.28,58,4.4,0,86,10,10,4,5.4,3,65.51,Average
558,Kayla Rhodes,92,11.94,67,4.3,5,292,4,7,8,4.9,1,63.43,Average
559,Susan White,40,5.4,50,1.1,8,258,7,8,6,8.2,10,26.59,Needs Improvement
560,David Sanchez,49,11.63,77,1.9,7,15,1,3,6,11.0,9,19.75,Needs Improvement
561,Brad Newman,73,9.31,64,3.0,3,298,5,3,10,2.0,2,42.22,Needs Improvement
562,Angelica Frazier,62,12.66,88,4.7,6,48,10,1,5,11.5,2,49.25,Needs Improvement
563,Casey Barnett,80,9.59,81,4.9,1,116,4,1,8,2.7,6,52.85,Needs Improvement
564,Mark Lee,55,6.92,50,1.4,2,21,8,4,5,3.0,4,20.98,Needs Improvement
565,Joseph Bernard,43,13.93,67,2.4,8,21,2,5,4,8.8,7,12.35,Needs Improvement
566,Morgan Perez,99,8.97,58,2.7,0,100,2,4,1,11.9,7,50.64,Needs Improvement
567,Jennifer Baker,97,4.41,69,2.1,8,210,5,2,4,8.3,7,41.51,Needs Improvement
568,Jonathan Hicks,71,14.17,66,4.8,9,136,1,1,4,2.7,9,12.14,Needs Improvement
569,Jennifer Roth,96,1.05,99,3.9,5,119,10,4,2,6.6,1,75.8,Average
570,Patricia Riley,53,14.72,99,3.4,5,209,10,4,10,2.1,9,34.51,Needs Improvement
571,David Gallagher,77,2.08,63,3.7,3,292,8,2,5,3.4,9,53.43,Needs Improvement
572,Nancy Mcbride,42,2.4,61,4.1,9,184,9,10,2,11.8,4,60.55,Average
573,Daniel Martinez,64,10.93,88,4.9,6,129,6,9,2,4.4,5,55.29,Needs Improvement
574,Mark Anderson,95,3.44,74,4.0,6,254,6,6,7,5.0,3,64.55,Average
575,Kimberly Jackson,65,9.89,73,2.7,10,187,10,1,10,10.1,4,51.42,Needs Improvement
576,Tammy Black,65,3.16,85,1.4,5,180,2,8,2,3.6,9,41.37,Needs Improvement
577,Stephanie Meadows,90,12.92,74,3.7,10,206,8,3,7,11.5,10,47.18,Needs Improvement
578,Tyler Mathews,89,1.1,88,4.0,0,228,3,1,7,5.8,8,55.8,Needs Improvement
579,Greg Ellis,44,7.16,54,3.3,4,21,1,7,1,6.9,2,36.61,Needs Improvement
580,Reginald Williams,87,7.8,87,2.2,5,45,2,6,10,9.2,9,55.16,Needs Improvement
581,Jamie Bailey,47,9.66,66,2.9,9,69,6,6,6,6.9,3,34.57,Needs Improvement
582,Krista Jones,87,6.26,99,4.7,4,232,10,5,7,4.2,4,72.94,Average
583,Tracy Evans,41,12.94,83,3.8,1,290,6,3,10,11.8,6,65.55,Average
584,Jeff Grant,58,2.53,88,2.2,4,138,9,4,5,11.7,2,62.45,Average
585,Michael Johnson,51,2.1,51,1.1,7,98,6,4,7,10.0,3,40.43,Needs Improvement
586,Lindsay Savage,70,4.28,92,2.5,0,191,3,2,8,2.1,6,50.65,Needs Improvement
587,Bryan Burton,70,12.56,75,4.9,9,255,9,1,5,8.2,10,38.92,Needs Improvement
588,Roger Stone,60,12.35,70,4.4,10,197,7,4,1,11.1,8,40.39,Needs Improvement
589,Catherine Thompson,97,14.11,61,4.3,1,247,6,7,5,4.9,5,68.46,Average
590,Richard Burns,69,6.6,100,4.8,10,129,8,9,3,2.5,5,52.77,Needs Improvement
591,Walter Dominguez,60,5.78,94,4.6,3,254,6,4,2,3.3,9,49.66,Needs Improvement
592,Raymond Dickson,96,12.47,50,1.7,2,47,9,9,3,8.4,5,56.4,Needs Improvement
593,Donald Ramirez,73,9.78,62,1.1,5,68,8,8,6,10.7,8,51.04,Needs Improvement
594,Brian Black,89,4.65,62,4.4,6,88,8,9,8,9.2,2,82.75,Excellent
595,Matthew Flores,52,14.45,81,4.2,3,213,9,10,8,10.0,2,66.73,Average
596,Wayne Holland,99,5.05,84,1.6,1,28,7,5,1,2.8,5,55.02,Needs Improvement
597,Cindy Hansen,56,7.64,92,4.8,3,157,3,5,7,5.4,2,64.72,Average
598,Nathan Park,78,8.76,58,2.3,5,16,3,6,3,8.0,2,41.02,Needs Improvement
599,Rhonda Hernandez,59,8.8,59,2.0,4,10,10,1,7,5.2,10,21.27,Needs Improvement
600,James Crawford,74,7.26,99,2.3,0,287,9,6,8,4.8,9,60.12,Average
601,Stephanie Thompson,41,2.07,87,2.7,5,102,1,7,1,11.5,2,51.91,Needs Improvement
602,Cassandra Dickerson,96,3.77,56,2.4,9,30,8,10,1,7.2,4,60.94,Average
603,Sean Kelly,97,3.74,94,3.3,10,24,4,2,2,11.1,9,51.48,Needs Improvement
604,Kimberly Edwards,58,3.83,77,1.0,10,286,1,7,4,9.3,3,35.86,Needs Improvement
605,Monique Espinoza,51,9.23,92,2.5,1,106,10,2,4,3.0,4,39.55,Needs Improvement
606,Mrs. Elizabeth Freeman,98,12.23,60,2.9,1,122,8,5,2,3.7,2,51.91,Needs Improvement
607,Alan Perez,53,7.82,84,5.0,10,190,3,5,7,2.6,7,34.1,Needs Improvement
608,Chris Tucker,54,2.9,71,3.0,3,150,5,4,8,6.1,3,51.12,Needs Improvement
609,Cynthia Decker,74,1.78,67,1.2,2,240,1,2,6,7.3,3,55.05,Needs Improvement
610,Jason Juarez,41,5.46,72,3.0,6,221,1,6,3,2.9,2,40.05,Needs Improvement
611,Travis Moon,63,10.76,73,1.8,7,46,6,6,8,4.4,9,20.85,Needs Improvement
612,Charlene Rose,46,6.64,83,3.1,9,162,4,10,2,5.2,8,33.82,Needs Improvement
613,Gregory Cook,47,7.95,94,3.8,3,99,5,1,1,4.7,8,28.14,Needs Improvement
614,William Hughes,96,11.93,56,3.8,6,189,7,5,2,11.6,10,40.75,Needs Improvement
615,Joe Curtis,57,5.97,74,3.3,4,222,10,10,4,3.6,8,58.21,Needs Improvement
616,Amanda Mahoney,87,6.81,90,1.7,9,280,4,9,3,10.9,8,53.49,Needs Improvement
617,Jennifer Freeman,49,6.6,100,1.1,4,122,1,10,3,10.5,3,50.98,Needs Improvement
618,Carmen Farley,87,8.01,55,1.4,7,220,2,9,2,6.5,10,22.85,Needs Improvement
619,Mr. James King,73,14.46,57,2.0,0,110,6,8,3,7.1,1,43.24,Needs Improvement
620,Jill Payne,79,2.98,66,2.7,8,297,2,9,8,9.4,2,67.33,Average
621,Tony Torres,46,11.05,69,3.8,2,251,7,8,2,5.1,8,42.73,Needs Improvement
622,Nathan Johnson,85,6.35,86,2.5,7,33,1,1,4,9.3,9,34.26,Needs Improvement
623,Betty Gilbert,72,14.07,78,3.2,9,196,10,6,8,9.1,1,49.86,Needs Improvement
624,Matthew Bartlett,47,3.71,98,2.3,10,11,10,9,1,2.4,6,26.82,Needs Improvement
625,Diana Marshall,75,8.12,75,1.4,7,55,6,4,8,3.1,4,34.45,Needs Improvement
626,Susan West,43,12.55,56,2.1,10,224,10,7,7,2.4,7,16.23,Needs Improvement
627,Linda Cruz,78,13.89,97,2.8,8,232,2,7,7,2.6,8,27.16,Needs Improvement
628,David Boyd,70,7.38,77,4.2,7,32,4,10,5,5.4,8,45.48,Needs Improvement
629,John Martinez,71,13.77,76,3.1,6,84,5,10,6,8.0,9,39.96,Needs Improvement
630,Jessica Barr,46,9.8,52,5.0,6,36,7,2,6,2.9,1,34.17,Needs Improvement
631,Paul Pope,91,11.5,95,1.6,10,239,8,7,10,6.4,2,47.04,Needs Improvement
632,Brittany Willis,77,6.79,78,4.8,9,299,7,1,9,5.1,9,48.73,Needs Improvement
633,Lonnie Walker,78,11.67,81,2.1,10,115,3,2,6,7.9,9,16.87,Needs Improvement
634,Stefanie Miller,65,3.53,80,4.8,7,120,5,6,4,7.5,9,55.1,Needs Improvement
635,Michael Cruz,97,2.77,65,3.8,5,191,8,4,3,4.0,5,61.12,Average
636,Michael Thompson Jr.,79,7.03,93,4.4,6,112,6,7,8,3.9,9,48.64,Needs Improvement
637,David Hamilton,100,6.68,87,3.7,0,43,1,10,3,10.1,2,76.34,Average
638,Carol Pham,98,14.25,72,1.9,10,189,2,4,5,8.2,8,29.18,Needs Improvement
639,Pam Clark,93,11.49,89,3.4,1,180,3,3,6,3.1,2,59.9,Needs Improvement
640,Jose Brown,88,4.88,94,2.2,6,128,1,4,5,3.3,8,36.5,Needs Improvement
641,Shawn Bates,94,1.36,91,4.1,6,224,7,10,8,2.1,3,75.17,Average
642,Samuel Banks,96,4.91,68,3.7,6,79,1,2,7,2.9,2,48.3,Needs Improvement
643,Patrick Jones,78,14.73,60,3.9,3,28,2,7,5,12.0,3,49.83,Needs Improvement
644,Sherri Miller,76,8.76,60,4.7,9,70,9,7,3,8.7,7,42.09,Needs Improvement
645,Laura Rojas,41,9.5,55,4.2,4,60,7,9,9,9.0,1,48.96,Needs Improvement
646,Melinda Lang,67,11.5,50,3.1,3,51,3,2,9,9.1,1,43.85,Needs Improvement
647,Zachary Anderson,94,1.02,85,4.8,4,144,6,9,2,7.8,5,81.52,Excellent
648,Thomas Young,60,8.84,86,2.4,9,166,4,1,8,10.8,5,36.79,Needs Improvement
649,Michael Lyons,85,10.9,65,1.2,7,274,1,2,6,2.9,2,17.01,Needs Improvement
650,Debbie Olson,52,1.69,75,2.0,8,151,3,3,1,9.5,1,42.75,Needs Improvement
651,Scott Hernandez,79,8.47,72,2.5,10,184,9,2,10,4.6,6,34.64,Needs Improvement
652,Johnny Davis,94,13.17,94,1.2,0,21,9,8,9,5.7,10,47.16,Needs Improvement
653,David Fitzgerald,47,11.16,97,3.1,5,245,3,10,1,10.2,4,51.04,Needs Improvement
654,Dan Lopez,51,8.78,88,2.8,3,51,1,2,9,8.4,8,35.46,Needs Improvement
655,Hannah House,48,13.7,90,2.6,1,229,3,6,3,2.9,4,31.6,Needs Improvement
656,Elizabeth Montgomery,96,13.03,56,1.8,1,104,8,2,8,7.9,10,42.15,Needs Improvement
657,Bryan Ball,46,5.49,91,3.9,0,289,8,1,3,5.5,4,58.97,Needs Improvement
658,Carla Clark,43,5.65,71,2.6,0,285,1,8,4,4.5,8,49.29,Needs Improvement
659,Russell Green,99,2.84,62,3.4,7,25,2,6,1,4.3,3,45.99,Needs Improvement
660,Carol Turner,56,1.23,88,2.2,10,137,10,10,10,9.4,3,60.54,Average
661,James Morris,40,5.98,91,2.2,7,230,7,4,9,6.1,1,44.65,Needs Improvement
662,Timothy Watson,58,10.26,89,2.4,8,104,6,2,10,10.6,9,38.84,Needs Improvement
663,Keith Quinn,45,2.25,96,1.9,4,271,1,3,5,10.9,6,64.54,Average
664,Christopher Pearson,65,12.01,57,1.4,0,65,4,2,9,6.2,8,21.12,Needs Improvement
665,Nancy Johnson,43,10.3,62,4.8,1,252,8,2,1,9.6,9,54.92,Needs Improvement
666,Terry Hill,100,11.32,91,3.7,2,104,10,6,9,7.9,8,65.84,Average
667,Paul Yang,62,14.48,76,4.3,6,161,9,1,1,3.6,6,39.37,Needs Improvement
668,Aaron Bridges,75,4.25,64,2.1,3,47,5,4,6,8.0,3,60.83,Average
669,Natalie Oconnor,79,3.2,86,2.8,1,9,10,7,2,6.3,5,54.76,Needs Improvement
670,Tara Merritt,100,6.6,72,4.8,0,230,10,6,4,6.0,1,85.04,Excellent
671,Mrs. Katherine Anderson,44,7.54,98,2.0,6,108,1,1,2,2.6,10,14.96,Needs Improvement
672,Lacey Ross,70,12.45,58,2.7,4,204,2,5,6,2.5,1,22.59,Needs Improvement
673,Steven Lee,50,12.14,58,3.0,0,131,4,6,10,10.6,9,47.64,Needs Improvement
674,Erik Parker,73,14.65,79,4.0,1,129,2,10,1,6.1,2,54.84,Needs Improvement
675,Stacey Martin,52,6.43,93,4.7,4,113,3,6,5,4.9,4,45.17,Needs Improvement
676,Andrew Patterson,100,6.62,53,1.9,6,144,3,3,1,3.1,9,14.38,Needs Improvement
677,Kevin Boone,79,9.81,56,1.3,5,18,10,10,9,4.0,9,32.56,Needs Improvement
678,Anthony Buckley,67,4.7,90,1.3,4,181,2,8,9,6.8,6,43.76,Needs Improvement
679,Christine Hall MD,71,7.8,77,1.1,0,131,3,10,6,3.1,1,51.09,Needs Improvement
680,Todd Richard,100,8.15,78,4.7,1,30,10,8,10,10.0,2,80.22,Excellent
681,Krystal Robertson,69,7.74,68,4.4,7,222,3,3,6,4.3,1,43.86,Needs Improvement
682,Laura Jones,69,6.82,86,1.2,3,290,5,4,8,8.7,8,57.16,Needs Improvement
683,Edward Gross,77,6.77,93,4.5,10,212,4,4,4,7.5,9,36.89,Needs Improvement
684,Steve Nguyen,87,9.93,87,3.6,6,274,8,3,1,6.8,10,41.91,Needs Improvement
685,Brittany Yates,67,11.73,59,4.0,9,200,1,4,1,9.6,2,38.92,Needs Improvement
686,Nicole Bradley,91,1.1,61,4.6,10,176,1,3,6,6.0,2,52.56,Needs Improvement
687,Jonathon Leonard,67,2.77,63,4.6,6,270,4,10,6,8.4,9,49.92,Needs Improvement
688,Hayley Bowers,70,6.31,73,1.2,1,149,4,1,8,5.5,9,44.9,Needs Improvement
689,Dr. Kevin Williams Jr.,73,7.62,54,2.7,8,7,6,4,1,4.4,6,17.69,Needs Improvement
690,James Brown,49,5.84,96,1.9,8,282,1,5,7,8.9,8,27.67,Needs Improvement
691,Cameron Nicholson,68,5.85,96,1.0,3,130,9,10,9,4.8,2,63.61,Average
692,Antonio Ashley,57,14.43,58,3.8,6,108,4,1,8,3.5,9,9.26,Needs Improvement
693,James Walker,49,4.63,90,2.8,10,139,2,5,4,4.7,5,38.24,Needs Improvement
694,Jeffrey Allen,89,14.06,74,3.8,0,13,1,1,9,6.5,5,37.69,Needs Improvement
695,Mark Maxwell,44,5.24,68,2.9,5,93,2,1,2,4.5,1,28.13,Needs Improvement
696,Roger Murphy,54,8.28,93,2.7,7,110,7,3,8,7.0,10,21.57,Needs Improvement
697,Jacob Gallegos,74,8.3,57,2.7,3,92,1,4,1,7.6,1,39.54,Needs Improvement
698,Laura Osborne,41,10.07,73,3.4,10,186,6,10,9,11.9,9,28.73,Needs Improvement
699,Christine Campbell,91,11.58,50,1.5,9,228,2,6,7,10.9,8,31.54,Needs Improvement
700,Cynthia Morgan,80,4.43,97,4.9,4,118,3,2,5,7.2,8,48.32,Needs Improvement
701,Carrie Lee,51,12.26,58,1.0,6,108,8,6,8,7.8,10,16.28,Needs Improvement
702,Randy Caldwell DDS,88,7.7,99,4.8,6,241,10,8,6,7.3,7,70.42,Average
703,Robert Trevino,71,1.07,92,4.5,8,286,7,9,10,11.5,1,100.0,Excellent
704,Anthony Miller,73,14.07,84,3.5,5,287,4,3,1,4.4,5,31.28,Needs Improvement
705,Michael Adams,93,12.49,64,4.3,10,270,6,4,9,7.8,2,36.14,Needs Improvement
706,Frances Ross,71,1.73,55,4.0,9,252,3,3,5,9.5,3,55.45,Needs Improvement
707,Larry Campbell,63,7.66,77,3.6,1,272,4,4,10,6.8,3,54.58,Needs Improvement
708,Hannah Smith,88,4.57,57,3.2,8,145,6,1,7,10.9,4,61.15,Average
709,Joel Wallace,80,4.14,64,4.7,1,55,10,7,10,2.8,1,68.5,Average
710,Sheri Wolf,70,6.88,88,2.8,8,22,8,6,6,9.8,5,42.34,Needs Improvement
711,John Lowe,96,2.42,56,4.6,8,78,10,6,8,10.6,10,61.96,Average
712,Elizabeth Cannon,68,11.71,59,3.2,8,269,10,9,2,10.2,7,46.77,Needs Improvement
713,Linda Horton,75,8.45,76,4.3,10,166,10,1,8,5.2,9,34.82,Needs Improvement
714,Ariel Silva,61,9.8,66,1.2,9,239,5,9,6,10.2,6,38.84,Needs Improvement
715,John Macdonald,52,5.57,80,1.3,10,127,10,5,10,11.6,2,51.33,Needs Improvement
716,Jacqueline Guerra,60,2.32,50,5.0,0,37,9,10,1,7.3,9,60.55,Average
717,Melanie Wilson,69,12.99,97,2.1,7,64,5,8,6,3.1,9,27.87,Needs Improvement
718,Erika Phillips,42,3.22,92,2.5,1,144,4,1,1,2.4,4,50.08,Needs Improvement
719,Michael Crawford,89,12.66,99,4.2,1,292,10,1,7,2.1,8,50.64,Needs Improvement
720,Jerry Craig,63,13.15,61,3.1,8,60,3,6,10,8.6,9,34.2,Needs Improvement
721,Roger Oliver,98,14.19,95,5.0,6,259,4,7,9,7.3,4,70.94,Average
722,Kevin Butler,56,8.18,79,1.5,5,116,3,5,1,2.1,5,18.32,Needs Improvement
723,Ann Wilson,65,2.06,68,4.9,9,149,7,10,8,4.7,4,51.54,Needs Improvement
724,Kellie Curry,79,6.22,58,3.3,10,1,10,8,10,5.0,1,44.53,Needs Improvement
725,Debra Mcpherson,78,3.29,79,2.6,2,6,9,3,6,3.7,2,57.72,Needs Improvement
726,Kristina Smith,89,5.56,82,4.6,10,253,7,5,3,3.3,10,48.05,Needs Improvement
727,Michael Flores,45,10.65,58,1.3,6,53,6,5,4,7.1,3,17.26,Needs Improvement
728,Edward Brown,94,5.98,50,4.3,4,51,2,4,3,3.8,10,44.86,Needs Improvement
729,Alexander Flowers,79,7.21,53,2.6,4,115,3,5,4,7.3,3,40.99,Needs Improvement
730,Belinda Delgado,92,7.04,93,4.4,2,292,3,9,1,2.4,10,60.16,Average
731,Jeffrey Watson,65,2.05,63,4.0,0,175,3,7,5,9.6,4,69.22,Average
732,Eric Weaver,60,13.5,84,3.7,10,28,7,3,1,11.6,6,33.59,Needs Improvement
733,Kristopher Hayes,58,14.95,71,2.5,8,141,1,6,1,10.3,3,20.72,Needs Improvement
734,Peter Young,68,5.71,80,4.5,8,111,1,4,10,3.4,9,38.84,Needs Improvement
735,Christian Mathews,70,1.11,99,1.2,0,86,1,2,1,10.1,8,61.29,Average
736,Anthony Parsons,63,13.02,94,2.3,1,95,8,5,7,7.0,1,56.42,Needs Improvement
737,Courtney Morgan,67,14.34,64,3.2,1,120,5,6,2,4.3,1,33.18,Needs Improvement
738,James Li,65,8.86,57,4.3,4,172,7,8,10,8.1,4,55.19,Needs Improvement
739,Michael Lucas,81,4.35,91,4.1,2,217,9,10,3,11.6,2,98.39,Excellent
740,Pamela Robinson,72,4.84,58,3.6,6,111,5,3,9,4.2,1,39.94,Needs Improvement
741,Kelly Turner,71,7.89,70,4.2,3,71,10,5,9,4.9,1,61.55,Average
742,Robert Miranda,81,11.48,78,1.2,8,195,4,3,7,11.5,10,29.19,Needs Improvement
743,Madison Robinson,95,10.27,57,3.1,4,120,1,4,6,7.7,8,39.94,Needs Improvement
744,Robert Brown,46,11.09,61,2.4,7,31,9,6,6,2.9,4,20.08,Needs Improvement
745,Taylor Jimenez,59,9.71,82,4.0,3,124,4,1,3,5.9,9,41.47,Needs Improvement
746,Matthew Mendoza,83,10.45,57,1.9,10,32,1,6,9,10.4,2,39.53,Needs Improvement
747,Jeremy Gardner,88,2.65,68,4.2,7,24,10,5,7,8.7,2,64.76,Average
748,Renee Jimenez,86,5.48,88,1.8,5,134,5,9,6,6.7,4,62.1,Average
749,Angela Jordan,68,5.49,66,4.7,10,268,8,8,5,2.9,3,50.19,Needs Improvement
750,Theresa Coleman,89,6.22,58,2.8,1,28,7,4,1,7.3,3,66.04,Average
751,Terri Everett,44,10.34,72,4.7,1,236,7,6,10,6.5,9,43.89,Needs Improvement
752,Justin Howell,100,11.58,66,3.1,3,48,9,4,2,9.8,2,57.31,Needs Improvement
753,Michael Smith,92,13.47,92,4.2,10,192,1,4,5,8.7,9,34.02,Needs Improvement
754,Aaron Hernandez,63,12.79,54,3.0,8,261,9,3,5,8.9,5,37.41,Needs Improvement
755,Katelyn Mendez,54,11.71,81,3.2,7,209,8,4,10,11.3,1,67.61,Average
756,Jennifer Smith,79,11.35,79,4.1,10,295,1,10,9,3.4,3,45.58,Needs Improvement
757,Harold Berger,75,9.15,82,3.7,2,89,4,1,4,9.1,5,56.59,Needs Improvement
758,Dawn Mcgee,53,10.73,88,1.1,5,210,9,5,7,4.4,6,39.86,Needs Improvement
759,Tina Alvarado,49,2.01,86,1.6,5,217,2,3,2,6.1,1,45.95,Needs Improvement
760,William Meyer,94,7.48,57,1.7,10,136,10,2,6,7.6,10,25.86,Needs Improvement
761,Christina Hernandez,98,11.18,57,1.3,4,55,10,8,3,6.6,9,34.38,Needs Improvement
762,Tyler Hamilton,100,5.24,50,1.5,8,163,9,6,1,7.7,6,44.11,Needs Improvement
763,Sarah Brewer,64,13.34,55,3.2,7,268,7,9,7,8.2,6,37.51,Needs Improvement
764,Anna Bennett,86,5.74,78,4.4,4,249,3,7,10,5.4,7,60.43,Average
765,Christopher Powell,85,13.56,62,4.7,5,227,9,8,7,6.9,3,59.48,Needs Improvement
766,Cody Carlson,60,9.14,68,2.1,0,259,10,3,4,4.0,6,51.84,Needs Improvement
767,Todd Lee,45,3.3,93,1.7,0,143,8,5,9,8.7,5,65.45,Average
768,Norma Nelson,69,8.09,76,1.1,8,230,1,3,2,6.3,8,19.15,Needs Improvement
769,Kathryn George,70,8.22,51,4.8,10,106,2,1,2,6.1,10,24.98,Needs Improvement
770,Daniel Ellis,51,14.22,93,3.2,8,159,4,2,4,2.4,5,18.33,Needs Improvement
771,Jonathan Jones,86,7.38,86,4.6,0,205,9,3,10,9.3,2,89.94,Excellent
772,Lynn Velez,90,13.13,67,1.5,3,168,10,9,7,9.9,8,54.46,Needs Improvement
773,Joseph Hawkins,58,7.94,51,3.3,6,231,9,7,10,4.9,10,34.73,Needs Improvement
774,Mary Lopez,48,1.12,57,4.1,6,40,8,3,1,7.4,2,45.27,Needs Improvement
775,James Webb,87,6.42,53,2.6,5,165,10,10,1,7.1,3,56.44,Needs Improvement
776,Linda Lawrence,86,7.75,97,4.3,10,246,3,4,6,6.8,7,41.25,Needs Improvement
777,Lauren Clark,100,14.76,61,2.0,3,162,10,1,3,9.8,7,41.78,Needs Improvement
778,Barbara Flynn,86,12.28,87,3.9,0,134,1,1,9,8.8,7,60.57,Average
779,Dr. Robert Rodriguez,84,2.59,87,3.6,5,50,1,4,3,10.5,5,57.56,Needs Improvement
780,William Gilbert,53,11.19,72,3.4,7,78,6,1,7,3.1,6,23.25,Needs Improvement
781,Michele Chase MD,54,7.66,72,3.3,5,104,9,1,1,5.8,10,29.39,Needs Improvement
782,Thomas Harris,75,3.4,75,3.4,7,37,3,6,2,10.8,7,52.12,Needs Improvement
783,Jasmine Williams,69,4.42,56,3.3,7,243,7,4,5,2.3,10,31.22,Needs Improvement
784,April Fisher,42,13.68,92,4.7,0,296,10,6,5,4.1,8,50.01,Needs Improvement
785,Carlos Bowen,71,7.14,59,2.3,2,60,6,8,9,8.9,5,50.19,Needs Improvement
786,Jonathan Turner,80,14.46,52,1.8,3,248,2,4,9,9.2,10,26.41,Needs Improvement
787,Cynthia Livingston,50,2.34,75,1.4,6,275,2,8,2,10.4,4,50.92,Needs Improvement
788,Douglas Lynch,83,10.48,57,2.9,5,137,5,10,10,4.5,4,51.15,Needs Improvement
789,Carolyn Davenport,49,6.75,100,2.6,4,60,8,7,6,2.6,2,52.94,Needs Improvement
790,Megan Burke,64,12.12,95,4.1,7,9,7,1,1,4.7,2,31.85,Needs Improvement
791,Alexis Thomas,65,10.87,82,1.4,2,192,8,6,9,3.1,9,35.7,Needs Improvement
792,Michael Knight,52,11.83,100,2.3,3,132,9,6,7,8.3,4,52.33,Needs Improvement
793,Charles Quinn,43,14.28,70,4.9,8,65,7,1,1,4.1,7,5.39,Needs Improvement
794,Ashley Ellis,65,1.97,72,2.1,9,265,10,9,7,5.6,9,39.63,Needs Improvement
795,Blake Gonzalez,89,2.48,65,2.8,2,96,7,6,10,4.3,6,58.67,Needs Improvement
796,Mariah Vang,68,14.67,60,2.3,2,73,1,4,10,11.9,9,40.42,Needs Improvement
797,Kenneth Miller,47,14.36,77,3.4,2,227,2,10,5,8.8,10,35.02,Needs Improvement
798,Andrea Sweeney,58,11.36,58,2.0,5,111,2,7,5,8.8,7,38.0,Needs Improvement
799,Douglas Carpenter,80,1.4,81,1.4,10,217,9,4,3,7.2,2,47.5,Needs Improvement
800,Matthew Mccarty,91,10.54,54,2.2,8,92,6,10,10,6.2,3,55.7,Needs Improvement
801,Alejandro Craig,49,6.24,98,3.8,5,190,8,9,3,8.7,4,61.17,Average
802,Holly Perez,49,13.18,55,2.6,10,180,3,2,9,6.2,9,10.83,Needs Improvement
803,Andrea Thompson,56,6.27,88,1.1,2,67,2,10,8,4.4,7,32.21,Needs Improvement
804,Toni Dominguez,47,3.77,92,1.2,8,174,7,9,3,4.2,10,34.5,Needs Improvement
805,Donald Lawrence,95,14.87,56,1.8,9,9,6,1,2,5.4,10,0.0,Needs Improvement
806,Kelli Reid,63,9.15,81,3.3,10,34,1,2,5,5.8,5,17.14,Needs Improvement
807,Crystal James,65,4.57,50,1.2,1,265,4,7,8,11.3,1,63.06,Average
808,Matthew Carroll,58,5.39,61,3.9,9,33,7,3,1,3.7,9,20.34,Needs Improvement
809,Melanie Lopez,81,14.66,64,3.4,5,179,8,5,7,10.0,5,54.42,Needs Improvement
810,Erik Arellano,43,1.69,84,3.8,1,183,8,2,6,8.8,3,73.73,Average
811,Michelle Mitchell,76,10.35,52,4.7,3,221,2,10,4,4.5,10,40.14,Needs Improvement
812,Susan Barber,92,2.2,80,2.9,2,73,7,4,5,8.1,7,60.85,Average
813,Gregory Murphy,91,5.79,63,3.0,9,92,9,4,10,7.1,1,52.69,Needs Improvement
814,Natalie Robinson,84,4.16,56,4.5,6,133,2,3,10,8.7,5,55.92,Needs Improvement
815,Mrs. Lori Hall,49,7.12,85,1.3,4,36,10,3,8,9.0,2,51.39,Needs Improvement
816,Morgan Rodriguez,48,8.19,71,1.9,0,299,6,6,3,5.4,3,54.04,Needs Improvement
817,Taylor Morton,42,9.63,67,3.6,9,145,3,10,7,5.8,9,28.37,Needs Improvement
818,Brett Morgan,66,2.48,74,3.8,7,8,5,5,3,8.7,8,48.07,Needs Improvement
819,Robert Rogers,83,8.82,89,2.9,5,68,5,10,2,6.0,4,51.08,Needs Improvement
820,Justin Johnson,89,9.51,75,4.3,10,246,10,5,1,9.5,6,57.42,Needs Improvement
821,Tracy Campbell,83,13.21,83,3.6,10,115,9,10,1,4.0,6,38.15,Needs Improvement
822,David Watson,68,1.72,74,5.0,7,79,6,5,5,9.0,6,58.85,Needs Improvement
823,Jennifer Clements,80,12.06,63,2.8,2,64,4,9,2,7.8,2,47.92,Needs Improvement
824,Scott Gross,74,3.25,100,3.1,7,139,1,6,9,6.7,7,48.02,Needs Improvement
825,Lynn Davis,84,2.25,68,4.0,2,264,4,6,8,6.5,8,64.51,Average
826,Jason Reed,93,14.04,94,4.4,6,156,4,6,7,6.2,2,60.5,Average
827,Christian Fox,62,1.02,50,2.4,2,214,10,4,8,7.7,9,57.77,Needs Improvement
828,Jacob Gray,53,9.83,75,1.0,10,185,4,8,3,9.0,1,28.0,Needs Improvement
829,Rebecca Anderson,52,3.79,60,1.2,8,31,8,3,4,2.2,4,12.65,Needs Improvement
830,Eugene Jones,92,1.74,77,2.7,0,141,8,1,2,8.7,8,63.73,Average
831,Francisco Sanchez,88,10.73,62,4.8,7,14,9,10,3,10.4,8,57.53,Needs Improvement
832,David Ross,79,4.79,63,5.0,4,230,3,6,7,4.2,2,68.31,Average
833,Edwin Hale,55,7.21,94,4.6,10,92,10,6,1,9.8,7,49.52,Needs Improvement
834,James Turner,54,5.43,76,4.1,6,199,5,9,10,3.8,4,51.76,Needs Improvement
835,Kenneth Nguyen,100,2.89,89,4.8,10,256,4,2,4,6.3,1,62.72,Average
836,Jodi Jackson,83,8.76,80,2.1,9,245,6,1,5,5.6,8,26.25,Needs Improvement
837,Timothy Williams,100,13.92,100,3.6,7,169,7,5,9,6.8,3,61.71,Average
838,Caleb Little,90,7.85,70,3.6,6,25,10,8,9,7.3,5,56.82,Needs Improvement
839,Erin Franklin,70,9.71,74,4.6,4,42,9,5,9,3.5,4,54.23,Needs Improvement
840,Mark Reyes,77,12.26,92,3.4,3,37,4,7,1,6.1,10,39.44,Needs Improvement
841,Luis Robinson,83,8.88,91,3.4,10,92,9,5,4,11.0,5,57.95,Needs Improvement
842,Gregory Cross DVM,82,8.59,91,3.0,4,254,9,9,6,3.7,2,66.93,Average
843,George Pearson,85,13.05,70,2.1,4,107,5,9,4,4.2,2,43.1,Needs Improvement
844,Brian Johnson,70,7.49,72,4.1,8,14,3,3,3,9.4,8,37.27,Needs Improvement
845,Carol Brooks,70,10.18,94,3.2,4,192,9,1,6,6.0,10,50.49,Needs Improvement
846,Traci Lee,69,3.17,93,3.0,5,104,8,9,10,10.8,7,69.57,Average
847,Jeremiah Dudley,92,6.93,51,1.4,7,139,10,5,1,10.4,9,44.03,Needs Improvement
848,John Turner,64,13.07,88,2.7,5,110,10,6,1,7.4,3,47.71,Needs Improvement
849,Laurie Mayer,82,8.78,68,2.8,10,110,10,8,5,7.5,9,26.04,Needs Improvement
850,Billy Molina,76,13.98,50,3.9,4,43,3,10,2,5.7,4,44.83,Needs Improvement
851,Virginia Jenkins,91,3.85,65,4.8,1,34,3,6,3,2.4,4,57.15,Needs Improvement
852,Jennifer Patel,58,14.26,59,3.0,6,66,7,7,10,7.9,1,40.56,Needs Improvement
853,Carlos Adams,67,6.58,72,1.0,10,27,3,4,6,2.9,5,17.18,Needs Improvement
854,Anita Ray,81,10.22,61,1.0,9,89,3,7,8,6.7,3,41.04,Needs Improvement
855,Katrina Lee,56,13.99,59,3.5,5,213,5,6,8,8.4,2,40.59,Needs Improvement
856,Jessica Johnson,81,12.85,88,3.1,4,291,1,8,5,9.0,1,69.91,Average
857,Robert Rojas,69,13.12,61,3.5,0,243,8,8,10,4.8,8,50.7,Needs Improvement
858,Kyle Freeman,59,6.4,56,2.9,1,42,8,5,3,6.2,2,58.24,Needs Improvement
859,Diana Pittman,100,8.23,85,1.4,2,248,3,2,5,4.0,1,51.46,Needs Improvement
860,Kevin King,95,11.35,71,3.0,4,157,9,4,10,7.9,5,59.17,Needs Improvement
861,Tiffany Elliott,40,1.37,70,2.6,0,46,5,7,6,2.4,7,38.19,Needs Improvement
862,Kathy Newton,44,4.23,89,4.1,9,221,4,4,10,3.6,3,50.27,Needs Improvement
863,Sylvia Lynch,86,7.6,91,3.9,4,226,10,5,1,7.1,10,55.65,Needs Improvement
864,Jason Baker,87,1.32,69,3.0,0,57,3,8,6,6.8,2,80.64,Excellent
865,Michael Hernandez,93,10.61,73,2.1,4,295,2,7,7,10.5,1,61.65,Average
866,Thomas Lambert,86,6.0,81,2.8,6,23,6,6,8,2.7,6,39.81,Needs Improvement
867,Tyrone Coleman,77,5.23,60,2.5,5,215,1,5,3,6.1,6,44.73,Needs Improvement
868,Angela Stout,78,5.32,62,3.3,4,168,4,2,4,4.4,9,38.11,Needs Improvement
869,Kayla Allen,41,1.27,67,1.7,9,273,9,5,10,11.2,6,46.21,Needs Improvement
870,Brittany Mason,63,7.75,95,5.0,4,18,9,7,10,10.4,6,68.47,Average
871,Lance Cortez,99,1.18,63,4.3,7,2,7,2,3,9.2,2,59.12,Needs Improvement
872,Ashley Miller,52,12.44,94,2.8,0,96,10,8,6,2.6,9,32.8,Needs Improvement
873,Colton Foster,54,6.59,53,2.6,10,94,8,7,4,3.4,9,7.98,Needs Improvement
874,Richard Pena,41,13.78,53,4.0,2,47,8,9,6,11.9,2,56.11,Needs Improvement
875,Linda Carpenter,94,11.88,63,4.2,7,253,1,9,1,9.3,9,45.65,Needs Improvement
876,Adam Young,55,8.03,92,3.4,6,141,6,9,7,5.6,4,47.95,Needs Improvement
877,Lori Hanna,78,3.4,87,3.4,3,39,8,8,8,5.7,4,71.12,Average
878,Alyssa Brown,61,12.34,94,4.5,5,132,10,4,1,4.7,7,39.82,Needs Improvement
879,Patrick Little,63,11.67,87,2.4,3,225,10,6,5,4.1,10,36.2,Needs Improvement
880,Tracy Baker,70,9.94,92,1.0,8,88,1,5,9,9.4,6,35.59,Needs Improvement
881,Ashley Smith,61,1.93,98,3.7,0,19,1,9,4,8.5,7,58.96,Needs Improvement
882,Jeffrey Burgess,48,10.08,65,2.8,2,171,2,5,1,6.6,3,35.26,Needs Improvement
883,Joshua Powell,100,8.82,77,2.2,4,108,1,8,4,11.3,5,61.83,Average
884,Michael Wilkinson,45,5.77,98,2.6,8,68,7,1,6,11.3,1,53.2,Needs Improvement
885,Nathan Johnson,96,10.23,50,2.0,10,186,6,1,3,8.6,3,32.74,Needs Improvement
886,Jenna Lopez,43,5.28,91,4.5,1,195,8,6,7,3.3,7,58.13,Needs Improvement
887,Michaela Cain,89,4.94,75,2.5,8,19,10,2,6,10.5,10,36.29,Needs Improvement
888,Nicole Miller,87,7.39,52,3.0,4,25,2,8,10,5.1,2,39.51,Needs Improvement
889,Thomas Conway,93,5.41,64,4.8,1,61,7,3,7,11.4,8,68.83,Average
890,Cynthia Davis,55,3.49,55,2.0,10,264,2,1,5,3.1,3,30.28,Needs Improvement
891,Laura Williams,63,11.37,97,3.1,0,140,7,6,2,9.5,10,56.92,Needs Improvement
892,William Simpson,93,14.72,81,1.2,7,127,2,5,6,8.0,8,33.43,Needs Improvement
893,Robert Hawkins,86,2.68,72,3.1,1,119,6,3,7,9.2,6,71.03,Average
894,Julie Watkins,84,12.36,54,3.0,6,92,7,3,1,8.2,8,30.23,Needs Improvement
895,Amanda Chen,83,14.8,57,3.2,1,252,1,7,1,10.9,10,53.01,Needs Improvement
896,Robert Hansen,94,14.31,66,3.1,6,137,1,10,7,5.2,2,45.94,Needs Improvement
897,Rebecca Johnson,79,6.67,91,4.8,1,20,8,6,3,6.2,9,57.2,Needs Improvement
898,Jesse Barajas,73,2.89,82,3.6,10,124,10,5,9,8.6,5,60.77,Average
899,Christopher Conley,73,13.73,67,4.7,7,272,3,10,1,7.3,8,36.36,Needs Improvement
900,Richard Gordon,46,7.14,73,1.1,10,272,5,4,3,7.5,3,24.87,Needs Improvement
901,Nicole Morgan,87,8.88,97,1.2,8,117,10,1,8,9.0,8,45.13,Needs Improvement
902,Rachel Schwartz,70,13.28,85,3.4,2,109,2,3,6,9.9,6,55.71,Needs Improvement
903,Melissa Wilson,44,8.77,82,1.3,2,287,6,8,3,11.1,8,53.53,Needs Improvement
904,Kimberly Castaneda,81,9.25,82,2.2,3,181,3,6,9,3.2,3,53.08,Needs Improvement
905,Shaun Boyd,42,11.6,72,2.8,9,106,8,6,4,3.0,5,17.54,Needs Improvement
906,Samuel Chan,61,10.78,71,1.6,1,158,5,5,9,10.3,7,47.34,Needs Improvement
907,Matthew Ward,70,13.27,78,4.1,2,89,4,6,3,11.9,8,51.19,Needs Improvement
908,Martin Stevens,54,7.09,59,3.5,0,127,3,5,5,3.5,2,42.03,Needs Improvement
909,Frank Krause,65,10.48,56,3.7,6,55,9,4,4,8.4,1,49.84,Needs Improvement
910,Kenneth Moore,87,12.42,97,4.4,3,3,8,10,4,10.0,2,70.63,Average
911,Sara Davis,72,8.91,64,3.7,4,229,3,4,1,4.7,5,41.36,Needs Improvement
912,Javier Ellis,76,3.51,75,3.0,5,16,7,4,5,5.5,1,60.32,Average
913,Jeremy Wilson,64,13.66,73,1.4,7,7,4,2,6,7.0,5,11.05,Needs Improvement
914,Jennifer Williams,56,14.68,100,1.8,5,206,1,9,5,4.1,5,27.81,Needs Improvement
915,Linda Johnson,45,5.35,95,2.4,7,88,9,8,3,2.6,4,36.69,Needs Improvement
916,Richard Gray,93,12.99,97,3.2,7,54,1,10,5,9.9,6,51.9,Needs Improvement
917,Danny Wood,47,11.29,91,3.1,2,24,6,5,8,2.5,3,40.43,Needs Improvement
918,Sandra Stanley,92,12.08,81,2.8,6,167,10,8,8,6.9,3,59.81,Needs Improvement
919,Jennifer Williams MD,85,13.92,94,2.2,0,114,9,7,7,5.8,10,50.61,Needs Improvement
920,Katherine Chan,89,8.69,86,3.9,8,90,8,6,7,2.1,6,46.92,Needs Improvement
921,Charles Wilson,88,2.81,72,1.1,9,258,3,1,10,2.1,1,31.86,Needs Improvement
922,Paula Nichols,77,2.22,69,4.0,9,134,3,2,6,10.3,7,51.1,Needs Improvement
923,Brittany Cooper,44,3.98,83,3.3,0,268,9,5,5,10.4,10,65.62,Average
924,Cory Baldwin,99,3.64,60,5.0,5,292,4,6,6,9.2,6,72.57,Average
925,Ebony Brown,73,11.0,97,2.5,3,12,9,10,2,5.2,4,51.31,Needs Improvement
926,Bernard Weeks,61,3.05,76,2.4,9,30,5,1,1,5.4,10,21.8,Needs Improvement
927,Kenneth Mullins,65,1.28,50,2.8,9,131,1,9,3,9.2,5,33.07,Needs Improvement
928,Angela Wade,61,11.15,97,4.5,6,229,5,7,3,2.8,2,48.64,Needs Improvement
929,Priscilla Williams,84,10.64,52,2.2,9,162,6,7,1,2.0,4,21.82,Needs Improvement
930,Jodi Gardner,59,1.61,54,1.7,10,253,5,1,7,4.1,7,21.7,Needs Improvement
931,Frederick Brown,93,4.01,86,1.4,5,239,1,5,6,3.8,2,52.08,Needs Improvement
932,Jerry Gonzales,83,8.62,62,1.6,1,208,1,4,10,8.4,2,52.86,Needs Improvement
933,Michelle Santos,56,4.04,91,3.0,6,90,6,5,10,6.6,2,60.42,Average
934,Kimberly Lawrence,87,1.29,60,3.5,8,66,3,4,7,5.5,2,48.5,Needs Improvement
935,Linda Lee,99,2.5,72,2.7,9,105,8,3,1,11.5,2,65.38,Average
936,Marie Martinez,44,12.57,91,2.1,9,132,2,5,10,10.3,8,24.79,Needs Improvement
937,Ashley Stanley,88,10.67,70,3.6,10,235,10,1,10,10.9,8,38.18,Needs Improvement
938,Stacy Bowers,40,2.43,51,1.8,5,149,10,2,1,4.5,3,35.18,Needs Improvement
939,Shannon Porter,97,14.34,65,3.2,8,170,5,2,10,10.0,8,23.2,Needs Improvement
940,Arthur Kirk,63,12.07,59,2.8,5,273,1,6,7,5.8,10,30.43,Needs Improvement
941,Rachael Poole,60,5.8,92,2.6,8,195,7,8,6,2.4,9,38.12,Needs Improvement
942,Monica Tran,90,4.41,88,3.9,0,44,8,5,7,3.0,1,74.36,Average
943,David Shannon,73,13.04,87,1.7,7,38,5,3,9,9.4,3,43.74,Needs Improvement
944,Matthew Barton,87,13.21,53,2.5,2,63,5,2,2,8.6,7,36.74,Needs Improvement
945,Joel Pham,49,3.78,52,4.7,9,177,3,8,8,7.0,10,37.77,Needs Improvement
946,Steve Scott,41,10.41,84,3.1,6,220,5,5,7,7.1,10,27.32,Needs Improvement
947,Karen Santiago,54,8.27,75,2.5,4,251,7,10,3,10.2,5,62.83,Average
948,Jennifer Peterson,42,1.55,71,1.5,9,43,1,6,3,6.6,3,27.67,Needs Improvement
949,Jeanette Farrell,52,10.09,71,2.6,7,129,7,4,2,5.3,1,22.03,Needs Improvement
950,Henry Andrews,86,6.36,75,2.1,2,13,3,2,5,4.1,3,37.89,Needs Improvement
951,John Thomas,79,8.32,100,3.1,7,115,4,8,6,11.7,1,66.4,Average
952,Noah Sanders,85,3.63,58,3.6,7,185,2,5,6,4.2,4,51.98,Needs Improvement
953,Laura Curtis,46,3.38,60,4.2,9,49,5,8,5,11.7,8,56.25,Needs Improvement
954,Robert Walsh,55,2.76,61,2.1,4,274,2,7,5,8.2,3,62.37,Average
955,Timothy Levine,47,6.95,61,4.4,8,244,10,6,9,11.3,5,52.16,Needs Improvement
956,Stephanie Stewart,97,11.76,53,4.9,2,256,1,9,9,11.4,7,74.38,Average
957,Samuel Parker,48,14.59,90,3.9,10,266,8,7,6,9.6,7,42.03,Needs Improvement
958,Guy Torres,82,4.8,68,3.1,1,295,7,5,4,5.7,9,55.73,Needs Improvement
959,Kirsten Wilson,97,7.04,77,1.4,8,26,8,1,1,2.8,4,26.93,Needs Improvement
960,Lisa Macdonald,84,7.83,69,3.3,0,248,5,3,4,4.4,9,49.88,Needs Improvement
961,Stephen Brown,69,14.6,99,3.7,3,280,10,3,7,4.6,4,52.03,Needs Improvement
962,Christopher Fox,71,11.88,91,4.5,6,203,9,3,10,5.6,4,53.42,Needs Improvement
963,Brian Mack,54,9.91,59,4.5,5,271,3,4,3,6.8,9,39.54,Needs Improvement
964,Kevin Johnson,95,4.49,77,1.7,9,277,5,4,1,9.9,9,52.08,Needs Improvement
965,Catherine Rodriguez,61,2.66,65,4.4,9,173,4,10,5,8.8,1,70.8,Average
966,Daniel Murray,85,13.08,87,4.5,1,126,7,6,5,10.5,1,75.23,Average
967,Melissa Adams,80,10.32,75,3.8,8,36,5,8,7,11.1,8,43.1,Needs Improvement
968,Steven Jones,96,4.69,81,1.7,6,280,10,1,8,7.5,1,69.0,Average
969,Todd Ramirez,79,8.92,71,4.7,7,178,10,4,7,3.8,7,42.74,Needs Improvement
970,Todd Vargas,95,12.37,77,4.0,3,271,10,9,10,10.3,4,75.22,Average
971,Ashley Yates,48,6.22,100,2.6,9,184,6,3,10,11.1,4,54.61,Needs Improvement
972,Paige Armstrong,77,11.56,79,2.8,1,77,6,1,2,5.0,5,38.63,Needs Improvement
973,David Gomez,88,9.47,76,1.4,1,110,1,9,4,10.2,1,60.52,Average
974,Ian Higgins,65,7.62,94,1.3,0,287,8,8,4,2.8,4,58.53,Needs Improvement
975,Andrew Harris,54,6.98,53,2.1,1,248,10,3,10,4.5,8,49.66,Needs Improvement
976,Wendy Lee,100,12.22,90,1.9,1,133,10,2,8,6.9,5,53.04,Needs Improvement
977,Robert Jordan,84,9.4,51,4.0,4,113,10,2,7,9.5,7,52.55,Needs Improvement
978,Timothy Conway,92,6.5,72,1.5,7,181,7,1,3,8.1,3,40.07,Needs Improvement
979,Luis Martin,71,7.71,96,1.1,6,120,3,1,10,6.9,6,28.88,Needs Improvement
980,Tyler Moore,94,11.4,99,1.7,10,122,3,9,6,8.4,4,40.44,Needs Improvement
981,James Taylor,87,11.68,71,3.9,7,266,8,6,8,4.4,5,48.66,Needs Improvement
982,Robert Johnston,66,1.4,57,3.4,6,289,9,7,6,4.7,1,66.03,Average
983,Larry Huang,66,13.29,94,4.7,9,219,3,5,1,9.7,8,40.5,Needs Improvement
984,Ryan Myers,40,4.15,75,3.5,10,186,8,3,7,9.6,4,46.72,Needs Improvement
985,Michael Sanders,96,12.34,69,3.8,6,228,4,8,4,6.8,6,38.83,Needs Improvement
986,James Harris,64,11.19,99,1.9,5,268,4,2,3,10.9,3,51.79,Needs Improvement
987,Nathan Duran,84,12.3,55,2.2,5,242,7,7,4,8.3,7,49.28,Needs Improvement
988,Karen Price,54,11.07,80,1.1,5,80,2,4,3,3.1,8,22.16,Needs Improvement
989,Taylor Curtis,78,3.26,93,4.4,3,96,10,1,1,4.4,1,78.53,Average
990,Steven Reed,47,14.74,69,1.9,3,22,9,3,3,8.3,1,37.91,Needs Improvement
991,Joan Nelson,84,1.5,72,1.1,8,77,2,7,1,3.0,6,36.02,Needs Improvement
992,Sylvia Hopkins,82,2.02,62,1.6,1,55,6,9,7,4.0,8,57.49,Needs Improvement
993,Connor Gordon,80,7.16,90,1.2,3,83,8,8,7,2.3,6,40.76,Needs Improvement
994,Casey Noble,71,11.97,76,4.4,3,195,5,2,7,4.4,6,42.44,Needs Improvement
995,Elizabeth Parker,87,1.74,57,3.2,5,34,1,9,9,6.6,7,50.06,Needs Improvement
996,Erin Cummings,61,13.82,98,2.7,0,63,8,6,9,7.2,3,61.42,Average
997,Misty Collins,48,8.18,55,2.7,2,14,2,7,10,6.7,6,40.97,Needs Improvement
998,Dakota Anderson,78,8.54,66,2.5,7,38,4,3,3,3.0,9,23.96,Needs Improvement
999,Jessica Harris,80,3.63,70,2.2,3,241,8,4,5,11.3,5,73.09,Average
1000,Richard Hughes,82,3.41,100,2.3,4,243,9,8,7,9.3,5,71.45,Average
1001,Cynthia Mcguire,91,14.66,87,3.7,6,221,7,6,5,3.7,2,43.09,Needs Improvement
1002,Tamara Fritz,76,14.51,94,4.5,4,284,2,9,1,9.9,1,60.37,Average
1003,Russell Hansen,83,6.31,70,2.3,10,174,3,6,3,5.5,8,27.14,Needs Improvement
1004,Brittany Richardson,83,4.83,80,2.9,3,146,6,9,9,3.6,5,63.06,Average
1005,Tracy Harvey,66,14.78,51,3.8,0,279,5,10,2,11.4,2,66.72,Average
1006,Jeanne Torres,85,13.23,92,2.1,6,15,1,1,6,2.9,5,18.74,Needs Improvement
1007,Kimberly Marshall,80,1.76,61,2.8,10,297,3,5,10,2.9,10,31.59,Needs Improvement
1008,Tracy Case,60,6.05,77,3.3,9,182,1,10,4,8.7,1,52.03,Needs Improvement
1009,Dominique Johnson,64,10.99,55,1.4,5,86,6,6,2,10.2,7,30.21,Needs Improvement
1010,Justin Cunningham,61,4.51,64,4.6,7,285,6,10,2,9.1,9,61.31,Average
1011,James Williams,57,1.65,80,4.6,9,81,9,1,5,3.9,5,45.08,Needs Improvement
1012,Kari Brown,73,8.77,82,1.8,5,48,1,6,10,11.7,10,49.86,Needs Improvement
1013,Jasmine Duran,65,12.37,64,3.2,1,140,8,2,3,3.7,9,28.84,Needs Improvement
1014,Gary Cook,59,5.02,79,1.5,8,93,9,10,4,11.1,2,48.72,Needs Improvement
1015,Michael Prince,55,7.83,75,1.0,1,67,1,7,4,3.1,8,15.6,Needs Improvement
1016,Chad Barrett,44,12.01,75,4.1,5,262,8,3,7,9.8,1,54.12,Needs Improvement
1017,Samantha Mullen,72,5.63,59,4.3,3,293,5,1,6,7.0,3,69.58,Average
1018,Brian Jones,41,8.18,75,4.2,1,144,3,10,6,10.6,5,68.31,Average
1019,Luke Davis,54,3.72,70,4.9,6,4,7,9,5,8.5,8,48.16,Needs Improvement
1020,Dylan Garrett,79,8.04,81,2.1,5,43,9,8,3,4.0,2,38.89,Needs Improvement
1021,Lori Wu DVM,50,3.14,72,3.3,10,39,9,7,4,11.5,1,57.69,Needs Improvement
1022,Adam Merritt,75,8.75,77,1.3,3,90,6,3,7,6.5,4,42.0,Needs Improvement
1023,Jennifer Thompson,49,5.58,90,2.2,3,186,7,2,4,10.4,4,62.9,Average
1024,Elizabeth Kerr,98,8.01,92,1.6,9,229,6,2,8,4.7,7,42.08,Needs Improvement
1025,Sharon Price,66,9.59,95,2.9,8,145,7,3,7,11.0,10,33.87,Needs Improvement
1026,Yesenia Wilson DDS,68,9.14,94,3.1,4,141,5,9,8,11.1,6,61.04,Average
1027,Jessica Montgomery,42,6.16,96,1.7,6,18,2,2,8,8.8,3,41.34,Needs Improvement
1028,Autumn Jennings,93,1.7,76,4.8,8,146,1,3,7,9.7,5,62.96,Average
1029,Austin Gilmore,69,9.49,57,4.7,9,12,10,2,10,2.3,1,33.05,Needs Improvement
1030,Julian Carney,66,3.33,83,3.4,7,278,1,4,3,2.7,9,33.43,Needs Improvement
1031,Stephanie Proctor,62,1.87,58,2.7,8,54,5,8,7,10.1,1,52.93,Needs Improvement
1032,Steve Turner,78,5.62,54,3.5,5,172,10,8,6,11.9,4,60.87,Average
1033,Kristi Wagner,50,2.77,79,4.1,2,189,5,5,6,9.5,6,64.31,Average
1034,Sharon Vasquez,68,9.36,70,2.3,2,145,9,7,5,10.2,4,65.22,Average
1035,Ashley Ferguson,88,11.74,50,2.3,4,22,9,6,3,3.6,4,28.66,Needs Improvement
1036,Donna Smith,66,11.5,61,2.5,1,288,2,4,8,11.6,10,46.79,Needs Improvement
1037,Ashley Bruce,70,4.23,94,5.0,3,190,6,2,10,10.5,6,72.38,Average
1038,Steven Douglas,95,13.61,77,4.6,5,83,1,7,8,6.7,1,50.54,Needs Improvement
1039,Gregory Peterson,91,8.42,91,1.6,4,37,3,7,6,7.6,5,41.12,Needs Improvement
1040,Tyler Wilson,45,1.25,71,3.2,3,257,10,4,8,3.9,2,58.96,Needs Improvement
1041,Megan Silva,48,10.26,62,2.3,1,42,6,7,3,3.4,5,37.89,Needs Improvement
1042,Michele Bruce,96,14.01,85,4.6,1,195,7,10,8,7.7,4,75.31,Average
1043,Debra Miller,54,6.56,66,4.4,5,63,2,8,5,5.0,2,48.04,Needs Improvement
1044,Michael Mahoney,80,14.05,80,4.0,10,220,1,8,9,11.5,6,45.17,Needs Improvement
1045,Danny Lopez,57,10.63,61,4.4,1,166,10,9,7,7.0,4,62.98,Average
1046,Tyler Gates,63,7.25,75,4.3,9,9,1,5,2,9.1,9,24.49,Needs Improvement
1047,Lisa Patel,46,1.05,58,2.7,6,239,9,8,1,3.8,8,43.63,Needs Improvement
1048,Anthony Hill,59,8.94,89,2.1,8,58,7,8,6,11.2,6,46.5,Needs Improvement
1049,Ian Williams,73,7.38,98,4.4,7,255,6,10,2,11.6,7,67.7,Average
1050,Christopher Lin,44,12.66,95,3.2,0,229,2,2,9,11.7,9,49.37,Needs Improvement
1051,Abigail Beck,75,9.1,64,2.0,9,192,10,4,10,4.7,8,22.59,Needs Improvement
1052,Elizabeth Smith,79,8.34,82,3.5,8,143,5,2,7,8.1,9,32.91,Needs Improvement
1053,Frances Navarro,96,3.94,73,2.9,2,16,5,4,1,4.3,8,48.07,Needs Improvement
1054,Bryan Schmidt,45,13.28,88,1.7,4,248,6,10,10,7.6,1,47.62,Needs Improvement
1055,Tracy Ponce,56,10.05,95,3.0,4,272,8,5,5,11.8,1,71.27,Average
1056,Heidi Sanchez,40,2.65,55,2.9,10,223,9,6,5,6.3,3,47.7,Needs Improvement
1057,Matthew Silva,69,4.78,64,2.2,3,299,10,2,3,5.2,9,51.71,Needs Improvement
1058,Mrs. Patricia Lee MD,48,1.12,70,4.5,8,60,5,8,1,3.7,1,54.95,Needs Improvement
1059,Aaron Brooks,97,6.72,88,1.1,4,112,6,10,5,10.4,10,64.76,Average
1060,Nancy Gregory,70,5.08,93,2.2,2,193,4,5,10,5.6,3,65.57,Average
1061,Vanessa Figueroa,61,4.56,60,3.5,4,191,4,10,2,3.3,3,50.18,Needs Improvement
1062,Charles Carter,43,5.8,94,4.4,4,274,5,3,5,4.6,9,55.41,Needs Improvement
1063,Stephen White,86,8.94,55,3.6,3,128,10,1,3,7.5,6,51.59,Needs Improvement
1064,Catherine Joseph,89,10.45,96,1.2,1,188,9,5,8,6.5,5,63.77,Average
1065,Amanda Yates,88,11.69,85,4.3,5,161,8,1,9,8.7,10,38.65,Needs Improvement
1066,Dominique Chase,97,11.18,66,5.0,1,9,5,5,3,6.5,3,61.14,Average
1067,Melanie Sloan,45,14.47,94,2.5,2,293,4,8,3,8.9,3,44.69,Needs Improvement
1068,Danny Ruiz,52,2.12,94,1.4,2,245,8,1,9,2.7,2,57.68,Needs Improvement
1069,Benjamin Adams,58,14.38,68,3.1,8,297,7,4,4,6.9,4,29.93,Needs Improvement
1070,Monica Smith,79,14.01,60,1.7,7,280,2,3,2,2.6,2,8.6,Needs Improvement
1071,Timothy Hartman,83,4.85,65,4.9,1,30,4,1,2,10.3,10,53.67,Needs Improvement
1072,Frank Cameron,75,13.09,52,1.8,10,127,7,2,5,7.9,10,16.64,Needs Improvement
1073,Richard Henry,75,1.28,91,2.0,8,86,2,1,2,8.8,2,52.08,Needs Improvement
1074,Holly Mitchell,82,15.0,77,2.0,8,211,9,3,1,6.0,10,20.62,Needs Improvement
1075,Gary Braun,81,8.8,85,3.6,2,275,2,10,2,7.8,7,58.22,Needs Improvement
1076,Stephanie Mayer,56,14.25,68,1.6,3,95,10,8,10,11.4,4,51.75,Needs Improvement
1077,Christopher Valencia,75,7.41,85,3.8,8,276,10,8,8,2.4,10,46.76,Needs Improvement
1078,Adam Nielsen,44,1.98,57,4.4,3,248,9,7,8,11.3,5,78.39,Average
1079,Michelle Howell,58,13.47,68,4.7,0,126,10,7,3,8.8,2,64.98,Average
1080,Elizabeth Salinas,68,13.28,64,2.9,4,246,4,10,7,9.0,4,40.05,Needs Improvement
1081,David King,91,2.0,52,2.8,1,192,9,1,6,9.1,1,79.69,Average
1082,Nicole Perez,67,4.74,79,2.0,3,235,6,10,4,4.6,8,53.71,Needs Improvement
1083,William Harris,80,6.16,90,2.2,4,159,8,1,2,9.5,1,56.56,Needs Improvement
1084,Teresa Wilson,72,14.12,54,2.5,0,70,1,6,6,2.5,2,42.89,Needs Improvement
1085,Matthew Garcia,89,1.69,70,2.2,1,218,1,5,4,11.7,2,75.84,Average
1086,Robert Benton,59,1.19,68,2.1,10,206,8,9,7,6.4,5,46.86,Needs Improvement
1087,Natalie Wilson,79,11.77,68,2.8,7,240,7,9,3,7.4,8,45.6,Needs Improvement
1088,Melissa Fields,90,14.85,63,1.3,7,5,7,9,6,5.2,3,31.79,Needs Improvement
1089,William Glass,50,8.45,59,4.6,10,288,4,3,5,6.2,8,29.79,Needs Improvement
1090,Dr. Courtney Walsh MD,71,14.3,85,4.8,2,20,3,5,5,10.4,1,62.87,Average
1091,Mark Taylor,51,7.27,55,2.6,1,55,3,10,6,7.6,4,40.14,Needs Improvement
1092,Samantha Clark,65,10.63,59,4.1,5,150,1,5,7,8.7,2,45.64,Needs Improvement
1093,Ronald Wright,80,5.85,71,4.1,8,148,4,2,3,10.3,5,57.64,Needs Improvement
1094,Rachael Bender,87,9.11,95,4.3,9,167,6,6,1,4.1,10,43.49,Needs Improvement
1095,Mrs. Shelley Page,54,9.71,61,3.8,9,297,4,6,9,2.3,3,35.47,Needs Improvement
1096,Robert Frazier,78,9.17,57,2.3,2,157,10,6,7,8.4,10,42.97,Needs Improvement
1097,Jennifer Wang,83,5.92,53,3.5,0,197,4,5,5,6.9,2,62.61,Average
1098,James Dunn,69,11.66,67,4.6,5,90,8,9,6,3.4,4,38.61,Needs Improvement
1099,Scott Bonilla,57,10.26,72,2.2,0,272,5,2,8,11.3,3,59.47,Needs Improvement
1100,David Robles,65,7.91,77,2.7,9,172,8,3,6,4.7,10,23.4,Needs Improvement
1101,Jamie Gray,66,9.54,88,4.3,2,238,5,6,2,8.7,6,63.64,Average
1102,Savannah Rodriguez,67,5.81,77,1.7,5,42,5,5,6,8.0,9,35.47,Needs Improvement
1103,Anthony Hamilton,92,9.12,88,2.3,4,0,9,9,8,4.7,3,55.95,Needs Improvement
1104,Mrs. Shannon Williams,98,7.14,64,3.4,10,76,5,6,7,3.5,10,35.74,Needs Improvement
1105,Benjamin Jensen,55,8.89,97,2.0,10,44,7,3,3,9.7,2,32.78,Needs Improvement
1106,Sara Arroyo,59,13.5,89,1.9,9,49,4,6,3,7.9,5,19.23,Needs Improvement
1107,Christine Lee,41,8.75,92,4.4,8,136,1,7,9,6.1,2,36.6,Needs Improvement
1108,Jamie Wells,41,11.14,100,1.1,3,88,10,1,8,11.9,5,44.67,Needs Improvement
1109,Pamela Moss,62,2.51,80,2.2,7,105,8,9,2,9.3,4,46.18,Needs Improvement
1110,Kimberly Powers,56,11.81,98,3.3,4,232,2,2,3,6.4,3,39.35,Needs Improvement
1111,Preston Smith,56,12.72,95,4.3,0,111,4,1,1,7.0,10,34.63,Needs Improvement
1112,Kristen Jones,70,11.4,65,2.6,7,15,4,3,1,3.2,9,7.97,Needs Improvement
1113,Natalie Evans,92,9.35,86,2.6,0,259,3,8,7,3.1,7,58.08,Needs Improvement
1114,Paul Bailey,94,6.05,53,4.0,5,98,6,1,1,5.5,10,45.26,Needs Improvement
1115,David Jones,47,14.06,87,1.3,4,153,4,1,3,6.7,4,22.73,Needs Improvement
1116,Daniel Quinn,98,11.58,67,1.1,9,52,1,8,4,8.0,2,37.5,Needs Improvement
1117,Mrs. Natalie Robinson,58,9.59,59,3.6,5,22,4,7,10,8.9,4,49.88,Needs Improvement
1118,Elizabeth Gamble,78,7.34,67,4.3,10,142,5,10,5,6.9,9,40.95,Needs Improvement
1119,Rhonda Garcia,46,12.83,59,1.5,3,229,8,9,1,6.2,8,33.44,Needs Improvement
1120,Krista Wade,74,11.61,70,2.1,4,9,1,4,6,10.3,7,42.65,Needs Improvement
1121,Angela Roth,79,2.4,53,3.7,4,189,4,9,7,3.3,1,61.62,Average
1122,Oscar Hill,54,6.97,97,4.6,4,63,6,3,5,4.2,3,57.08,Needs Improvement
1123,Collin Sanchez,56,7.78,73,3.8,6,88,8,3,2,3.7,7,31.61,Needs Improvement
1124,Robert Welch,79,10.07,69,1.9,1,76,1,4,7,2.8,9,25.5,Needs Improvement
1125,Karen Hudson,71,5.71,80,1.1,6,9,6,10,4,4.2,9,39.54,Needs Improvement
1126,Austin Hansen,91,6.7,66,3.9,5,12,1,4,5,7.8,4,46.11,Needs Improvement
1127,Jesse Andrews,74,10.46,76,2.6,3,284,10,5,7,11.7,5,67.44,Average
1128,Jaime Harris,51,14.51,100,2.6,5,20,1,1,4,8.8,4,34.92,Needs Improvement
1129,Gwendolyn Roberts,86,8.61,81,1.4,5,160,10,9,7,8.2,7,59.45,Needs Improvement
1130,Brian Robertson,90,6.56,95,3.5,6,70,4,7,5,10.5,4,65.97,Average
1131,Nicholas Wang,62,1.25,97,4.2,1,192,2,10,8,4.5,8,76.47,Average
1132,Vanessa Bennett,83,2.33,55,4.6,1,223,3,6,10,11.1,2,87.99,Excellent
1133,Joyce Huang,78,9.32,73,2.4,8,291,7,10,10,6.8,1,61.9,Average
1134,Erik Davis,44,14.23,55,4.5,6,119,7,7,9,10.1,7,31.12,Needs Improvement
1135,Crystal Vargas,48,8.91,99,2.4,3,71,5,9,9,4.5,10,35.34,Needs Improvement
1136,Michael Brown,40,7.94,64,4.6,9,198,1,8,3,4.9,3,29.8,Needs Improvement
1137,Joyce Lee,69,3.12,78,4.7,3,13,3,10,10,10.9,5,80.69,Excellent
1138,Lindsey Shaw,91,5.69,85,3.1,7,156,5,6,8,6.8,5,61.87,Average
1139,Lori Carroll,91,11.62,60,3.1,0,29,6,7,5,5.9,8,44.16,Needs Improvement
1140,Richard Allen,66,6.29,76,3.5,2,85,3,5,3,11.0,10,50.85,Needs Improvement
1141,Samantha Thomas,76,12.19,81,1.1,7,117,2,7,8,10.2,9,30.67,Needs Improvement
1142,Kenneth Thomas,75,7.3,65,4.7,9,246,8,6,1,2.2,9,43.25,Needs Improvement
1143,Wendy Rivera,77,11.75,66,1.5,7,117,8,8,8,2.2,7,19.02,Needs Improvement
1144,Emily Perry,99,5.01,59,2.5,1,92,4,5,2,2.5,1,45.08,Needs Improvement
1145,Mark Strickland,49,7.38,90,2.2,4,250,10,9,10,5.1,4,59.06,Needs Improvement
1146,Mary Lamb,100,1.4,62,1.6,0,184,1,2,2,4.2,7,54.24,Needs Improvement
1147,Anthony Holloway,98,9.64,83,2.5,1,8,4,5,9,3.2,9,40.71,Needs Improvement
1148,Michael Smith,65,4.91,65,2.1,7,281,4,9,7,5.3,3,43.71,Needs Improvement
1149,Michelle Kelly,59,3.52,76,1.4,2,112,7,6,10,5.5,2,62.84,Average
1150,Rebecca Martin,95,6.25,83,1.8,2,144,2,9,1,8.5,2,55.93,Needs Improvement
1151,George Garner,73,8.26,86,2.2,9,188,3,4,10,2.2,5,22.62,Needs Improvement
1152,Kelsey Roy,70,8.87,50,1.4,1,180,5,5,2,6.5,4,39.93,Needs Improvement
1153,Daniel Hudson,52,9.73,78,4.3,10,210,1,1,6,11.8,1,47.0,Needs Improvement
1154,Justin Black,83,13.01,53,4.0,0,200,1,2,6,10.4,6,55.35,Needs Improvement
1155,Tina Nolan,41,8.13,94,1.3,10,236,3,8,7,6.5,3,29.12,Needs Improvement
1156,Dennis Mahoney,47,13.17,54,1.2,4,213,7,9,1,9.1,9,24.34,Needs Improvement
1157,Bradley Rodriguez,76,13.19,82,4.0,8,240,1,4,3,3.8,3,41.06,Needs Improvement
1158,Sandra Fitzgerald,50,7.68,75,5.0,0,219,8,7,8,11.0,6,73.75,Average
1159,Aaron Hale,68,11.16,78,3.9,2,69,7,7,4,4.4,2,48.27,Needs Improvement
1160,Tina Taylor,70,11.59,85,1.4,3,165,4,7,7,10.2,5,43.79,Needs Improvement
1161,David Webb,86,5.76,56,2.0,5,166,7,10,2,6.6,2,56.12,Needs Improvement
1162,James Noble,65,13.19,54,4.1,1,152,8,8,10,7.9,6,58.67,Needs Improvement
1163,Scott Bryant,54,10.39,97,2.4,2,83,3,6,9,11.7,10,48.1,Needs Improvement
1164,Jessica Davis,63,8.45,77,4.2,7,88,1,9,2,10.1,1,54.63,Needs Improvement
1165,Frances Buck,71,14.84,76,1.3,6,284,2,5,10,11.9,3,32.35,Needs Improvement
1166,Daniel Hardin,83,12.56,93,1.6,0,127,1,2,1,3.2,9,17.65,Needs Improvement
1167,Barbara Williams,83,1.09,53,1.0,10,8,7,1,1,11.6,1,33.86,Needs Improvement
1168,Gregory Calderon,60,5.9,84,1.5,6,136,1,5,3,6.8,7,38.19,Needs Improvement
1169,Jerry Mueller,65,10.69,92,4.9,9,294,3,3,3,9.8,6,46.55,Needs Improvement
1170,Joshua Lyons,85,13.97,70,3.9,4,61,10,2,5,12.0,7,50.86,Needs Improvement
1171,Cindy Walker,73,11.28,87,1.9,8,221,10,1,8,10.6,7,47.28,Needs Improvement
1172,Mr. Kenneth Anderson,56,12.42,73,1.7,10,89,10,10,10,2.9,1,23.69,Needs Improvement
1173,Brandon Mercado,100,13.03,69,4.3,7,186,8,5,6,11.9,3,65.09,Average
1174,James Clay,93,10.5,78,3.0,1,154,7,1,4,11.0,5,63.86,Average
1175,Maria Oneal DDS,63,8.65,93,1.4,0,52,10,1,1,8.8,9,38.99,Needs Improvement
1176,Julie Hamilton,83,6.62,58,4.7,4,252,7,8,4,7.7,6,66.93,Average
1177,Holly Harper,60,7.01,72,2.1,4,6,4,7,5,8.8,2,49.48,Needs Improvement
1178,Christopher Medina,64,8.57,69,1.3,4,192,10,3,8,11.3,10,44.31,Needs Improvement
1179,Joshua Hughes,73,8.36,80,4.9,10,0,6,10,2,10.7,1,54.93,Needs Improvement
1180,Tiffany Liu,82,13.74,51,1.3,7,15,5,6,3,8.7,2,29.64,Needs Improvement
1181,Kelly Haley,71,6.27,71,2.2,0,253,8,1,5,10.8,3,64.52,Average
1182,James Gilmore,46,9.73,88,4.4,10,205,3,4,1,11.8,9,39.88,Needs Improvement
1183,Carol Tate,49,3.24,96,3.6,2,189,10,4,9,7.1,1,67.51,Average
1184,Carlos Chapman,74,9.1,58,1.8,0,170,3,2,8,10.6,1,59.83,Needs Improvement
1185,Amanda Trujillo,45,7.49,71,1.6,2,264,3,7,4,3.9,2,51.75,Needs Improvement
1186,Jeremy Duffy,93,9.13,56,3.2,1,23,2,3,3,2.7,5,33.45,Needs Improvement
1187,Michael Shelton,49,4.54,94,2.1,5,233,7,3,2,10.6,5,55.98,Needs Improvement
1188,Catherine Flores,75,1.7,81,2.6,1,256,8,2,3,8.9,2,74.87,Average
1189,Jennifer Richardson,75,12.9,100,2.7,0,211,6,4,7,9.1,6,66.98,Average
1190,Joseph Oconnor,53,12.72,60,2.8,0,102,8,2,3,4.3,5,32.74,Needs Improvement
1191,Ronnie Stevens,58,10.38,83,3.5,8,9,2,8,1,3.1,10,17.85,Needs Improvement
1192,Bryan Williams,48,9.42,59,2.8,9,148,5,1,3,8.5,10,23.42,Needs Improvement
1193,Roger Torres,88,11.9,58,2.0,0,231,5,7,7,2.7,6,35.3,Needs Improvement
1194,John Moss,54,8.27,96,2.6,1,9,6,2,1,11.5,4,58.26,Needs Improvement
1195,Jon Wade,52,6.28,54,2.8,5,37,7,8,8,11.9,10,43.09,Needs Improvement
1196,John Wright,65,9.48,50,1.4,3,84,6,3,5,6.1,1,30.25,Needs Improvement
1197,Leah Olson,42,11.0,78,3.6,6,179,9,7,5,7.9,10,41.31,Needs Improvement
1198,Terry Cunningham,82,5.42,82,1.7,4,155,5,8,1,2.1,9,36.74,Needs Improvement
1199,Samuel Green II,41,13.52,100,1.9,6,2,3,3,8,8.4,2,19.64,Needs Improvement
1200,Barbara Coleman,54,2.03,67,1.4,7,66,1,8,1,4.6,9,25.75,Needs Improvement
1201,Cassidy Keith,80,9.61,74,1.7,4,138,4,6,1,9.6,4,53.1,Needs Improvement
1202,Crystal Miller,78,6.25,79,4.2,5,181,4,7,7,10.2,1,75.54,Average
1203,Karla Cole,92,4.39,84,1.4,3,92,1,1,10,5.6,2,55.58,Needs Improvement
1204,Jacqueline Woods,65,2.09,70,4.8,10,247,1,7,8,8.2,8,60.5,Average
1205,Raymond Martinez,62,10.05,51,5.0,3,166,4,10,6,4.9,6,52.31,Needs Improvement
1206,Phillip Griffin,49,6.74,81,2.9,2,217,1,2,3,3.0,8,30.32,Needs Improvement
1207,Zachary Rose,44,14.22,97,2.2,10,83,9,4,5,9.2,8,23.16,Needs Improvement
1208,Jaime Knight,85,5.39,86,2.8,4,66,7,10,5,11.1,2,74.99,Average
1209,John Johnson,64,14.53,70,1.6,7,223,8,4,3,3.1,2,22.67,Needs Improvement
1210,Brian Daniel,72,14.8,67,1.4,0,114,1,8,7,8.9,3,45.11,Needs Improvement
1211,Heather Williams,70,14.63,73,2.3,2,160,2,8,1,3.6,5,35.5,Needs Improvement
1212,Tracey Montoya,93,8.66,83,3.1,3,1,3,6,10,3.5,8,44.32,Needs Improvement
1213,Tamara Ramos,65,11.85,90,2.0,3,126,9,8,2,10.3,9,55.14,Needs Improvement
1214,Joann Jones,66,1.7,84,2.5,0,189,4,3,6,7.3,7,58.94,Needs Improvement
1215,Sherry Garcia,73,9.04,64,3.0,7,48,1,1,4,11.6,8,35.07,Needs Improvement
1216,Barbara Mcmahon,88,10.29,61,1.5,7,80,5,2,1,7.3,1,34.28,Needs Improvement
1217,Nathan Hernandez,98,4.76,85,1.8,2,242,10,5,3,11.7,5,78.91,Average
1218,Vanessa Evans,51,4.0,61,1.6,2,298,2,1,1,8.9,9,33.99,Needs Improvement
1219,Pam Ortega,68,7.08,74,3.7,10,293,1,10,5,7.6,7,48.06,Needs Improvement
1220,Molly Mcclain,63,3.64,70,4.5,9,216,4,8,8,3.8,6,39.53,Needs Improvement
1221,Tyler Erickson,76,12.66,53,4.7,0,15,9,10,1,10.3,5,57.06,Needs Improvement
1222,Elizabeth Gomez,41,12.08,87,1.1,1,95,4,4,1,6.7,2,39.54,Needs Improvement
1223,Daniel Lewis,85,5.04,96,4.7,10,117,7,6,10,4.2,3,63.23,Average
1224,Ariel Delgado,62,10.88,78,4.4,8,146,6,4,1,4.1,6,27.07,Needs Improvement
1225,Thomas Gross,47,2.24,99,2.6,1,79,2,4,4,9.4,8,55.37,Needs Improvement
1226,Aaron Ayala,65,4.17,54,2.3,7,211,2,2,6,8.2,4,54.35,Needs Improvement
1227,Bonnie Sexton,89,5.19,74,3.2,10,203,5,2,6,11.4,6,54.53,Needs Improvement
1228,Brian Kelly,63,6.24,86,1.6,4,190,7,7,5,2.7,5,41.17,Needs Improvement
1229,Danny Pineda,94,9.87,82,1.2,2,250,5,4,2,10.3,7,51.76,Needs Improvement
1230,Tonya Smith,80,5.66,76,2.3,3,84,5,8,4,2.9,7,40.42,Needs Improvement
1231,Ashley Walter,98,6.97,81,2.2,9,292,5,9,8,2.2,7,37.09,Needs Improvement
1232,Billy Ray,90,2.61,69,3.5,5,169,5,9,3,9.8,7,66.41,Average
1233,Daniel Serrano,92,10.42,52,2.5,3,285,10,6,5,11.0,6,62.48,Average
1234,Charles Garcia,58,8.05,78,2.4,10,274,10,5,3,10.0,9,39.99,Needs Improvement
1235,Jared King,67,12.79,52,1.3,4,13,8,3,8,8.7,8,13.73,Needs Improvement
1236,Jaime Weaver,65,9.76,67,1.1,5,47,7,8,1,4.8,3,30.41,Needs Improvement
1237,Ronald Wolf,77,6.39,53,4.3,7,144,1,1,4,10.7,4,46.17,Needs Improvement
1238,Lauren Lang,69,4.65,74,3.8,0,245,1,4,5,3.6,9,48.05,Needs Improvement
1239,Brittany Doyle,99,11.3,75,3.3,7,226,4,10,4,4.4,9,53.19,Needs Improvement
1240,Mark Knox,76,11.33,57,2.3,3,227,5,10,9,10.1,7,50.76,Needs Improvement
1241,Shannon Houston,60,11.45,91,4.9,3,95,1,5,8,2.9,8,33.03,Needs Improvement
1242,Rhonda Cervantes,94,4.99,82,4.8,1,162,3,9,10,4.5,2,78.7,Average
1243,Ryan Ramirez,90,11.06,88,3.7,10,149,4,6,1,3.6,8,29.85,Needs Improvement
1244,John Hull,76,13.09,51,4.0,5,247,8,5,5,4.5,3,39.54,Needs Improvement
1245,Nicholas Barnes,87,7.17,64,1.8,0,67,6,6,3,4.3,10,47.13,Needs Improvement
1246,Timothy Taylor,73,2.66,64,1.6,3,71,10,3,3,6.9,10,43.45,Needs Improvement
1247,Todd Whitaker,47,1.64,67,4.2,10,49,3,8,6,5.2,7,38.12,Needs Improvement
1248,Charles Ross,81,13.82,100,1.2,9,203,9,9,5,11.0,9,52.02,Needs Improvement
1249,Donald Miller,96,8.1,52,1.5,0,201,2,8,8,5.3,7,46.35,Needs Improvement
1250,Jason Franklin,99,8.98,64,3.4,2,196,8,7,6,7.6,1,68.26,Average
1251,Jason Phelps,97,6.14,95,2.0,7,173,7,6,4,5.7,9,45.68,Needs Improvement
1252,Tonya Hughes,94,11.18,85,4.3,3,141,10,8,2,5.3,4,62.09,Average
1253,Katie Phillips,90,5.18,54,3.5,3,11,4,1,7,5.0,2,51.04,Needs Improvement
1254,Carlos Pitts,42,3.5,87,2.4,1,245,10,5,7,4.1,8,59.24,Needs Improvement
1255,Cheryl Lowe,65,2.69,70,1.5,3,20,1,1,3,9.0,3,44.95,Needs Improvement
1256,Maria Compton,84,3.44,54,3.0,2,128,7,4,3,4.4,1,68.42,Average
1257,Faith Blackwell,79,7.63,63,1.2,7,214,8,6,6,6.7,5,45.23,Needs Improvement
1258,Paul Davis,70,6.55,86,5.0,6,260,4,1,6,7.1,6,46.7,Needs Improvement
1259,Michelle Marsh,71,8.71,66,2.2,8,171,10,6,2,9.9,4,45.67,Needs Improvement
1260,Adam Davis,84,2.09,94,2.7,3,66,3,2,3,6.6,10,44.36,Needs Improvement
1261,Jesus Malone,88,9.0,58,4.9,2,47,8,1,5,11.4,5,77.64,Average
1262,Walter Jones,69,4.15,96,3.7,0,258,6,6,7,8.2,1,76.26,Average
1263,Brian Roberts,94,12.91,75,2.6,7,115,8,5,5,7.8,7,36.59,Needs Improvement
1264,Ricky Johnson,96,6.2,75,4.9,10,286,5,1,4,8.7,2,60.66,Average
1265,Jennifer Rose,89,5.15,57,4.2,8,27,9,2,1,2.8,10,30.49,Needs Improvement
1266,Chelsea Swanson,58,2.4,98,3.1,6,229,2,4,2,10.7,3,61.16,Average
1267,Matthew Johnson,54,5.67,70,4.5,6,205,10,8,9,10.6,5,68.67,Average
1268,Ronald Ramos,65,12.01,71,2.3,8,137,10,9,10,7.0,3,44.58,Needs Improvement
1269,Miss Amanda Nelson DDS,82,1.78,64,3.7,5,132,5,2,7,8.1,3,65.49,Average
1270,Angela Rogers,85,12.44,80,3.2,10,55,5,6,10,7.3,6,25.52,Needs Improvement
1271,Paul Brown,67,10.88,61,1.1,5,43,9,3,5,9.0,8,28.4,Needs Improvement
1272,John Garcia,77,2.66,93,2.2,10,134,10,8,1,10.9,4,57.24,Needs Improvement
1273,Jessica Holloway,77,14.97,97,4.9,4,145,4,2,7,7.9,3,60.41,Average
1274,Candice Bennett,93,1.87,53,1.7,1,210,4,7,6,6.4,9,60.36,Average
1275,Melissa Baker,54,13.71,51,1.0,3,162,10,6,3,11.2,1,45.73,Needs Improvement
1276,Jodi Smith,43,14.86,81,3.3,1,66,4,4,10,3.9,10,25.68,Needs Improvement
1277,Johnny Moore,61,14.73,60,3.5,7,142,5,3,4,6.1,5,30.15,Needs Improvement
1278,Sarah Rogers,78,8.56,69,4.9,9,145,7,4,2,4.4,2,40.92,Needs Improvement
1279,David Williamson,97,3.6,50,3.7,4,128,6,7,1,5.2,7,55.45,Needs Improvement
1280,Warren Cameron,91,11.17,82,3.2,10,264,8,8,5,11.1,1,73.13,Average
1281,Karen Dean,54,12.68,87,4.9,4,25,8,3,6,3.4,3,32.65,Needs Improvement
1282,Nicholas Dixon,78,4.45,70,2.1,9,190,4,8,9,5.6,2,51.32,Needs Improvement
1283,Bethany Jenkins,54,9.54,92,2.5,7,240,8,10,2,11.5,2,65.19,Average
1284,Caleb Armstrong,47,14.22,61,1.8,9,253,3,2,6,8.0,7,8.27,Needs Improvement
1285,Tracie Gutierrez,67,4.54,69,1.7,2,172,8,2,9,4.1,8,42.22,Needs Improvement
1286,Matthew Barry,89,5.22,64,2.5,9,128,6,3,3,11.7,1,53.59,Needs Improvement
1287,Anthony Todd,40,1.64,52,1.4,0,137,4,9,4,8.5,7,52.59,Needs Improvement
1288,Donna Armstrong,81,10.69,64,3.2,0,230,4,2,2,5.9,7,40.13,Needs Improvement
1289,Heather Marshall,60,10.36,75,3.3,1,129,5,1,6,8.8,7,42.08,Needs Improvement
1290,Christy Chavez,66,2.57,83,4.8,8,86,1,8,3,2.5,5,35.95,Needs Improvement
1291,Adam Yu,56,5.91,59,1.4,10,233,6,8,6,11.1,4,38.25,Needs Improvement
1292,Scott Torres,79,8.61,98,2.3,9,185,2,10,2,7.3,3,52.22,Needs Improvement
1293,James Tucker,100,12.78,78,3.9,4,162,3,7,5,6.7,6,55.95,Needs Improvement
1294,Joseph Peters,79,3.62,54,4.4,5,176,3,6,9,5.7,6,45.04,Needs Improvement
1295,James Wilson,40,12.9,64,3.0,2,194,5,1,7,7.8,4,43.38,Needs Improvement
1296,Maria Flores,65,4.24,68,3.5,10,54,4,10,9,10.4,10,44.68,Needs Improvement
1297,Gina Woods,45,7.81,90,3.7,1,270,1,5,8,3.2,2,52.02,Needs Improvement
1298,Allen Garcia,58,4.89,52,2.0,1,150,4,6,5,6.3,2,55.28,Needs Improvement
1299,Terri Henry,69,1.35,91,2.7,7,144,4,2,1,4.3,3,37.31,Needs Improvement
1300,Steven Brown,78,5.71,97,1.5,5,214,2,6,6,4.7,7,38.12,Needs Improvement
1301,Amanda Fitzgerald,77,14.27,80,1.7,7,109,3,3,8,3.8,4,24.5,Needs Improvement
1302,Bruce Hensley,58,3.61,59,4.8,1,215,9,8,10,10.5,10,73.72,Average
1303,Anthony Oneal,89,10.67,62,4.6,5,120,10,4,5,9.9,8,54.13,Needs Improvement
1304,Stacy Smith,90,11.46,83,3.1,7,258,7,10,10,8.5,8,60.72,Average
1305,Courtney Roberts,88,6.31,65,2.3,9,152,8,6,6,10.8,6,54.71,Needs Improvement
1306,Alexis Henson,41,7.5,85,1.6,4,111,5,4,1,7.0,8,40.39,Needs Improvement
1307,Colin Vega,90,3.77,94,3.9,8,41,9,9,10,6.5,4,70.46,Average
1308,Christian Wolf,98,5.14,99,4.3,7,78,7,3,8,2.4,1,50.5,Needs Improvement
1309,Jonathan Nelson,84,13.51,62,4.4,8,169,6,5,2,10.3,6,35.02,Needs Improvement
1310,Austin Lutz,88,7.03,67,3.7,1,58,5,4,1,2.2,9,42.39,Needs Improvement
1311,Jose Parker,59,4.23,67,4.5,1,27,2,2,4,5.2,8,44.48,Needs Improvement
1312,Donna Mendez,79,9.8,78,3.1,1,273,1,8,10,7.7,1,66.72,Average
1313,Nicole Salazar,62,14.58,78,4.8,0,63,2,2,10,2.8,1,48.07,Needs Improvement
1314,Dale Peters,87,10.81,51,1.3,6,198,6,1,3,7.5,1,29.62,Needs Improvement
1315,Dominique Knapp,89,6.19,90,1.0,3,291,7,1,10,7.7,2,68.2,Average
1316,Lisa Melton,83,5.96,70,3.5,3,96,1,5,6,2.7,9,39.52,Needs Improvement
1317,Desiree Jones,92,8.15,54,4.5,2,174,5,2,4,9.1,2,62.66,Average
1318,Scott Wiley,41,3.87,95,2.3,5,231,9,8,5,6.2,1,66.38,Average
1319,Chelsea Williamson,84,5.69,99,2.2,8,172,3,2,10,4.1,9,31.55,Needs Improvement
1320,Jessica Terry,95,9.76,67,3.3,9,43,7,7,2,10.3,7,47.93,Needs Improvement
1321,Caitlin Smith,50,2.57,69,2.2,7,242,3,5,3,9.3,5,50.57,Needs Improvement
1322,Patrick Nunez,73,7.24,53,1.9,10,204,9,7,10,6.7,5,48.34,Needs Improvement
1323,Bonnie Monroe,64,13.27,67,2.7,2,237,8,3,2,10.7,3,62.91,Average
1324,Danielle Lane,93,7.97,58,4.4,4,62,9,5,7,9.1,9,58.44,Needs Improvement
1325,William Gonzalez,88,13.99,67,4.3,2,193,8,7,9,3.6,4,58.48,Needs Improvement
1326,Kathleen Young,41,8.72,76,3.7,6,43,6,2,4,11.5,4,53.71,Needs Improvement
1327,Justin Buck,60,3.89,74,3.2,1,18,9,10,4,6.1,3,70.16,Average
1328,Eric Jones,90,12.64,68,1.2,2,140,9,4,9,5.9,10,42.08,Needs Improvement
1329,Brian Faulkner MD,92,7.45,54,4.5,10,110,5,6,7,5.0,9,36.4,Needs Improvement
1330,Jeremy Lee,97,10.5,86,1.5,0,18,3,2,8,3.1,2,47.4,Needs Improvement
1331,Jared White,72,4.03,90,1.2,4,159,3,8,10,2.6,5,41.39,Needs Improvement
1332,Paul Reynolds,83,6.67,56,4.8,6,183,4,6,10,9.2,7,63.79,Average
1333,Gregory Torres,66,5.0,65,3.2,10,250,8,3,2,11.7,4,55.73,Needs Improvement
1334,Doris Flores,57,6.03,69,4.8,8,239,7,6,3,6.2,7,43.03,Needs Improvement
1335,Kathryn Williamson,40,7.4,55,3.2,3,92,10,3,6,7.7,8,34.24,Needs Improvement
1336,Steven James,72,3.07,80,3.3,1,290,9,8,3,5.3,5,55.7,Needs Improvement
1337,Andrew Garcia,51,7.85,61,4.3,7,176,5,4,6,3.1,1,43.02,Needs Improvement
1338,Frances Ryan,61,13.23,56,2.6,9,87,8,8,8,3.8,3,22.62,Needs Improvement
1339,David Murray,93,3.01,97,4.6,3,211,10,10,5,8.7,6,92.44,Excellent
1340,Steven Melendez,73,3.59,51,2.4,2,48,8,5,10,4.8,9,54.4,Needs Improvement
1341,Brandon Everett,63,14.61,78,3.9,9,278,7,1,6,8.1,10,33.79,Needs Improvement
1342,Ryan Jackson,73,4.56,58,4.6,7,52,7,7,9,2.9,1,51.54,Needs Improvement
1343,Christopher Green,89,14.61,95,1.5,8,114,10,2,1,10.5,3,32.74,Needs Improvement
1344,Brittany Roberts,89,3.51,73,4.9,7,153,9,1,1,9.6,10,58.6,Needs Improvement
1345,Gabrielle Crawford,73,2.2,55,4.2,4,286,5,4,5,10.7,6,63.23,Average
1346,Michelle Andrade,54,4.46,58,3.0,10,237,4,9,1,4.3,8,28.09,Needs Improvement
1347,Ryan Hernandez,98,12.02,67,4.6,9,176,5,6,4,11.5,5,52.05,Needs Improvement
1348,Edward Pacheco,53,2.4,74,2.3,2,189,3,1,10,3.9,4,49.3,Needs Improvement
1349,John Robinson,50,12.59,79,1.6,10,278,5,1,7,2.9,10,1.5,Needs Improvement
1350,Mark Larson,52,11.22,81,2.3,1,229,1,2,10,7.7,1,38.67,Needs Improvement
1351,Matthew Rhodes,90,3.58,88,4.3,0,86,5,9,2,11.8,8,84.93,Excellent
1352,Andrew Adams,79,9.29,54,3.8,0,3,2,10,3,10.0,2,60.28,Average
1353,Samantha Fowler,52,6.68,81,3.8,0,289,3,3,6,2.1,6,53.23,Needs Improvement
1354,Barbara Harmon,78,4.12,72,4.1,10,240,10,9,4,11.9,7,62.63,Average
1355,Stephen Webster,87,9.59,62,4.9,3,141,2,2,2,10.9,9,43.03,Needs Improvement
1356,Blake Leon,70,6.54,97,2.2,9,175,3,2,3,3.7,6,35.89,Needs Improvement
1357,Linda Clark,97,4.63,59,1.7,1,8,4,5,8,7.4,3,57.29,Needs Improvement
1358,Mr. Tony Chambers,70,2.92,90,5.0,0,297,7,9,3,4.2,3,79.78,Average
1359,Jenny Williams,99,14.71,64,2.1,6,210,7,5,10,3.3,3,39.23,Needs Improvement
1360,Nancy Williams,60,9.41,90,4.5,0,167,3,2,4,6.1,5,54.37,Needs Improvement
1361,Nicholas Johnson,68,5.28,89,3.7,4,57,6,8,1,8.5,5,55.07,Needs Improvement
1362,Tiffany Price,74,7.8,93,3.0,6,7,5,10,6,3.5,1,44.27,Needs Improvement
1363,Billy Little,77,1.54,69,3.7,9,220,1,9,4,7.5,1,59.69,Needs Improvement
1364,Felicia Simpson,97,14.48,96,1.6,10,49,5,8,10,5.8,2,33.96,Needs Improvement
1365,Brandon King,64,1.51,89,1.2,0,189,6,7,4,3.1,9,54.17,Needs Improvement
1366,Amanda Griffith,92,13.95,97,1.9,5,138,2,1,2,8.3,6,38.38,Needs Improvement
1367,Matthew Leblanc,71,14.51,80,1.1,5,13,10,7,9,2.7,6,28.47,Needs Improvement
1368,Adam Fleming,79,10.51,74,2.1,8,81,5,2,1,4.1,5,20.17,Needs Improvement
1369,Thomas Brown,57,13.85,81,4.8,1,79,3,1,5,9.2,8,40.12,Needs Improvement
1370,Erica Davis,60,5.7,74,2.4,6,32,4,9,10,2.3,1,42.14,Needs Improvement
1371,Alexis Diaz,49,14.5,100,3.7,4,68,2,3,6,9.7,4,44.55,Needs Improvement
1372,Brandon Ramirez,81,9.4,82,1.2,9,215,5,8,2,8.9,7,44.0,Needs Improvement
1373,Alexis Scott,58,12.78,57,1.5,2,91,6,3,4,2.7,3,27.7,Needs Improvement
1374,Angela Beck,65,3.96,57,4.0,5,249,3,2,7,4.0,1,50.28,Needs Improvement
1375,Maria Hernandez,53,1.29,72,3.4,8,203,3,2,5,11.3,10,49.31,Needs Improvement
1376,Miss Jenny Sanford,81,2.46,72,4.8,6,158,8,10,2,10.2,5,71.6,Average
1377,Dr. Andrew Mendez,44,5.91,100,3.2,9,60,10,7,1,6.6,1,34.5,Needs Improvement
1378,Thomas Hamilton,58,13.43,97,2.7,8,105,2,5,1,2.3,10,0.0,Needs Improvement
1379,Daniel Hernandez,64,12.67,58,1.8,3,236,6,4,1,11.1,8,34.03,Needs Improvement
1380,Misty Pham,72,9.24,71,4.4,4,125,9,1,8,11.8,6,54.72,Needs Improvement
1381,David Rodriguez,97,14.52,68,2.9,7,172,2,8,9,6.5,1,46.54,Needs Improvement
1382,Robert Lawson,83,13.1,64,4.7,1,208,4,4,9,3.2,3,44.81,Needs Improvement
1383,Larry Holmes,57,8.88,89,3.5,7,210,10,10,6,9.5,4,52.27,Needs Improvement
1384,Heather Hughes,79,10.72,100,3.1,7,264,2,2,4,3.6,10,31.74,Needs Improvement
1385,Samantha Martinez,42,11.15,72,3.3,2,170,3,5,5,3.9,6,31.57,Needs Improvement
1386,Megan Jennings,50,14.8,51,1.6,2,36,4,7,4,9.3,10,21.15,Needs Improvement
1387,Albert Solis Jr.,64,2.6,86,3.0,5,208,6,1,1,6.7,10,42.64,Needs Improvement
1388,Susan Jackson,69,1.85,73,3.3,5,195,2,6,10,4.2,9,42.29,Needs Improvement
1389,Charles Conrad,50,8.29,65,3.6,4,142,10,8,9,11.3,3,63.58,Average
1390,James Wolf,48,11.77,59,4.3,2,270,3,2,10,8.7,1,59.25,Needs Improvement
1391,Wendy Strickland,91,2.3,83,3.7,1,80,2,3,1,5.1,10,47.64,Needs Improvement
1392,Gabriel Moreno,95,11.84,85,4.7,5,242,9,10,9,7.9,8,65.34,Average
1393,Kristen Armstrong,46,4.61,53,2.3,5,285,10,7,7,9.9,8,46.36,Needs Improvement
1394,Stanley Bean,88,7.95,85,4.3,2,298,3,1,4,9.6,8,72.69,Average
1395,Alyssa Brown,54,3.06,61,4.1,6,139,2,4,3,11.3,9,47.04,Needs Improvement
1396,Karen Fisher,77,2.13,68,3.5,10,183,1,1,7,7.2,7,44.0,Needs Improvement
1397,Richard Orozco,96,9.38,83,1.0,8,229,8,5,9,7.9,5,48.34,Needs Improvement
1398,Mary Fuentes,84,7.53,53,4.6,5,251,9,3,8,3.0,10,35.23,Needs Improvement
1399,John Sullivan,52,11.55,56,3.1,9,226,10,9,8,11.6,8,47.57,Needs Improvement
1400,Mikayla Watson,49,3.12,94,1.4,7,239,10,4,1,9.3,7,45.33,Needs Improvement
1401,Jessica Morrison,98,14.28,76,2.4,0,153,9,6,7,9.0,4,60.68,Average
1402,Amanda Hughes,82,12.17,90,1.9,3,114,7,1,9,8.7,2,49.89,Needs Improvement
1403,Nicole Hanna,73,10.65,64,4.4,6,136,3,7,6,4.4,7,40.07,Needs Improvement
1404,Richard Chapman,44,10.74,99,3.8,10,114,6,9,6,6.3,2,44.2,Needs Improvement
1405,Vanessa Mitchell,86,7.97,65,1.6,7,201,7,1,9,6.0,2,50.51,Needs Improvement
1406,Miss Shirley Hale,50,10.67,68,1.2,9,73,8,4,5,8.3,4,22.77,Needs Improvement
1407,Christina Perez,46,14.82,66,2.6,7,151,6,7,10,3.4,5,19.2,Needs Improvement
1408,Karen Melton,40,5.29,55,4.1,5,115,6,8,10,11.0,4,66.44,Average
1409,Nathan Bowers,94,3.0,68,3.8,3,87,10,4,2,6.2,4,71.23,Average
1410,Grant Stevens,86,4.8,92,1.2,7,192,3,5,2,5.3,5,45.71,Needs Improvement
1411,Samantha Owens,98,12.8,58,4.2,3,233,6,9,3,11.9,3,68.87,Average
1412,Michael Martin,71,13.25,81,1.0,4,102,6,10,2,9.8,4,51.02,Needs Improvement
1413,Brittany Hill,76,1.5,98,3.6,7,262,5,10,8,8.0,7,72.52,Average
1414,Daniel Myers,80,11.3,89,1.0,6,251,7,4,9,3.1,8,36.42,Needs Improvement
1415,Molly Nelson,79,1.44,97,2.0,0,64,1,2,6,4.1,5,48.76,Needs Improvement
1416,Thomas Alvarez,78,12.29,65,2.6,8,28,7,5,5,8.3,9,26.09,Needs Improvement
1417,Alice Ellis,84,9.69,71,3.5,6,88,10,10,5,3.8,3,44.44,Needs Improvement
1418,Christine York,79,14.94,88,1.1,2,205,9,2,3,6.4,2,44.11,Needs Improvement
1419,Justin Schroeder,82,5.76,99,4.5,3,169,6,5,3,10.9,8,71.65,Average
1420,Samantha Bauer,40,7.63,72,4.4,4,65,5,9,4,9.4,6,44.7,Needs Improvement
1421,Matthew Turner,47,11.83,56,4.4,1,271,5,5,7,8.3,5,45.54,Needs Improvement
1422,Michael King,96,10.39,73,1.3,5,187,10,3,2,2.8,2,43.11,Needs Improvement
1423,Nicholas Garcia,54,2.95,81,4.5,0,223,2,4,7,2.7,9,48.91,Needs Improvement
1424,Janet Miller,85,5.98,87,1.9,2,260,9,10,3,6.5,7,59.55,Needs Improvement
1425,Ashley Chapman,57,13.63,80,1.2,8,244,8,1,7,5.6,3,24.21,Needs Improvement
1426,Shirley Ramos,89,6.3,53,1.7,0,260,4,5,6,9.3,6,62.32,Average
1427,Chad Foster,80,7.94,52,2.4,5,266,5,4,5,11.8,1,66.24,Average
1428,Stephen Wood,48,4.35,86,2.3,4,134,6,2,3,7.2,6,52.15,Needs Improvement
1429,Nicholas Boyer,47,10.16,53,4.6,1,108,9,10,10,6.1,6,49.31,Needs Improvement
1430,Angela Howard,63,1.58,70,4.4,9,221,8,2,2,11.9,7,59.32,Needs Improvement
1431,James Cox,80,11.8,55,2.5,3,238,6,8,1,3.4,2,41.04,Needs Improvement
1432,Ashley Price,53,7.48,99,5.0,3,16,3,10,9,7.9,2,63.98,Average
1433,Ricky Hall,96,11.27,94,4.7,6,91,3,8,4,11.4,5,57.68,Needs Improvement
1434,Gary Yang,79,3.18,69,4.4,8,58,7,6,7,7.8,8,50.7,Needs Improvement
1435,Natasha Stevens,81,12.78,83,4.4,3,139,8,3,3,6.6,1,58.76,Needs Improvement
1436,Alexandra Clark,80,13.31,77,3.7,7,140,5,6,7,10.6,1,53.18,Needs Improvement
1437,Bryan Garcia,63,1.25,83,2.5,5,137,6,8,5,10.8,10,52.65,Needs Improvement
1438,Jeffrey King,44,4.06,96,1.5,6,295,5,4,8,6.4,9,49.23,Needs Improvement
1439,Michael Randolph,40,14.81,69,3.1,5,233,10,1,4,8.5,2,44.1,Needs Improvement
1440,Christina Jordan,43,9.77,96,1.7,9,174,2,4,4,3.2,7,13.77,Needs Improvement
1441,Nicholas Casey,65,1.59,91,3.9,7,201,7,7,6,9.6,8,70.05,Average
1442,Eric Pruitt,58,6.49,61,3.6,4,71,4,7,7,4.0,8,34.09,Needs Improvement
1443,Charles Hicks,97,9.02,63,2.5,4,64,1,9,4,6.7,10,44.02,Needs Improvement
1444,Brian Boone,47,5.3,83,5.0,0,31,2,8,7,6.0,10,54.9,Needs Improvement
1445,Kimberly Erickson,73,4.52,86,2.1,3,152,10,7,2,7.3,2,68.12,Average
1446,Chad Mason,78,5.36,54,1.2,6,273,6,2,1,5.4,5,31.37,Needs Improvement
1447,Lisa Horton,49,6.98,93,4.4,4,125,7,3,8,7.9,9,51.07,Needs Improvement
1448,Nicole Garcia,83,5.22,53,4.1,9,174,1,9,6,7.7,6,40.06,Needs Improvement
1449,Dorothy Nixon,76,14.69,84,2.8,1,109,4,7,5,10.7,10,55.03,Needs Improvement
1450,Todd Bauer,64,11.34,77,3.6,0,76,2,3,3,8.3,9,36.64,Needs Improvement
1451,Jamie Stewart,63,2.86,51,4.1,5,137,1,5,9,6.6,4,44.95,Needs Improvement
1452,Michael Jenkins,43,4.15,58,1.7,6,86,9,5,6,8.2,2,47.42,Needs Improvement
1453,Hannah James,63,8.81,59,3.5,5,15,8,4,6,6.9,3,47.12,Needs Improvement
1454,Joann Johnson,79,6.08,100,1.9,3,120,5,6,1,5.9,4,52.42,Needs Improvement
1455,Jeanette Moore,65,8.11,75,4.6,8,68,1,1,2,7.2,7,27.62,Needs Improvement
1456,Jordan Navarro,59,7.08,60,4.7,2,186,2,3,8,8.7,4,49.72,Needs Improvement
1457,Timothy Ortega,46,9.11,83,3.7,4,194,9,3,2,5.5,8,45.33,Needs Improvement
1458,Craig Williams,56,3.93,88,3.4,0,162,8,6,5,8.9,2,75.51,Average
1459,Sheryl Herman,74,1.6,99,4.0,2,54,7,8,1,6.2,9,66.7,Average
1460,Michael Taylor,59,14.03,61,1.1,7,24,9,5,4,2.7,8,4.08,Needs Improvement
1461,Danielle Morales,65,13.46,77,4.5,2,179,9,8,1,11.0,10,63.23,Average
1462,Luke Love,63,6.92,78,2.4,0,42,7,8,2,4.9,1,47.47,Needs Improvement
1463,Stacy Fisher,43,4.88,95,2.0,6,113,7,2,4,3.2,5,26.01,Needs Improvement
1464,Brian Lutz,96,8.18,73,3.4,7,292,7,8,7,7.1,5,66.73,Average
1465,Lisa Crawford,100,14.1,71,1.9,10,156,9,10,2,11.3,3,46.89,Needs Improvement
1466,Marissa Wells,67,4.38,64,4.8,5,19,1,1,5,6.4,10,40.36,Needs Improvement
1467,Danny Silva,78,5.21,85,1.2,3,20,5,6,8,5.3,3,52.08,Needs Improvement
1468,Michelle Cabrera,89,8.04,64,4.8,7,168,5,5,6,6.3,5,56.96,Needs Improvement
1469,Ashley Johnson,72,6.76,70,2.0,6,110,1,8,10,10.9,10,35.22,Needs Improvement
1470,Jennifer Velez,77,3.04,72,2.8,5,157,4,1,9,9.9,5,58.4,Needs Improvement
1471,Jon Ramirez,63,10.35,82,3.3,2,27,1,1,6,12.0,6,41.13,Needs Improvement
1472,Jason Koch,67,13.08,65,3.3,3,86,3,3,6,7.0,5,39.81,Needs Improvement
1473,Susan Obrien,88,1.95,68,5.0,5,142,4,8,1,9.1,1,72.06,Average
1474,Vanessa Wolf,80,10.77,78,1.7,1,145,2,6,4,10.8,10,48.74,Needs Improvement
1475,Amber Brooks,69,10.04,59,2.5,8,68,3,4,10,8.1,6,26.64,Needs Improvement
1476,David Howard,72,13.29,68,3.1,10,226,1,10,3,9.2,5,23.37,Needs Improvement
1477,Jennifer Acevedo,64,3.01,50,3.7,10,54,4,3,5,2.5,3,36.46,Needs Improvement
1478,Lisa Lee,82,7.32,56,1.9,0,0,6,3,7,2.9,5,38.15,Needs Improvement
1479,Stephanie Ayala,67,2.4,81,1.1,9,72,1,1,1,5.8,7,22.89,Needs Improvement
1480,Sara House,85,14.05,63,2.1,1,87,2,9,5,10.8,9,41.03,Needs Improvement
1481,Scott Moore,47,6.37,97,4.7,1,175,4,6,3,8.0,8,51.58,Needs Improvement
1482,Carl Bryan,45,7.4,70,3.4,10,31,5,7,6,6.7,7,33.08,Needs Improvement
1483,Alexander Jordan,84,3.61,75,4.2,9,284,2,7,4,7.6,6,55.92,Needs Improvement
1484,Rodney Nunez,83,1.12,71,4.7,5,92,5,10,10,2.6,5,58.98,Needs Improvement
1485,Juan Reed,52,6.72,60,3.1,0,179,2,10,3,4.1,1,47.21,Needs Improvement
1486,Heather Thompson,47,13.57,83,1.1,9,70,6,5,10,11.3,2,28.09,Needs Improvement
1487,Justin Rasmussen,73,2.6,96,3.8,8,90,8,8,1,9.1,6,60.63,Average
1488,Christy Michael,76,10.87,64,3.6,9,296,1,1,1,6.3,5,26.52,Needs Improvement
1489,Steven Lopez,93,10.54,57,3.9,1,44,2,3,3,2.5,4,37.92,Needs Improvement
1490,Douglas Walker,90,3.37,85,2.9,6,127,7,10,7,2.8,5,61.74,Average
1491,Patricia King,86,8.88,81,1.5,2,134,10,9,1,8.7,7,59.51,Needs Improvement
1492,Michael Torres,40,8.72,70,1.3,10,277,9,9,3,10.2,4,36.36,Needs Improvement
1493,Alexis Reed,62,8.6,53,1.1,10,158,4,9,9,12.0,3,40.25,Needs Improvement
1494,David Werner,50,13.3,75,3.1,7,30,4,10,10,10.3,9,37.5,Needs Improvement
1495,Patricia Johnston,54,14.6,75,1.0,3,77,6,3,7,3.9,7,16.6,Needs Improvement
1496,Heather Lyons,59,14.67,84,2.5,8,69,5,5,3,7.4,1,34.84,Needs Improvement
1497,Brian Hudson,54,10.98,88,1.8,3,120,10,1,4,2.3,6,19.73,Needs Improvement
1498,Mark Rivera,68,9.98,83,3.7,10,281,3,4,5,10.3,4,50.83,Needs Improvement
1499,Nicole Miller,44,7.52,74,2.2,5,170,3,6,10,6.0,6,42.51,Needs Improvement
1500,Sheila Silva,96,11.93,66,2.6,3,9,5,10,2,10.5,1,55.94,Needs Improvement
1501,Julian Dunn,97,2.22,50,2.6,6,248,9,8,1,8.5,6,68.46,Average
1502,Jennifer Callahan,54,12.0,78,1.3,4,110,9,4,9,11.8,5,51.12,Needs Improvement
1503,Christopher Smith,80,3.25,85,3.4,1,185,2,2,1,9.0,10,59.13,Needs Improvement
1504,James Wheeler,90,1.41,63,4.0,8,6,1,4,10,2.5,3,42.0,Needs Improvement
1505,Christopher Salinas,57,14.73,77,3.6,8,139,9,2,2,8.4,5,40.27,Needs Improvement
1506,Rachael Riggs,41,12.69,52,1.1,7,182,8,10,6,2.3,4,21.31,Needs Improvement
1507,Roberto Johnson,98,2.99,96,2.6,7,41,3,3,2,6.5,10,53.08,Needs Improvement
1508,Troy Gonzalez,83,10.4,79,4.1,0,107,7,7,10,7.1,7,62.74,Average
1509,Larry Pena,95,10.43,50,4.4,0,33,6,5,3,6.0,3,64.29,Average
1510,Jaclyn Lee,54,12.72,65,3.6,9,163,4,9,1,5.2,9,24.84,Needs Improvement
1511,Breanna Fischer,55,9.18,55,3.6,10,149,8,5,5,3.5,8,16.61,Needs Improvement
1512,Amy King,57,13.88,62,1.9,9,95,9,3,6,4.2,3,15.34,Needs Improvement
1513,Bryce Meadows,72,7.99,95,1.8,6,160,10,7,10,3.8,6,51.59,Needs Improvement
1514,Brenda Wheeler,40,1.7,64,2.2,7,258,7,4,6,6.8,2,44.08,Needs Improvement
1515,Brian Rhodes,87,5.51,68,3.5,6,115,2,8,4,10.6,1,56.58,Needs Improvement
1516,Dennis Rodriguez,98,1.49,65,1.1,3,173,6,4,9,5.3,3,53.57,Needs Improvement
1517,Victoria Brown,49,1.16,76,3.3,9,167,1,10,6,3.7,7,42.92,Needs Improvement
1518,Megan Boyd,64,4.19,53,3.8,7,192,8,7,7,9.9,10,50.87,Needs Improvement
1519,Brian Small,94,6.13,50,4.0,6,164,4,5,10,2.8,10,34.13,Needs Improvement
1520,Kevin Martin,91,5.81,77,4.8,8,11,2,8,9,5.9,7,48.89,Needs Improvement
1521,Robert Stanton,96,3.67,57,4.3,8,187,8,2,8,8.9,9,50.89,Needs Improvement
1522,Tyler Lee,91,6.7,94,4.2,4,236,1,9,6,5.6,10,64.21,Average
1523,Sarah Miller,88,12.82,67,1.9,6,61,9,6,8,3.1,7,30.05,Needs Improvement
1524,Madison Cortez,50,10.67,77,1.2,8,291,2,9,9,11.9,3,47.91,Needs Improvement
1525,Steven Reyes,92,12.87,84,4.2,4,113,3,6,6,2.9,9,30.24,Needs Improvement
1526,William Macdonald,61,3.12,54,3.6,5,119,6,10,8,5.0,4,52.68,Needs Improvement
1527,Marcus Taylor,67,10.32,50,3.7,8,21,2,8,10,6.9,1,43.63,Needs Improvement
1528,Frank Mitchell,68,5.13,78,4.7,4,187,6,2,5,3.9,9,43.98,Needs Improvement
1529,Peter Farmer,93,9.28,59,3.1,8,60,6,7,8,10.8,3,55.18,Needs Improvement
1530,Dr. Elizabeth Manning,51,7.49,58,1.2,10,145,10,9,6,6.0,10,22.29,Needs Improvement
1531,Katherine Mathews,64,13.04,72,2.2,4,99,1,10,7,8.1,2,50.3,Needs Improvement
1532,Ryan Russo,84,9.61,68,2.2,8,0,2,2,10,5.4,10,21.84,Needs Improvement
1533,Alyssa Christensen,58,9.32,62,1.2,1,94,9,7,5,9.2,9,38.06,Needs Improvement
1534,Heidi Wilson,45,14.73,93,3.2,4,201,10,3,9,6.3,4,36.81,Needs Improvement
1535,Joshua Oliver,49,12.28,84,2.9,3,268,10,3,6,3.1,4,43.43,Needs Improvement
1536,Betty Hernandez,76,3.72,80,1.1,3,210,10,1,7,11.0,4,65.17,Average
1537,Amanda Campbell,80,3.86,98,4.8,6,216,2,6,3,4.7,9,49.97,Needs Improvement
1538,Kelly Potter,57,3.82,58,2.6,3,172,1,3,6,6.9,2,51.89,Needs Improvement
1539,Karen Ellis,64,10.73,69,3.1,1,208,10,7,10,8.2,9,58.54,Needs Improvement
1540,Craig Coffey,48,6.24,88,2.2,8,109,2,10,5,2.0,3,28.21,Needs Improvement
1541,Jennifer Richardson,98,1.05,55,4.9,6,175,3,8,8,4.3,3,73.76,Average
1542,Mary Nguyen,73,8.43,55,2.2,10,23,2,6,7,2.1,5,15.64,Needs Improvement
1543,Adrienne Guzman,98,10.77,82,4.8,5,145,3,8,1,11.5,6,70.42,Average
1544,Kevin Sharp,44,4.26,96,1.4,3,119,8,8,4,2.2,2,57.79,Needs Improvement
1545,Colleen Wiley,59,6.06,83,3.7,2,106,9,7,4,9.2,8,54.82,Needs Improvement
1546,William Murphy,53,13.92,76,2.9,1,78,5,6,2,9.5,2,45.92,Needs Improvement
1547,Sophia Gordon,84,5.88,63,3.9,3,110,8,5,9,2.6,10,45.33,Needs Improvement
1548,Monique Barajas,55,12.56,57,2.5,8,187,4,3,7,3.1,10,7.96,Needs Improvement
1549,Andrew Edwards,63,10.33,69,1.5,6,10,5,5,4,2.8,10,10.09,Needs Improvement
1550,Richard Brewer,69,14.72,58,1.4,3,149,2,2,10,9.3,9,24.11,Needs Improvement
1551,Cynthia Campbell,46,12.05,65,2.4,0,86,8,2,9,4.0,9,25.77,Needs Improvement
1552,Travis Rodriguez,98,13.19,100,2.0,3,284,1,10,9,7.7,2,61.57,Average
1553,Patrick Ramirez,70,2.57,61,4.8,8,90,8,5,2,5.4,4,52.29,Needs Improvement
1554,Jeremy Kennedy,57,6.35,82,1.3,2,239,9,2,8,9.9,6,58.63,Needs Improvement
1555,Michelle Chapman,62,2.17,85,2.2,3,196,7,6,4,9.3,10,48.95,Needs Improvement
1556,Sarah Davis,78,12.24,96,3.5,0,86,3,4,5,6.6,8,47.85,Needs Improvement
1557,Sheila Shannon,100,1.64,52,3.9,9,48,10,1,2,6.1,9,41.9,Needs Improvement
1558,Benjamin Davis,58,2.61,58,2.8,2,296,10,3,10,6.4,8,59.47,Needs Improvement
1559,Cathy Parker,87,2.31,53,1.3,1,166,5,10,6,11.1,6,69.28,Average
1560,Casey Duran,66,12.62,61,4.6,3,281,8,9,4,2.3,1,52.21,Needs Improvement
1561,Jennifer Bender,78,5.4,78,2.4,1,218,1,5,7,7.6,8,55.92,Needs Improvement
1562,Angela Gonzalez,100,11.32,83,3.7,7,255,9,10,10,5.7,8,62.76,Average
1563,Shelley Watson,57,7.86,81,1.2,1,64,1,2,4,6.6,5,33.15,Needs Improvement
1564,Joseph Glass,77,5.6,55,2.1,6,60,4,1,6,10.9,3,46.39,Needs Improvement
1565,Brian Mcguire,75,6.79,94,1.1,4,95,9,10,3,5.3,4,49.95,Needs Improvement
1566,Ashley Moore,80,6.32,90,3.8,2,15,5,3,10,4.8,2,59.4,Needs Improvement
1567,Taylor Morris,77,2.91,87,3.7,4,120,3,2,10,9.6,2,70.41,Average
1568,Erin Cook,41,9.03,79,1.9,4,214,1,2,6,10.8,4,43.0,Needs Improvement
1569,Eric Miller,65,14.07,94,2.6,9,36,8,6,5,10.3,6,40.91,Needs Improvement
1570,Peter Thomas,56,13.18,98,4.8,5,190,7,6,5,9.4,3,60.9,Average
1571,James York,48,6.51,99,4.3,9,223,7,3,1,9.2,5,51.26,Needs Improvement
1572,William Wheeler,70,4.11,51,1.3,10,277,10,4,1,8.1,9,41.96,Needs Improvement
1573,Amanda Marshall,97,5.08,95,2.6,8,60,9,1,6,6.9,10,43.13,Needs Improvement
1574,Randy Solis,42,8.07,87,1.7,4,53,2,7,8,10.7,1,49.36,Needs Improvement
1575,Timothy Terrell,73,6.35,56,2.5,1,219,7,2,3,11.0,4,59.92,Needs Improvement
1576,Paige Cox,47,4.63,68,1.6,3,291,2,10,6,5.4,2,55.97,Needs Improvement
1577,Lauren Scott,40,1.72,50,4.0,8,49,1,1,8,3.2,10,25.39,Needs Improvement
1578,Mario Anderson,41,2.04,55,2.0,5,206,3,2,2,10.8,5,33.45,Needs Improvement
1579,Benjamin Sexton,98,8.74,87,2.7,4,297,4,9,10,3.4,5,60.06,Average
1580,Valerie Trujillo,68,10.93,67,4.8,9,46,8,6,10,10.8,3,58.81,Needs Improvement
1581,Scott Olson,96,7.91,69,3.1,6,299,8,7,1,3.7,5,50.05,Needs Improvement
1582,Stephen Elliott,71,11.9,100,1.6,3,233,7,3,4,8.6,4,41.13,Needs Improvement
1583,Jasmin Hamilton,64,7.57,94,2.4,6,239,9,1,6,11.1,4,74.63,Average
1584,Robert Williams,59,8.52,50,4.6,1,246,10,7,3,4.9,10,53.79,Needs Improvement
1585,Mrs. Barbara Wood MD,85,2.56,92,2.7,6,224,3,2,1,5.5,3,53.95,Needs Improvement
1586,Jeremiah Singh,77,12.9,79,3.8,10,213,2,9,2,7.6,2,44.89,Needs Improvement
1587,John Stewart,76,5.17,53,1.6,10,50,5,6,7,9.8,9,41.88,Needs Improvement
1588,Mary Vasquez,71,3.26,75,2.7,8,266,2,6,10,10.0,5,61.73,Average
1589,Teresa Rodgers,60,4.74,87,4.8,8,219,6,7,4,11.9,1,73.87,Average
1590,Craig Simpson,91,1.49,55,4.5,3,36,5,3,2,11.1,9,61.66,Average
1591,Jamie Young,81,8.83,58,2.1,10,232,4,2,3,9.7,1,40.93,Needs Improvement
1592,Laura Savage,98,9.17,56,2.1,7,245,4,9,10,8.1,10,41.05,Needs Improvement
1593,Gerald Williams,90,4.23,95,2.4,4,123,9,6,8,10.9,8,75.36,Average
1594,Lisa Kirby,43,2.73,87,4.9,6,4,5,8,6,7.7,9,42.87,Needs Improvement
1595,Jillian Griffin,63,1.64,66,4.8,9,210,10,3,2,9.9,6,64.37,Average
1596,Joanna Harvey,91,3.31,75,3.6,4,73,2,9,1,4.0,8,44.12,Needs Improvement
1597,Karina Park,61,7.16,64,3.7,9,186,6,5,10,9.3,2,49.97,Needs Improvement
1598,Samantha Johnson,82,11.48,100,2.8,3,16,7,10,6,5.7,5,54.03,Needs Improvement
1599,Anthony Jones,90,10.55,75,4.3,1,223,9,3,6,9.4,10,63.92,Average
1600,Megan Martin,63,8.72,79,2.2,2,68,6,2,8,8.5,1,45.7,Needs Improvement
1601,Alyssa Lewis,97,9.72,85,3.8,5,33,10,5,1,3.0,1,53.0,Needs Improvement
1602,Laura Lopez,73,5.39,79,3.5,3,166,7,9,3,4.2,10,54.9,Needs Improvement
1603,Zachary Wilson,87,10.55,86,4.2,6,155,3,1,5,5.2,10,30.43,Needs Improvement
1604,Lee Smith,90,14.31,75,4.6,3,135,2,7,6,4.0,4,50.99,Needs Improvement
1605,Edward Carr,85,10.85,58,1.7,8,128,4,5,9,8.0,4,28.78,Needs Improvement
1606,Gabriela Pearson,92,6.18,71,1.0,7,67,2,1,7,5.6,4,25.27,Needs Improvement
1607,Martin Morgan,91,8.87,50,1.3,5,162,1,8,4,6.1,10,33.16,Needs Improvement
1608,Cindy Freeman,46,12.55,79,4.4,1,45,2,5,1,10.7,6,43.32,Needs Improvement
1609,Joseph Wood,74,1.79,70,2.3,2,25,1,10,5,4.0,1,56.94,Needs Improvement
1610,Damon Long,41,14.29,67,1.5,4,58,8,10,4,4.1,4,25.04,Needs Improvement
1611,Arthur Navarro,82,5.83,76,3.4,9,30,6,5,6,3.7,5,39.89,Needs Improvement
1612,Richard Johnson,94,14.31,71,3.8,5,243,8,3,8,5.6,6,45.43,Needs Improvement
1613,Rita Wilkinson,95,9.27,74,2.3,9,266,1,2,5,8.5,7,44.11,Needs Improvement
1614,Christopher Wolfe,80,11.48,55,3.0,3,209,6,4,9,4.5,1,52.35,Needs Improvement
1615,Anna Mercer,66,8.52,50,3.4,8,4,2,9,8,7.3,10,31.51,Needs Improvement
1616,Tracy Alexander,61,4.08,86,2.6,3,201,10,9,5,2.9,6,60.95,Average
1617,Jeffrey Kelly,91,13.69,81,4.3,0,129,7,4,5,2.7,10,44.93,Needs Improvement
1618,Sarah Hernandez,49,4.44,52,1.6,4,258,8,5,7,2.7,5,40.64,Needs Improvement
1619,Glen Burch,47,3.37,68,4.3,6,231,7,2,8,3.7,3,45.1,Needs Improvement
1620,Brandon Avery Jr.,97,13.97,93,4.2,10,275,10,10,2,3.5,4,40.8,Needs Improvement
1621,Veronica Williams,98,2.04,57,1.7,8,94,9,1,10,6.3,3,44.93,Needs Improvement
1622,Lori Webb,97,13.41,67,2.9,5,19,5,5,4,5.7,4,39.83,Needs Improvement
1623,Dustin Turner,50,5.91,93,1.3,0,117,4,2,3,8.2,6,47.21,Needs Improvement
1624,Peter Simon,97,2.72,73,4.1,10,70,6,6,3,11.2,10,56.28,Needs Improvement
1625,Nicole Richards,70,2.37,90,2.3,5,265,1,3,10,2.2,7,50.23,Needs Improvement
1626,Kevin Stevens,78,6.53,88,2.0,7,285,4,10,9,7.3,2,53.29,Needs Improvement
1627,Theresa Hogan,80,8.33,88,2.5,8,132,3,10,8,6.0,6,45.09,Needs Improvement
1628,Matthew Johnson,99,11.46,64,4.6,1,277,3,2,6,11.5,10,60.67,Average
1629,Jasmine Blevins,45,4.1,74,4.9,4,296,7,9,6,10.3,7,75.57,Average
1630,Shawn Burke,40,2.35,63,1.7,8,182,6,1,5,5.8,4,33.72,Needs Improvement
1631,Jason Smith,60,10.15,77,3.6,3,183,3,3,9,4.9,1,56.27,Needs Improvement
1632,Joel Weaver,71,4.26,84,1.9,10,152,1,7,10,7.2,6,35.83,Needs Improvement
1633,Rebecca Thompson,63,8.36,93,1.2,5,123,9,10,4,4.5,5,41.65,Needs Improvement
1634,David Haynes,51,5.9,95,3.3,8,80,6,4,4,4.7,9,37.06,Needs Improvement
1635,Amber Williams,41,9.49,96,1.1,3,291,6,1,1,2.8,7,28.06,Needs Improvement
1636,Martha Smith,94,3.34,71,3.0,0,58,9,6,4,5.6,5,70.91,Average
1637,Tiffany Medina,100,5.56,80,3.3,7,218,5,2,8,7.1,10,46.91,Needs Improvement
1638,Michael Gallagher,75,1.35,92,4.1,1,249,3,8,8,3.6,2,86.49,Excellent
1639,Robert Powell,41,12.09,64,2.4,10,16,2,1,7,8.2,2,11.52,Needs Improvement
1640,Deborah Nelson,46,14.03,92,4.9,6,273,4,1,4,9.3,1,52.29,Needs Improvement
1641,Olivia Austin,73,9.08,61,4.1,2,7,6,6,9,2.6,6,37.09,Needs Improvement
1642,Kim Anderson,64,1.78,90,3.1,0,18,1,10,6,5.7,10,49.62,Needs Improvement
1643,Jonathan Dixon,73,8.03,95,4.0,10,33,4,3,9,11.3,7,42.88,Needs Improvement
1644,Oscar Smith,71,7.18,71,2.4,6,62,10,5,6,2.3,9,22.23,Needs Improvement
1645,Edward Duke,99,12.05,71,2.5,3,284,6,7,1,11.2,10,55.95,Needs Improvement
1646,Dustin Young,41,14.93,62,4.2,5,88,2,10,9,10.8,6,45.37,Needs Improvement
1647,James Gibbs,45,9.57,92,2.9,6,231,5,2,3,7.1,6,43.3,Needs Improvement
1648,John Thomas,87,5.52,62,2.0,0,116,2,3,2,4.1,3,48.09,Needs Improvement
1649,Peter Colon,80,11.16,83,4.9,10,125,3,10,8,6.2,4,38.62,Needs Improvement
1650,Michael Richards,56,2.03,92,2.5,5,30,9,6,3,10.6,4,55.9,Needs Improvement
1651,Wayne Bartlett,91,2.05,73,3.8,6,265,7,7,2,11.0,2,76.85,Average
1652,Ashley Brock,75,12.08,58,4.9,0,258,3,8,2,11.5,4,70.11,Average
1653,Harold Sanders,100,12.65,78,2.5,8,104,1,3,1,7.3,3,31.1,Needs Improvement
1654,Tara Young,60,12.04,73,1.5,7,27,10,4,4,11.1,4,39.44,Needs Improvement
1655,Aaron Cardenas,71,9.03,87,3.9,8,98,7,5,9,10.6,10,46.24,Needs Improvement
1656,Melanie Peters,85,10.5,65,1.6,7,208,1,3,1,2.2,8,11.5,Needs Improvement
1657,Cynthia Mueller,87,14.37,51,2.7,6,242,1,1,10,3.0,9,11.18,Needs Improvement
1658,Michelle Rodriguez,73,6.5,98,3.0,9,154,7,7,5,8.7,7,46.1,Needs Improvement
1659,Dylan Bass,78,13.62,96,4.2,1,127,9,10,1,4.5,7,58.27,Needs Improvement
1660,Tony Hernandez,82,11.59,97,2.7,1,86,10,10,7,4.3,5,62.58,Average
1661,David Davis,86,8.32,91,3.5,0,211,4,8,2,5.6,6,62.02,Average
1662,Jay Castro,100,3.2,96,2.1,1,176,6,3,5,10.2,4,79.07,Average
1663,Monica Gonzalez,63,13.64,81,1.8,9,74,2,7,5,11.6,6,35.08,Needs Improvement
1664,Sergio Rice,62,11.28,97,4.6,1,235,8,10,3,4.4,8,61.06,Average
1665,Benjamin Brock,42,5.79,84,2.3,3,97,8,9,10,4.6,5,43.84,Needs Improvement
1666,William Davis,61,1.5,83,4.8,9,246,9,5,7,11.6,7,70.9,Average
1667,Robert Henry,75,10.01,89,3.1,0,289,3,7,6,10.9,5,77.77,Average
1668,Christopher Crane,78,7.28,59,4.3,7,21,3,3,5,2.6,6,31.78,Needs Improvement
1669,Joseph Santiago,71,8.09,94,1.7,10,200,7,3,10,4.0,10,28.62,Needs Improvement
1670,Richard Ramirez,92,1.11,75,1.7,1,240,7,1,3,3.0,7,47.86,Needs Improvement
1671,Andrew Boyd,60,2.24,81,2.3,7,137,7,4,2,3.4,7,47.67,Needs Improvement
1672,Randall Smith,72,7.29,88,1.1,3,30,10,5,2,11.3,4,61.56,Average
1673,Catherine Taylor,50,14.0,52,1.4,6,259,7,10,6,2.9,8,16.46,Needs Improvement
1674,Dr. Felicia White MD,61,5.17,83,1.8,5,181,1,8,2,10.5,4,57.17,Needs Improvement
1675,Cristian Reed,44,10.26,59,3.2,6,139,9,1,6,4.4,8,25.79,Needs Improvement
1676,Russell Mercer,80,8.14,56,1.7,4,245,4,3,1,2.9,9,27.56,Needs Improvement
1677,James Mejia,95,2.92,90,1.6,8,224,9,10,8,7.6,8,54.38,Needs Improvement
1678,Terri Smith,83,1.46,80,3.3,8,188,6,4,2,2.7,7,54.02,Needs Improvement
1679,Chloe White,72,12.52,84,3.3,3,132,3,4,5,11.2,9,46.76,Needs Improvement
1680,Albert Aguilar,87,8.96,78,3.7,3,27,5,9,3,11.6,3,70.58,Average
1681,Scott Mason,67,5.06,67,4.4,6,39,2,9,3,5.3,2,47.46,Needs Improvement
1682,Brandon Hernandez,87,2.08,79,3.9,2,211,2,10,4,2.1,8,55.71,Needs Improvement
1683,Ashley Hunt,82,6.05,92,3.6,3,105,10,3,3,4.2,6,59.02,Needs Improvement
1684,Kimberly Howard,46,5.54,85,3.3,4,29,7,9,5,11.5,6,63.64,Average
1685,Patrick Davila,61,10.78,70,3.9,10,101,3,6,8,6.4,5,21.51,Needs Improvement
1686,Ronnie Park,58,9.56,88,2.5,5,282,7,1,10,6.3,10,41.01,Needs Improvement
1687,Dr. Joseph Martinez,58,14.51,79,4.6,9,162,3,5,7,7.5,10,23.02,Needs Improvement
1688,Jonathon Jennings,100,10.78,87,4.9,9,69,4,7,6,2.0,3,51.93,Needs Improvement
1689,Anna Johnson,50,6.73,99,1.0,2,148,1,4,7,5.0,6,34.06,Needs Improvement
1690,Michael Rodriguez,84,6.34,84,4.8,0,164,5,1,4,6.5,1,70.23,Average
1691,Paula Diaz,52,6.28,66,3.5,6,50,7,3,2,3.3,4,24.31,Needs Improvement
1692,Roy Weber,94,1.43,66,1.8,1,135,5,3,10,7.7,2,67.99,Average
1693,Larry Marks,76,6.57,89,3.4,10,16,1,3,3,3.7,6,31.9,Needs Improvement
1694,Jennifer Alvarez,89,8.36,79,3.1,8,29,7,10,3,8.1,3,50.68,Needs Improvement
1695,Ryan Ford,78,11.92,52,4.5,6,254,10,6,6,6.3,7,56.32,Needs Improvement
1696,Ashley Sanders,92,1.32,57,3.5,10,67,10,2,7,10.0,3,59.91,Needs Improvement
1697,Lisa Pittman,78,1.91,71,2.3,7,103,3,4,1,5.6,7,36.57,Needs Improvement
1698,Holly Ward,99,11.45,94,3.9,8,133,8,9,7,4.6,4,50.77,Needs Improvement
1699,Cheryl Patterson,93,7.45,69,1.9,7,221,8,2,10,4.4,2,48.43,Needs Improvement
1700,Michael Adams,70,4.71,72,4.3,0,204,1,2,1,6.3,10,54.91,Needs Improvement
1701,Benjamin Myers,83,9.35,94,1.2,2,277,10,6,1,6.0,5,63.47,Average
1702,Edward Blanchard,46,6.79,50,3.9,8,17,7,3,6,6.0,10,23.86,Needs Improvement
1703,Timothy Cain,100,1.05,92,1.5,1,7,8,7,6,8.6,1,76.28,Average
1704,Brooke Riddle,49,3.66,72,1.7,7,107,6,5,1,4.5,9,28.85,Needs Improvement
1705,Linda Graham,85,11.25,84,3.8,0,49,5,9,4,9.0,1,81.72,Excellent
1706,Brandon Cook,78,11.09,86,2.8,2,80,6,10,5,4.3,1,55.0,Needs Improvement
1707,Tammy Burgess,44,8.92,82,4.7,9,80,3,2,1,2.3,5,16.85,Needs Improvement
1708,Nicholas Fitzgerald,40,12.52,53,3.7,1,289,1,5,6,6.8,6,34.77,Needs Improvement
1709,Edwin King,89,4.39,77,2.1,7,216,10,2,7,9.6,3,60.6,Average
1710,Mark Pena,71,11.1,61,4.0,1,84,4,3,5,6.9,1,63.46,Average
1711,Karen Miller,41,7.12,89,1.6,5,125,7,2,2,9.6,8,31.41,Needs Improvement
1712,Latoya Davidson,42,13.36,61,2.9,7,41,3,7,9,3.4,3,18.41,Needs Improvement
1713,Daniel Carlson,87,7.26,81,3.5,3,73,2,3,8,5.7,7,41.77,Needs Improvement
1714,Jacob Berg,100,14.86,83,4.0,6,297,1,10,4,10.1,3,61.98,Average
1715,Jonathan Smith,71,7.14,73,2.9,0,119,2,9,7,4.3,2,60.78,Average
1716,Donald Gonzales,62,5.5,82,1.3,6,188,4,1,8,10.0,8,45.35,Needs Improvement
1717,Sean Deleon,49,14.11,74,2.6,9,50,9,9,4,3.3,8,16.64,Needs Improvement
1718,Aaron White,86,14.8,64,1.8,7,173,9,3,8,4.0,2,31.51,Needs Improvement
1719,Olivia Aguilar,92,9.26,78,1.6,2,83,6,2,2,10.7,3,51.06,Needs Improvement
1720,Rebecca Mack,72,12.91,89,2.5,1,271,8,7,4,4.7,6,41.33,Needs Improvement
1721,Timothy Perez,72,9.47,92,3.1,0,184,7,7,10,7.1,8,63.19,Average
1722,Derrick Bush,44,8.63,79,3.4,1,260,3,1,9,6.8,10,45.12,Needs Improvement
1723,Sarah Osborne,57,6.74,83,3.8,9,90,5,2,9,8.4,1,54.81,Needs Improvement
1724,Kristen Hicks,59,13.54,72,3.8,2,14,9,5,6,11.9,6,58.91,Needs Improvement
1725,Christopher Curry,65,9.69,54,3.0,0,218,5,5,7,8.8,6,49.37,Needs Improvement
1726,Gary Robles,92,4.52,75,1.2,7,178,4,1,9,10.6,8,35.88,Needs Improvement
1727,Shawn Fox,90,11.21,97,4.5,8,2,7,9,2,11.0,8,54.29,Needs Improvement
1728,Linda Williams,91,2.75,59,4.2,9,201,2,8,1,9.3,8,53.84,Needs Improvement
1729,Shane Wilson,97,6.16,90,4.4,4,300,6,4,7,7.6,9,61.11,Average
1730,Ariana Daugherty,80,13.01,75,1.6,6,32,4,10,4,3.2,6,28.49,Needs Improvement
1731,Joy Cooke,75,11.87,84,3.6,0,60,2,2,10,4.5,9,38.41,Needs Improvement
1732,Denise Valencia,51,9.12,84,1.2,7,240,9,10,1,8.1,6,37.37,Needs Improvement
1733,Brandon Brown,77,8.89,91,3.4,1,76,10,6,10,11.3,6,58.29,Needs Improvement
1734,Kyle Fisher,83,14.32,69,2.8,5,92,9,5,5,6.6,2,36.81,Needs Improvement
1735,Francisco Wallace,58,1.23,59,3.0,1,18,6,5,5,11.6,1,71.29,Average
1736,David Nunez,87,1.86,76,2.2,8,127,6,2,1,3.9,10,30.5,Needs Improvement
1737,Jose West,64,1.86,87,2.6,1,265,3,3,8,3.0,9,50.43,Needs Improvement
1738,Christine Harrison,96,3.12,74,3.3,8,169,1,5,1,10.8,5,52.14,Needs Improvement
1739,Stephen Jacobs,69,13.19,83,3.5,2,185,1,5,2,3.2,2,41.09,Needs Improvement
1740,Amber Brown,79,11.84,75,1.2,9,28,6,4,6,8.0,7,32.81,Needs Improvement
1741,Angela Silva,77,12.15,73,4.5,9,248,4,10,6,9.7,8,49.63,Needs Improvement
1742,Sophia Wells,60,13.32,99,1.6,8,194,10,4,4,4.9,5,24.34,Needs Improvement
1743,Amanda Robinson,64,13.33,57,3.4,8,59,10,2,7,3.3,7,24.48,Needs Improvement
1744,Carolyn Rose,72,8.58,94,1.6,4,174,1,3,10,6.8,7,40.47,Needs Improvement
1745,Isaiah Casey DDS,99,10.51,57,3.3,3,133,1,2,6,3.9,1,49.03,Needs Improvement
1746,Kimberly Faulkner,99,6.18,93,5.0,4,180,1,9,6,8.3,4,80.45,Excellent
1747,Michelle Calderon,73,11.36,68,2.4,9,15,8,3,8,2.2,7,21.93,Needs Improvement
1748,Anthony Robertson,60,2.44,84,3.5,3,5,9,3,2,5.4,9,44.69,Needs Improvement
1749,Thomas Williams,71,10.34,98,2.7,9,82,5,4,6,9.3,8,29.38,Needs Improvement
1750,Brenda Montgomery,68,7.82,63,2.9,4,291,6,8,6,3.8,3,54.63,Needs Improvement
1751,Nicholas Nguyen,75,9.2,83,2.0,9,174,10,2,6,3.2,2,35.49,Needs Improvement
1752,Katherine Morales,87,2.96,94,2.1,5,267,1,8,5,6.1,1,68.51,Average
1753,Stephen Duncan,72,9.78,53,4.3,8,268,4,2,7,3.1,1,37.58,Needs Improvement
1754,Scott Wall,87,4.28,76,2.8,9,141,6,7,9,6.3,2,57.83,Needs Improvement
1755,Terri Turner,68,1.13,51,5.0,2,183,8,4,9,5.6,8,56.87,Needs Improvement
1756,Dr. Matthew Morgan,97,9.59,59,4.7,7,63,8,9,6,7.5,7,56.11,Needs Improvement
1757,Austin Bowman,71,12.96,76,1.6,2,18,4,2,5,7.1,5,26.85,Needs Improvement
1758,Emma Johnson,41,14.34,87,1.0,10,162,10,9,4,6.9,5,30.98,Needs Improvement
1759,Richard Allen,79,5.08,80,4.7,10,249,6,10,7,9.7,8,63.87,Average
1760,Raymond Gilbert,78,14.19,96,3.7,5,156,2,10,4,10.9,3,59.48,Needs Improvement
1761,Michael Perry,93,9.61,94,4.6,10,161,5,6,9,6.3,5,51.15,Needs Improvement
1762,Teresa Smith,91,13.89,55,2.1,7,8,2,4,8,2.5,9,10.89,Needs Improvement
1763,Tricia Patrick,74,8.85,98,2.1,8,286,1,7,2,2.5,1,41.42,Needs Improvement
1764,Kim Wong,81,6.33,83,1.5,7,242,1,9,8,6.7,8,45.82,Needs Improvement
1765,Andrea Kelley,69,13.31,81,3.8,9,10,6,4,7,10.9,1,50.97,Needs Improvement
1766,Monica Oliver,43,6.16,58,4.0,6,243,5,2,3,11.6,7,48.4,Needs Improvement
1767,Melissa Jimenez,75,7.07,98,3.0,3,117,7,9,9,6.0,5,64.93,Average
1768,Stephanie Harper,74,8.55,72,1.6,8,32,3,9,8,10.0,8,31.52,Needs Improvement
1769,Jorge Rhodes,89,3.08,88,1.5,3,222,6,9,5,9.1,3,81.39,Excellent
1770,Michael Daniels,74,1.26,59,4.0,4,280,8,2,8,7.1,3,61.25,Average
1771,Mary Ayala,96,14.06,82,2.1,4,296,10,8,3,7.4,4,53.67,Needs Improvement
1772,Katelyn Walker,46,13.45,60,1.2,10,154,3,10,5,8.9,3,16.59,Needs Improvement
1773,Matthew Hill,67,7.34,75,3.3,10,141,4,8,9,6.1,4,41.09,Needs Improvement
1774,Kimberly Mitchell,43,7.89,95,3.6,0,57,3,5,10,8.7,6,58.79,Needs Improvement
1775,Randall Maddox MD,43,2.94,93,4.2,6,148,10,8,7,10.4,4,74.71,Average
1776,Mark Ramirez,68,8.8,59,1.6,3,162,2,8,8,9.2,5,47.91,Needs Improvement
1777,Randy Campos,87,5.99,85,4.6,5,142,4,4,3,10.7,3,67.37,Average
1778,Dillon Boyd,82,6.33,76,2.9,0,94,9,6,4,6.2,8,55.3,Needs Improvement
1779,Denise Phillips,42,5.89,62,2.6,4,207,5,8,8,10.5,4,63.8,Average
1780,David Harris,76,7.8,73,2.1,8,28,8,3,2,3.4,2,43.09,Needs Improvement
1781,Daniel Ramos,59,5.51,89,4.0,6,153,1,2,3,10.9,2,63.56,Average
1782,Philip Lee,78,13.81,55,4.3,7,168,2,7,6,6.1,4,35.9,Needs Improvement
1783,Amy Mitchell,64,3.73,69,4.2,9,231,1,3,1,6.4,8,38.73,Needs Improvement
1784,Daniel Elliott,83,14.19,79,4.6,1,173,8,6,4,10.3,9,62.34,Average
1785,Mary Sullivan,84,6.23,73,2.3,1,146,8,5,7,5.1,6,52.6,Needs Improvement
1786,Dr. Kyle Burns,88,1.18,75,3.8,5,149,5,7,5,8.8,4,62.37,Average
1787,Jeremy Stewart DDS,72,14.49,62,3.3,3,290,8,4,8,2.7,4,44.13,Needs Improvement
1788,Justin Washington,99,13.81,85,4.2,6,173,6,1,2,11.2,1,69.48,Average
1789,Paul Carter,54,5.01,65,3.1,2,38,5,10,1,9.3,8,61.88,Average
1790,David Roberts,94,11.61,93,4.9,9,35,4,3,10,8.6,9,40.59,Needs Improvement
1791,Mrs. Barbara Taylor MD,80,5.49,90,2.5,2,83,1,5,9,7.2,4,57.95,Needs Improvement
1792,Pamela Cochran,80,3.34,80,3.5,5,106,1,3,9,2.9,5,42.19,Needs Improvement
1793,Ryan Kirby,63,3.93,62,3.9,6,56,7,5,6,11.8,7,50.31,Needs Improvement
1794,William Kelly,100,5.2,50,4.5,1,30,7,6,2,4.9,7,61.94,Average
1795,Lisa Arnold,57,2.38,61,1.5,10,8,4,7,1,10.3,2,36.05,Needs Improvement
1796,Amy Moore,48,11.07,75,2.6,0,88,5,6,8,7.1,10,33.89,Needs Improvement
1797,Glenn Thomas,47,3.18,64,2.7,4,245,3,3,9,8.9,2,54.08,Needs Improvement
1798,Stephanie Love,98,3.89,82,3.2,2,44,6,4,1,7.5,9,56.21,Needs Improvement
1799,Andrea Smith,63,7.45,79,1.3,0,198,8,3,9,8.4,6,44.77,Needs Improvement
1800,Monica Flores,49,6.88,74,3.1,9,281,5,6,4,4.9,7,35.1,Needs Improvement
1801,Timothy Garrett,89,13.03,99,1.9,7,224,4,9,5,8.9,10,38.9,Needs Improvement
1802,Frederick Green,85,11.92,94,1.8,7,58,6,2,4,5.1,9,29.5,Needs Improvement
1803,Joseph Noble,92,6.16,84,2.5,7,144,1,7,7,4.0,2,58.95,Needs Improvement
1804,Tristan Hall,63,12.36,98,4.1,10,104,9,6,3,6.4,8,38.3,Needs Improvement
1805,Howard Thomas,65,1.83,88,4.7,5,5,3,9,1,2.1,5,53.65,Needs Improvement
1806,Tyler Mitchell,84,5.52,62,1.5,10,280,10,9,7,8.5,4,53.91,Needs Improvement
1807,Tiffany Mays,81,9.9,93,1.8,9,110,10,1,5,2.1,4,17.28,Needs Improvement
1808,Theresa Gray,93,3.87,85,1.1,4,58,6,2,1,11.6,6,58.67,Needs Improvement
1809,Anne Mills,58,4.63,80,2.4,9,237,8,6,3,3.6,1,41.19,Needs Improvement
1810,Kenneth Willis,59,10.09,62,4.4,3,122,4,2,4,2.8,9,28.4,Needs Improvement
1811,Cody Reed,43,7.22,66,4.6,4,117,6,6,9,7.7,6,54.79,Needs Improvement
1812,Jeffrey Benson,51,4.08,80,4.6,4,217,4,1,9,5.4,2,58.91,Needs Improvement
1813,Jennifer Taylor,50,1.02,98,3.0,6,56,1,2,6,9.6,9,40.52,Needs Improvement
1814,Michael Clay,74,8.08,94,1.8,1,165,6,4,5,10.0,8,58.58,Needs Improvement
1815,Gabriel Sanchez,45,2.11,52,1.9,2,49,10,10,4,10.1,8,49.49,Needs Improvement
1816,Alex Flores,60,8.96,53,2.1,1,72,9,2,6,8.3,4,39.91,Needs Improvement
1817,Jeffrey Jefferson,73,3.14,87,2.5,10,51,1,4,3,9.0,10,33.36,Needs Improvement
1818,Mary Patterson,41,12.35,86,2.2,7,119,5,2,4,8.5,6,32.87,Needs Improvement
1819,Aaron Spencer,49,13.45,99,2.6,1,283,8,7,3,10.2,7,54.29,Needs Improvement
1820,Tina Macdonald,88,8.68,63,1.6,8,12,4,5,1,10.0,2,41.17,Needs Improvement
1821,Julie Thomas,82,12.28,69,2.5,5,108,6,8,9,9.4,1,52.94,Needs Improvement
1822,Margaret Patterson,59,12.83,93,4.6,4,105,1,8,3,8.7,1,44.37,Needs Improvement
1823,Patrick David,81,4.09,80,2.6,4,207,8,8,2,9.8,1,86.61,Excellent
1824,Garrett Stevens DDS,73,4.81,56,3.7,5,38,3,9,10,7.1,6,50.35,Needs Improvement
1825,April Jacobs,42,13.76,68,1.4,1,56,8,3,7,9.6,4,40.77,Needs Improvement
1826,Shannon Case,79,13.44,92,1.6,5,91,5,9,9,7.9,9,42.23,Needs Improvement
1827,Kimberly Gray,57,5.48,83,2.2,3,35,6,2,8,9.2,3,49.86,Needs Improvement
1828,Gloria Pena,76,3.21,93,2.2,6,286,8,9,2,9.0,7,63.75,Average
1829,Michelle Hahn,60,5.64,51,1.4,3,238,5,8,1,2.1,7,31.75,Needs Improvement
1830,Isaac Bautista,90,11.5,96,2.1,4,116,4,7,10,7.4,2,60.33,Average
1831,Karen Cline,86,10.71,97,2.8,6,248,3,1,9,10.0,7,49.05,Needs Improvement
1832,Matthew Oliver,54,7.15,75,2.2,2,35,10,10,8,2.3,8,42.98,Needs Improvement
1833,Rebecca Gonzalez,82,6.34,85,4.7,1,60,8,3,2,3.4,1,62.07,Average
1834,Lance Daniel,52,14.39,78,1.7,4,61,3,4,3,11.6,3,37.42,Needs Improvement
1835,Mark Cooley,69,8.35,51,3.1,10,256,1,10,1,3.6,2,31.13,Needs Improvement
1836,Stacy Cardenas,73,5.26,92,4.4,0,133,3,7,6,6.4,7,67.42,Average
1837,Ronald Patterson,84,11.35,50,3.9,2,118,3,5,4,2.5,7,23.2,Needs Improvement
1838,Michael Woodward,95,1.4,84,3.7,5,109,7,1,4,5.3,2,62.05,Average
1839,Kristen Hebert,56,6.04,95,3.7,4,162,7,9,9,2.7,3,60.27,Average
1840,Ann Keller,98,6.09,86,1.3,2,123,5,7,5,5.5,5,60.3,Average
1841,Erika Gibbs,46,11.63,89,4.2,6,274,2,1,6,2.3,3,27.76,Needs Improvement
1842,Jonathan Smith,96,12.87,85,3.5,1,51,1,4,6,4.8,7,46.55,Needs Improvement
1843,Jessica Poole,44,6.43,83,4.0,3,80,4,5,9,11.0,3,71.13,Average
1844,Rebekah Byrd,42,11.6,73,1.2,1,179,4,9,6,7.2,7,33.7,Needs Improvement
1845,Jennifer Young,86,2.77,90,3.6,7,236,1,2,6,4.7,6,52.75,Needs Improvement
1846,Sherri Hart,92,1.6,66,4.4,6,53,5,4,8,6.5,5,65.91,Average
1847,Jacob Bond,91,12.51,88,1.6,8,104,10,8,1,4.4,2,49.65,Needs Improvement
1848,Elizabeth Morales DVM,66,2.28,69,4.9,9,83,8,2,9,2.8,2,41.4,Needs Improvement
1849,Seth Garcia,51,14.69,57,3.6,10,281,8,7,10,8.3,8,24.28,Needs Improvement
1850,Brian Mora,97,9.68,70,3.3,3,125,6,9,4,4.6,6,49.49,Needs Improvement
1851,Kevin Moore,68,4.14,75,1.6,0,199,1,4,3,3.7,7,49.72,Needs Improvement
1852,Kristen Scott,65,4.7,91,3.6,3,187,3,9,5,7.4,1,74.14,Average
1853,Christine Adams,40,11.18,97,4.8,7,255,8,7,9,2.1,3,50.07,Needs Improvement
1854,Joshua Houston,59,10.6,57,3.9,6,32,10,4,1,9.9,5,42.4,Needs Improvement
1855,Daniel Mcfarland,58,14.67,83,4.8,3,139,2,6,9,9.5,8,55.82,Needs Improvement
1856,Ana Ball,82,2.31,68,3.2,6,161,1,6,3,10.9,9,60.73,Average
1857,Ian Sullivan,74,9.56,67,2.2,1,170,7,7,7,8.3,2,64.42,Average
1858,Austin Oneill,53,5.9,95,1.4,5,21,10,10,6,7.0,7,42.7,Needs Improvement
1859,Antonio Harrison,88,5.21,85,3.7,1,34,7,7,3,6.9,1,72.74,Average
1860,Annette Berry,54,3.99,64,3.1,6,249,6,1,6,9.4,6,47.39,Needs Improvement
1861,Michele Christensen,76,8.6,100,2.4,6,135,3,3,7,11.0,7,47.8,Needs Improvement
1862,Edward Middleton,86,3.72,60,4.0,6,177,7,3,9,7.6,7,57.58,Needs Improvement
1863,Andrew Allison,95,8.28,65,3.8,10,240,7,6,6,11.0,4,58.96,Needs Improvement
1864,Lauren Woods,88,14.19,77,4.7,8,291,7,4,6,3.6,2,41.81,Needs Improvement
1865,James Johnson,49,7.47,64,4.6,5,19,1,7,8,2.5,10,26.81,Needs Improvement
1866,Timothy Holland,50,10.82,70,1.8,5,36,4,5,4,11.9,8,36.43,Needs Improvement
1867,Daniel Higgins,62,2.13,72,3.8,8,95,6,8,8,9.1,6,55.58,Needs Improvement
1868,Leslie Stevens,98,4.46,53,3.6,1,86,7,7,1,2.9,5,57.06,Needs Improvement
1869,Jamie Burns DDS,73,12.35,86,1.2,4,179,8,8,1,4.0,3,34.16,Needs Improvement
1870,Scott Mathis,78,3.0,86,1.7,0,22,5,2,8,2.1,8,36.91,Needs Improvement
1871,Alyssa Copeland,68,6.87,67,1.7,4,131,1,8,10,11.9,3,59.06,Needs Improvement
1872,Tyler Peters,42,4.68,96,3.2,10,227,6,8,7,2.5,5,31.81,Needs Improvement
1873,Marissa Benton,81,6.09,82,1.1,9,284,5,3,3,4.6,7,32.71,Needs Improvement
1874,Holly Evans,51,6.71,63,4.8,6,4,2,2,4,7.7,1,42.77,Needs Improvement
1875,Amanda Cummings,42,2.65,76,1.2,5,270,7,5,8,2.5,4,41.59,Needs Improvement
1876,Amanda Lee,99,6.75,84,2.5,1,135,1,10,7,11.4,1,90.44,Excellent
1877,Lauren Stein,84,11.1,95,3.0,2,113,10,5,4,3.1,2,53.06,Needs Improvement
1878,Aaron Pearson,40,1.51,52,4.6,8,233,5,4,4,8.7,3,55.15,Needs Improvement
1879,Dustin Hughes,86,5.61,61,4.7,5,267,9,4,6,4.9,2,58.42,Needs Improvement
1880,Cameron Johns,78,9.75,76,4.0,10,90,3,2,5,6.6,5,30.24,Needs Improvement
1881,Becky Kim,81,3.52,87,1.2,3,127,2,1,2,10.3,5,48.84,Needs Improvement
1882,David Smith,58,4.36,57,2.5,4,243,9,3,5,2.5,9,24.01,Needs Improvement
1883,Mary Morrow,84,13.36,99,4.8,10,160,7,2,7,3.9,10,30.99,Needs Improvement
1884,Diane Pierce,75,13.92,97,3.9,0,239,2,8,9,6.6,1,70.55,Average
1885,Joseph Beck,72,2.71,88,1.5,8,131,4,3,8,2.7,2,34.01,Needs Improvement
1886,Donald Brown,61,3.58,97,2.8,3,59,8,7,10,5.8,2,69.45,Average
1887,Travis Jenkins,59,13.87,71,3.9,4,270,5,6,1,8.8,5,54.63,Needs Improvement
1888,Gary Decker,70,4.8,71,3.3,9,30,3,2,4,7.7,4,39.3,Needs Improvement
1889,Timothy Brown,94,1.96,96,4.2,10,68,7,3,7,7.5,3,56.38,Needs Improvement
1890,Amber Thomas,66,8.47,54,4.5,5,104,2,9,10,5.6,6,47.94,Needs Improvement
1891,Joseph Fitzgerald,55,11.65,53,1.7,2,131,2,2,1,3.9,2,28.83,Needs Improvement
1892,Steven Gonzalez,55,14.0,68,1.9,7,57,7,9,10,8.6,5,30.64,Needs Improvement
1893,Brian Reid,92,5.57,62,4.2,6,93,1,10,6,6.3,9,47.09,Needs Improvement
1894,Arthur Smith Jr.,42,2.75,74,3.7,7,70,4,9,4,5.7,4,44.32,Needs Improvement
1895,Rodney Escobar,65,2.39,86,4.1,10,213,3,5,8,6.0,8,37.89,Needs Improvement
1896,Lawrence Myers,88,1.63,80,2.1,3,5,7,1,8,9.1,9,44.41,Needs Improvement
1897,Kayla Rowe,86,9.89,64,4.6,5,46,9,2,7,9.3,7,56.85,Needs Improvement
1898,Amber Carey,96,12.75,86,2.6,0,296,6,4,7,5.1,2,64.86,Average
1899,David Nguyen,84,13.54,63,1.1,4,250,9,10,8,2.3,6,36.58,Needs Improvement
1900,William Leblanc,49,2.8,52,1.1,1,262,1,10,5,7.5,1,57.4,Needs Improvement
1901,Brandon Payne,47,4.86,89,3.4,6,144,7,6,5,5.8,10,38.01,Needs Improvement
1902,Sharon Galloway,70,1.1,57,4.2,6,84,8,2,8,7.8,2,74.8,Average
1903,Michael Wheeler,49,14.96,76,4.7,0,278,1,2,9,11.0,7,51.27,Needs Improvement
1904,Brian Wall,46,11.23,99,1.5,7,218,1,9,5,4.2,3,28.41,Needs Improvement
1905,Scott Hensley,99,3.02,98,3.9,10,7,2,2,9,7.8,1,60.13,Average
1906,Laura Morris,61,1.18,95,3.2,0,63,6,9,10,7.1,2,76.38,Average
1907,Jason Ingram,56,7.29,97,4.6,7,152,7,10,8,12.0,9,57.16,Needs Improvement
1908,John Stevens II,46,4.24,62,2.0,0,48,3,1,8,4.9,10,22.61,Needs Improvement
1909,Rebecca Campbell,73,5.79,81,1.7,10,76,4,2,2,4.8,5,40.28,Needs Improvement
1910,Regina Juarez,42,13.27,63,4.4,2,232,1,6,7,5.7,10,27.06,Needs Improvement
1911,Tara Graves,74,14.14,62,4.8,10,9,9,7,1,2.3,10,12.11,Needs Improvement
1912,Nancy Evans,99,9.14,71,3.6,3,174,7,4,8,10.9,2,67.32,Average
1913,Brandon Parsons,48,12.31,50,1.2,9,86,1,9,5,10.7,3,21.27,Needs Improvement
1914,Robert Mcgee,97,10.55,88,3.4,3,233,9,1,1,10.9,3,65.87,Average
1915,James Graham,65,5.87,86,1.4,1,42,4,9,5,2.7,8,35.04,Needs Improvement
1916,Jamie Li,64,2.73,99,5.0,3,98,2,5,4,7.9,8,66.69,Average
1917,Kathryn Cantrell,66,12.25,67,4.9,0,7,5,2,8,5.4,10,47.22,Needs Improvement
1918,Zoe Allen,75,10.14,61,2.5,9,64,2,8,7,5.1,2,25.88,Needs Improvement
1919,James Ochoa,79,5.34,82,5.0,1,262,9,6,4,8.1,1,89.91,Excellent
1920,Jason Gilmore,74,1.36,96,2.7,3,231,5,1,5,7.5,4,60.01,Average
1921,Erin Fry,69,14.82,65,3.0,10,136,7,3,5,4.2,4,29.6,Needs Improvement
1922,Nicole Wilson,58,3.7,57,2.5,9,118,10,2,7,9.6,10,27.14,Needs Improvement
1923,Kristin Meadows,42,1.15,53,2.8,7,268,3,6,6,11.8,4,48.98,Needs Improvement
1924,Mary Flores,73,13.47,97,1.7,8,50,2,4,2,9.2,10,13.63,Needs Improvement
1925,Charles Odom,93,9.28,54,1.8,3,128,2,4,6,9.8,10,37.39,Needs Improvement
1926,Christopher Robinson,80,4.16,73,1.2,2,45,9,8,7,5.3,8,48.55,Needs Improvement
1927,Julie Rodriguez,55,13.65,96,2.3,4,75,2,8,3,3.6,8,14.37,Needs Improvement
1928,Jason Miller,71,14.97,95,1.6,6,138,7,8,8,7.1,5,40.36,Needs Improvement
1929,Nicole Greene,70,10.42,60,2.5,3,186,3,8,3,2.8,2,38.58,Needs Improvement
1930,Amanda Carter,79,3.42,51,4.7,4,168,4,8,1,7.2,8,57.43,Needs Improvement
1931,Leslie Valencia,93,12.33,80,3.4,10,119,5,10,5,8.5,7,30.89,Needs Improvement
1932,Dr. John Gibbs,64,9.24,80,2.1,1,32,8,8,2,5.1,8,34.15,Needs Improvement
1933,Megan Carney,44,13.28,72,3.8,0,179,2,4,8,6.3,3,37.99,Needs Improvement
1934,Nicole Leach,74,13.08,57,2.9,6,25,5,4,6,8.3,8,23.61,Needs Improvement
1935,Amy Harris,56,2.75,71,1.0,1,146,6,2,4,8.6,6,44.21,Needs Improvement
1936,Diana Wilson,92,10.74,51,1.1,0,0,7,1,6,7.0,6,31.36,Needs Improvement
1937,Molly Lopez,99,6.74,80,3.5,3,246,4,1,6,11.7,9,71.53,Average
1938,Leslie Bradley,94,9.41,63,3.3,5,281,7,6,5,5.9,9,53.67,Needs Improvement
1939,Alan Casey,53,9.42,63,3.2,5,27,2,4,4,9.5,4,27.63,Needs Improvement
1940,Nicole Brown,45,6.75,96,2.3,9,40,8,7,1,3.7,9,23.81,Needs Improvement
1941,Katherine Burns,61,9.05,97,3.0,6,155,1,5,9,5.8,5,37.63,Needs Improvement
1942,Richard Archer,44,14.77,95,3.0,3,162,5,5,10,5.4,9,30.2,Needs Improvement
1943,David Nelson Jr.,60,5.14,59,2.3,5,25,5,2,7,11.1,7,29.31,Needs Improvement
1944,Joel Wade,86,10.6,91,3.4,8,31,3,1,6,7.8,1,45.75,Needs Improvement
1945,Joshua Clark MD,55,2.01,88,4.1,0,185,9,6,2,8.1,3,74.32,Average
1946,Charles Elliott,90,13.07,95,1.9,8,32,1,9,5,9.7,9,38.09,Needs Improvement
1947,Amanda Park,93,8.39,86,3.0,4,151,8,2,5,7.4,3,56.06,Needs Improvement
1948,Tanya Rodgers,76,7.98,57,4.8,0,52,6,4,2,5.2,4,48.22,Needs Improvement
1949,Victoria Burch,52,4.29,52,2.1,3,255,5,3,8,7.1,7,50.88,Needs Improvement
1950,Zachary Washington,67,4.15,64,1.2,1,237,3,6,2,7.8,7,50.95,Needs Improvement
1951,Brittany Garner,66,8.42,68,1.6,8,138,5,2,8,7.9,10,25.35,Needs Improvement
1952,Antonio Kaiser,46,13.64,54,4.1,9,135,2,1,5,2.8,10,1.42,Needs Improvement
1953,Jesse Franklin,54,7.32,78,2.4,5,10,1,8,2,9.1,6,33.59,Needs Improvement
1954,Cody Carlson,80,2.44,83,3.9,8,242,1,2,2,7.8,7,49.65,Needs Improvement
1955,Barbara Reilly,74,3.17,63,1.2,1,132,9,9,7,4.7,5,60.44,Average
1956,John Flores,40,2.49,99,4.0,3,278,8,10,2,5.2,3,62.72,Average
1957,James Simmons,71,11.99,52,4.9,2,200,3,1,2,7.1,2,47.22,Needs Improvement
1958,Tara Johnson,40,6.42,60,3.9,2,167,7,4,4,4.6,5,47.75,Needs Improvement
1959,Michael Sims,100,4.77,64,4.6,2,281,6,6,10,10.1,6,84.39,Excellent
1960,Christine Pennington,51,3.94,97,3.1,3,131,7,5,2,7.2,3,60.19,Average
1961,Mr. Donald Cooper,82,9.45,86,3.4,10,224,1,9,8,11.9,6,56.41,Needs Improvement
1962,Jacqueline Wade,45,4.93,59,1.3,9,70,5,8,5,11.2,3,33.71,Needs Improvement
1963,Diana Stanley,67,12.41,88,3.4,4,218,1,3,4,2.2,4,37.82,Needs Improvement
1964,Brenda Garcia,83,11.5,64,2.3,8,35,4,6,8,5.4,8,22.75,Needs Improvement
1965,Randall Henderson,56,12.31,66,1.4,6,149,9,3,6,12.0,2,40.7,Needs Improvement
1966,Tara Warren,71,2.48,74,4.0,0,234,3,8,1,6.1,3,66.48,Average
1967,Ruben Chan,53,1.98,90,4.6,10,133,2,1,3,11.5,7,44.22,Needs Improvement
1968,Joshua Brown,93,3.09,57,1.6,10,250,8,7,6,3.1,2,44.35,Needs Improvement
1969,Rachel Merritt,100,6.4,68,4.0,2,15,6,4,8,4.8,6,50.98,Needs Improvement
1970,Brenda Farley,72,12.89,90,2.3,6,168,4,7,5,9.4,10,41.85,Needs Improvement
1971,Eugene Baker,66,6.96,69,3.6,9,30,3,9,5,11.1,8,45.07,Needs Improvement
1972,Randy Hensley,55,11.44,77,4.7,7,239,5,8,5,6.2,2,45.14,Needs Improvement
1973,Mary Lowe,71,1.98,54,3.8,9,93,8,4,9,9.0,1,57.18,Needs Improvement
1974,Tony Jennings,73,3.92,65,2.2,9,46,7,4,10,11.5,4,40.44,Needs Improvement
1975,Christina Wolf,67,9.61,63,3.3,9,64,3,9,1,3.9,2,32.54,Needs Improvement
1976,Levi Black,91,5.03,87,3.7,9,125,9,4,9,10.2,7,67.13,Average
1977,Sherry Garcia,66,5.2,57,3.0,7,29,4,4,8,6.6,8,32.26,Needs Improvement
1978,Thomas Ramirez,80,14.35,73,3.2,3,100,1,7,8,8.7,3,51.4,Needs Improvement
1979,Mrs. Amber Hammond,70,3.68,86,2.2,0,86,7,7,5,10.0,1,77.96,Average
1980,Michele Clark,74,10.13,97,3.5,6,233,1,3,2,8.4,8,46.98,Needs Improvement
1981,Samantha Lam,74,4.27,95,4.4,10,251,6,5,2,9.1,8,53.54,Needs Improvement
1982,Timothy Gonzales,84,11.96,82,3.1,10,1,2,9,10,11.9,1,53.23,Needs Improvement
1983,Robert Nguyen,70,3.09,67,3.4,2,129,6,8,8,3.8,2,52.81,Needs Improvement
1984,Jonathan Horton,59,14.61,51,4.4,2,297,8,9,5,2.4,7,32.84,Needs Improvement
1985,Steven Fletcher,46,9.51,96,3.7,7,33,8,2,10,10.0,3,47.43,Needs Improvement
1986,Alejandro Page,42,9.91,84,4.0,2,82,7,5,4,5.1,3,34.62,Needs Improvement
1987,Melissa Stephenson,46,6.79,76,4.0,6,275,5,8,5,11.2,6,61.14,Average
1988,Erica Brooks,83,10.14,66,1.3,2,203,5,1,7,10.6,3,58.26,Needs Improvement
1989,Elizabeth Watson,65,1.2,60,4.5,7,172,4,9,8,9.9,6,59.32,Needs Improvement
1990,Jackie Wilson,60,4.4,57,3.1,5,88,6,4,4,10.5,8,54.69,Needs Improvement
1991,Steven Hart,80,4.56,87,4.8,4,100,2,10,6,7.2,7,55.46,Needs Improvement
1992,Eric Cherry,81,2.21,72,2.6,7,126,10,10,4,4.7,5,61.5,Average
1993,Debra Andrade,82,5.7,84,1.1,4,176,2,3,1,4.2,9,28.88,Needs Improvement
1994,Heather Clark,92,12.72,70,4.3,7,23,7,9,5,11.1,8,42.82,Needs Improvement
1995,Howard Martinez,54,12.96,80,1.1,4,232,4,8,3,9.2,8,33.97,Needs Improvement
1996,Lisa Roach,56,12.66,99,2.3,6,91,3,3,6,9.8,1,43.3,Needs Improvement
1997,Audrey Perez,50,9.63,58,3.0,9,229,3,4,9,4.9,1,24.47,Needs Improvement
1998,Scott Mcgee,94,11.28,51,2.4,10,256,5,3,7,7.6,2,41.18,Needs Improvement
1999,Crystal Dunlap,95,4.94,87,1.6,7,190,7,2,9,3.8,2,43.55,Needs Improvement
2000,Roberto Castro,93,12.99,86,1.5,3,5,6,4,6,6.5,5,42.25,Needs Improvement
2001,Pamela Sanders,41,11.94,69,1.5,6,57,10,6,4,3.3,7,15.13,Needs Improvement
2002,Ryan Norris,97,7.14,67,2.8,6,35,6,1,2,10.2,2,48.02,Needs Improvement
2003,Jamie Sosa,83,5.21,85,1.4,9,280,10,7,7,7.7,1,64.91,Average
2004,Brian Diaz,90,1.32,57,1.3,7,269,4,3,5,6.9,5,39.12,Needs Improvement
2005,Thomas Weber,81,3.96,96,3.8,7,93,10,4,9,9.1,3,75.97,Average
2006,Christina Mcdowell,85,9.51,53,2.4,2,74,8,8,7,6.2,2,48.1,Needs Improvement
2007,Amanda Robinson,51,7.23,67,3.4,9,267,8,6,8,7.1,6,42.12,Needs Improvement
2008,Mr. Dillon Anderson PhD,97,5.66,52,3.4,9,57,4,2,3,2.5,3,35.64,Needs Improvement
2009,Dakota Mcdaniel,79,3.87,92,4.2,7,128,1,4,2,11.2,8,57.25,Needs Improvement
2010,Tammy Lam,48,9.72,74,2.8,4,269,10,6,9,5.0,2,51.04,Needs Improvement
2011,Richard Jimenez,68,13.34,69,3.6,10,48,10,5,1,2.2,6,16.7,Needs Improvement
2012,Jeffrey Robinson,43,7.14,95,3.3,10,34,7,10,10,5.1,7,33.81,Needs Improvement
2013,April Allen,73,7.31,96,2.9,3,123,5,6,2,2.7,9,39.59,Needs Improvement
2014,John Medina,100,7.34,55,2.2,9,11,1,2,3,11.7,2,43.47,Needs Improvement
2015,Rachael Smith,89,10.1,94,1.8,8,36,9,10,9,5.1,9,38.86,Needs Improvement
2016,Robert Marshall,50,14.94,74,4.1,10,30,8,7,9,7.3,4,31.9,Needs Improvement
2017,Ann Tanner,89,2.78,76,3.3,1,35,2,5,6,5.9,8,52.68,Needs Improvement
2018,Maria Hernandez,93,6.12,89,3.4,9,249,3,8,8,8.8,1,67.76,Average
2019,Katherine Robinson,81,10.26,61,3.2,4,6,4,4,9,3.0,9,22.71,Needs Improvement
2020,Savannah Weaver,70,8.58,59,2.2,6,252,9,4,4,9.1,1,60.37,Average
2021,Margaret Robbins,52,1.18,61,3.1,8,1,6,6,9,6.6,8,34.96,Needs Improvement
2022,Pamela Hansen,89,6.63,81,4.0,10,9,9,1,1,6.8,9,38.47,Needs Improvement
2023,Cathy Riley,46,3.7,68,3.0,9,260,7,9,5,6.1,4,46.67,Needs Improvement
2024,Christopher Long,60,14.5,58,3.7,2,215,5,3,6,10.3,5,47.19,Needs Improvement
2025,Katherine Sanchez,76,6.0,71,4.6,1,95,1,1,9,4.9,5,55.77,Needs Improvement
2026,Stephanie Garcia,89,2.31,59,3.4,3,281,1,8,4,11.5,9,60.77,Average
2027,Kristine Abbott,54,12.41,54,2.8,8,26,9,9,10,7.6,4,32.59,Needs Improvement
2028,Melinda Beard,68,1.72,58,2.7,2,293,7,6,3,7.2,9,54.65,Needs Improvement
2029,Michael Hobbs,91,12.0,84,4.2,1,176,9,3,7,9.3,10,59.97,Needs Improvement
2030,Jacob Oneill,93,12.88,72,3.4,5,244,4,10,1,3.7,7,39.92,Needs Improvement
2031,Tyler Vega,71,3.12,75,2.1,10,41,5,7,9,7.7,9,49.88,Needs Improvement
2032,Mitchell Burgess,50,10.25,85,2.3,0,259,4,8,9,11.5,6,55.64,Needs Improvement
2033,Anthony Carpenter,75,14.76,92,4.6,3,140,6,9,3,3.5,7,40.43,Needs Improvement
2034,Mrs. Erica Guzman,95,9.4,95,4.9,6,238,3,6,9,6.3,6,52.75,Needs Improvement
2035,John Mckay,46,8.23,78,2.2,5,134,3,7,7,2.0,4,34.01,Needs Improvement
2036,Rachel Johnson,44,1.54,77,2.8,5,225,10,7,7,7.1,4,54.35,Needs Improvement
2037,Jamie Williams,98,7.29,69,3.9,5,76,7,2,6,10.7,6,64.66,Average
2038,Derrick Taylor,90,10.02,72,3.2,6,265,9,1,1,7.6,9,50.2,Needs Improvement
2039,Judith Avery,40,11.4,89,2.4,5,62,1,4,4,7.9,6,24.34,Needs Improvement
2040,Cathy Griffith,49,11.53,52,1.5,4,183,1,10,3,3.4,10,18.27,Needs Improvement
2041,Jason Ramirez,53,6.66,75,4.4,7,176,7,9,4,10.9,7,59.62,Needs Improvement
2042,Kelly Vasquez,80,12.13,100,3.0,2,193,7,6,5,4.6,5,50.07,Needs Improvement
2043,Kathleen Santos,96,9.25,76,3.9,3,101,2,3,9,11.1,5,67.43,Average
2044,Tamara Anderson,98,10.91,87,3.2,0,239,4,1,2,6.8,6,57.22,Needs Improvement
2045,Chad Richard,82,7.31,53,1.0,3,263,6,2,5,9.5,4,48.87,Needs Improvement
2046,Shannon Rivers,87,4.94,77,1.2,0,218,10,4,6,11.7,5,65.28,Average
2047,Jacob Obrien,98,9.24,100,1.5,9,178,5,2,1,6.1,5,38.7,Needs Improvement
2048,Olivia Yates,73,1.53,96,4.7,3,133,2,4,9,4.2,1,59.82,Needs Improvement
2049,Christy Mcbride,43,4.64,50,2.6,2,44,10,4,8,11.3,8,52.03,Needs Improvement
2050,Richard Rogers,89,11.65,93,2.7,8,33,4,1,3,10.7,1,49.26,Needs Improvement
2051,Jacqueline Hunter,54,4.12,99,1.3,4,36,10,4,5,5.0,9,36.61,Needs Improvement
2052,David Morgan,40,13.35,81,4.7,8,247,3,6,4,2.3,1,23.92,Needs Improvement
2053,Katie Taylor,53,1.63,93,1.4,10,15,7,9,7,10.6,10,42.57,Needs Improvement
2054,Jessica Meza,95,7.07,52,1.7,2,42,5,7,10,7.0,8,51.18,Needs Improvement
2055,George James,88,11.08,60,4.8,4,5,4,4,7,11.2,2,55.71,Needs Improvement
2056,Molly Douglas,91,1.68,89,3.5,4,216,6,1,3,2.8,5,46.27,Needs Improvement
2057,Jill Singleton,74,8.9,54,4.1,5,1,2,6,8,4.1,1,43.06,Needs Improvement
2058,Mitchell Smith,91,12.13,82,3.6,1,257,1,1,9,6.0,6,53.54,Needs Improvement
2059,David Moore,51,4.95,70,1.6,9,174,1,6,10,11.1,7,48.79,Needs Improvement
2060,Samuel Robinson,51,2.33,68,3.8,3,41,6,8,3,7.6,6,53.56,Needs Improvement
2061,Michael Gill,44,6.85,90,4.2,8,8,6,6,4,7.5,2,48.58,Needs Improvement
2062,Pam Hall,57,1.48,83,3.1,4,86,10,1,5,10.6,7,53.02,Needs Improvement
2063,Tonya Carlson,69,10.94,73,4.2,9,18,5,5,8,5.4,5,30.94,Needs Improvement
2064,Chelsea Williams,80,12.56,63,1.6,5,226,1,6,8,11.3,6,44.29,Needs Improvement
2065,Mr. Samuel Contreras DDS,99,10.98,98,1.1,6,184,6,5,7,4.6,5,46.89,Needs Improvement
2066,Daniel Davis,44,12.16,85,2.1,1,184,5,7,6,6.8,8,36.52,Needs Improvement
2067,Mark Walls,80,9.1,50,4.9,2,235,6,10,8,5.9,7,62.56,Average
2068,Meredith Rodgers,94,9.06,57,4.8,5,211,7,8,1,6.7,4,55.85,Needs Improvement
2069,Gina Crawford,59,1.17,74,3.3,3,47,1,8,9,8.3,10,51.38,Needs Improvement
2070,Brandon Campos,97,9.83,58,3.6,8,197,10,5,7,5.1,9,40.8,Needs Improvement
2071,Wendy Kim,96,5.62,84,1.7,0,239,5,2,2,3.5,3,61.28,Average
2072,Vanessa Miller,83,1.81,51,3.6,3,129,10,3,10,11.6,5,78.55,Average
2073,Meghan Wilson,82,8.85,90,1.6,10,132,9,4,10,2.7,9,19.66,Needs Improvement
2074,Douglas Daniel,59,12.23,71,3.5,5,286,1,2,7,2.6,10,22.44,Needs Improvement
2075,Timothy Contreras,66,5.74,71,2.1,10,68,6,3,1,5.4,6,19.64,Needs Improvement
2076,Denise Rivera,50,6.63,53,1.7,5,178,10,2,3,7.7,2,44.54,Needs Improvement
2077,Lisa Crawford,69,10.62,58,3.9,10,110,9,7,7,11.3,7,43.41,Needs Improvement
2078,James Davis,82,8.49,51,1.1,0,215,9,6,1,2.7,7,37.5,Needs Improvement
2079,Kyle Singh,54,11.4,64,3.3,4,65,4,2,9,10.7,2,42.23,Needs Improvement
2080,Willie Lopez,73,2.73,93,2.6,3,1,8,8,4,5.1,9,54.77,Needs Improvement
2081,Joshua Gutierrez,91,12.76,76,4.4,1,94,8,3,2,10.6,8,53.6,Needs Improvement
2082,Carol Bell,80,11.4,70,4.2,6,269,9,4,7,2.6,2,42.38,Needs Improvement
2083,Steven Dalton,52,9.32,87,2.6,2,50,7,1,7,9.6,8,51.11,Needs Improvement
2084,Richard Perez,87,6.24,67,2.4,10,40,3,4,7,7.7,8,21.84,Needs Improvement
2085,Paul Gardner,99,12.92,61,1.1,7,159,1,9,5,8.6,10,23.57,Needs Improvement
2086,Brandon Carr,62,11.73,93,3.9,1,273,2,4,7,10.2,7,57.93,Needs Improvement
2087,Megan Allen,48,1.16,56,4.5,9,86,6,2,1,3.9,10,23.97,Needs Improvement
2088,Christina Liu,50,2.78,89,3.1,9,54,9,3,9,4.7,6,43.16,Needs Improvement
2089,Samantha Kane,43,3.03,77,2.5,1,121,3,5,9,9.0,3,59.82,Needs Improvement
2090,Anthony Branch,98,10.84,57,3.5,4,219,1,5,6,7.9,2,57.03,Needs Improvement
2091,Michael Smith,58,10.96,86,3.4,2,276,8,10,9,5.6,3,58.37,Needs Improvement
2092,Lisa Woods,48,3.65,65,3.1,7,287,3,7,5,7.0,8,39.61,Needs Improvement
2093,Samuel Arellano,88,12.18,60,1.6,3,89,5,4,1,7.5,7,40.09,Needs Improvement
2094,Jeffrey Rivera,47,11.73,67,4.0,8,93,4,3,5,7.8,4,32.86,Needs Improvement
2095,Jeffrey Sullivan,68,8.43,96,2.6,8,70,7,8,4,4.3,6,37.04,Needs Improvement
2096,Anna Jensen,100,1.31,87,2.2,7,269,7,4,5,11.0,7,67.71,Average
2097,Rhonda Cannon,87,12.74,56,4.5,3,171,6,5,1,8.0,7,50.82,Needs Improvement
2098,Samantha Myers,100,4.95,88,4.5,2,279,5,2,2,7.2,10,62.49,Average
2099,Brent Reed,59,5.72,87,5.0,9,184,10,9,9,4.7,9,53.37,Needs Improvement
2100,Donna Callahan,61,3.96,64,2.1,3,249,7,6,6,2.8,6,44.23,Needs Improvement
2101,Jeffery Reid,42,8.73,78,2.1,1,226,9,6,3,9.4,10,51.58,Needs Improvement
2102,Jose Johnson,42,9.93,90,4.4,6,221,8,10,1,11.5,5,60.81,Average
2103,Lauren Rich,60,8.87,83,3.9,4,162,8,1,1,10.0,1,59.88,Needs Improvement
2104,Heather Parker,62,4.12,78,2.9,2,185,10,6,4,5.0,9,47.99,Needs Improvement
2105,Melissa Sampson,62,6.74,80,3.4,10,117,2,3,7,9.1,4,34.76,Needs Improvement
2106,Danielle Meyer,55,3.33,62,4.6,0,269,2,8,2,10.7,9,64.47,Average
2107,David Hughes,69,13.33,100,1.8,5,31,4,5,3,8.4,9,33.57,Needs Improvement
2108,Michael Evans,94,13.41,79,3.3,4,200,5,10,2,5.4,9,49.15,Needs Improvement
2109,Donald Carpenter,79,10.08,81,2.4,2,4,10,10,8,4.7,1,61.28,Average
2110,Richard Brown,44,12.86,70,3.3,10,175,2,6,3,9.3,1,32.9,Needs Improvement
2111,Amy Griffin,75,6.99,79,1.1,4,120,8,8,1,2.0,8,35.66,Needs Improvement
2112,Pamela Brooks,48,12.2,87,4.0,10,168,9,10,5,3.1,8,26.73,Needs Improvement
2113,Cynthia Navarro,98,14.17,57,4.5,4,181,5,8,8,2.3,6,44.18,Needs Improvement
2114,Joseph Johnson,86,10.0,66,4.2,4,91,10,5,8,3.1,5,45.53,Needs Improvement
2115,Eric Clements,72,8.62,68,2.9,0,106,2,3,9,3.2,4,44.78,Needs Improvement
2116,Robert Jackson,87,12.45,88,3.7,0,24,5,6,2,11.7,2,69.51,Average
2117,Karina Hernandez,100,4.37,86,2.3,10,110,1,10,4,11.5,8,54.13,Needs Improvement
2118,Mr. Brian Wright,79,5.75,66,2.9,6,221,2,6,2,2.5,3,35.81,Needs Improvement
2119,Elizabeth Craig,70,9.53,85,4.0,7,143,1,9,9,11.5,8,59.71,Needs Improvement
2120,Frank Ford,79,3.59,100,3.4,8,177,4,2,3,10.5,8,60.72,Average
2121,Samuel Andrews,80,6.9,51,3.8,10,89,9,5,10,7.6,6,50.02,Needs Improvement
2122,Sean Hoover,99,5.72,72,3.8,6,36,9,1,3,5.6,2,54.45,Needs Improvement
2123,Charles Brown,99,1.86,88,1.4,8,245,10,9,4,5.0,1,69.09,Average
2124,Jessica Anderson,74,1.1,91,4.7,9,284,6,5,8,8.2,1,73.06,Average
2125,Erik Coleman,83,14.54,74,1.6,3,141,8,6,10,11.2,1,51.15,Needs Improvement
2126,Adam Payne,77,6.48,86,1.1,3,266,2,6,2,8.2,1,57.82,Needs Improvement
2127,Samantha Roberts,43,11.62,64,3.7,7,0,7,4,10,5.6,9,15.27,Needs Improvement
2128,Marie Collins,48,8.5,99,1.9,3,224,1,4,4,7.4,8,41.21,Needs Improvement
2129,Alexander Manning,79,12.48,79,1.1,8,153,8,1,7,8.4,9,23.63,Needs Improvement
2130,Kayla Parrish,60,3.79,91,4.1,7,130,2,1,6,2.5,10,35.42,Needs Improvement
2131,Amanda Johnson,68,1.71,85,4.0,7,34,2,9,9,2.5,8,42.78,Needs Improvement
2132,Albert Smith,70,14.12,69,3.2,7,24,7,5,9,8.4,4,27.81,Needs Improvement
2133,Margaret Gutierrez,80,7.1,71,4.4,2,32,6,1,4,9.2,7,49.2,Needs Improvement
2134,Morgan Hoffman,48,6.58,63,2.2,5,270,6,1,4,2.2,2,36.38,Needs Improvement
2135,Lori Barrett,45,11.38,56,2.0,8,296,3,5,9,8.3,1,30.95,Needs Improvement
2136,Amy Macdonald,94,14.37,59,4.1,0,36,7,8,2,12.0,4,59.98,Needs Improvement
2137,Alyssa Shaw,83,6.66,75,3.6,0,125,1,3,5,6.5,5,56.11,Needs Improvement
2138,Dakota Scott,80,8.32,82,1.1,6,100,10,4,6,11.5,4,53.02,Needs Improvement
2139,Erin Huang,64,13.75,79,3.2,2,149,1,4,3,5.9,3,43.36,Needs Improvement
2140,Lisa Moreno,60,6.8,76,2.0,1,128,9,5,2,10.9,3,71.32,Average
2141,Jermaine Turner,62,12.39,91,1.0,3,230,10,5,4,6.0,2,43.92,Needs Improvement
2142,Mr. John Cox,49,5.35,81,2.3,6,288,1,4,4,8.8,6,48.61,Needs Improvement
2143,Raymond Manning,42,1.72,67,5.0,2,6,3,2,4,7.3,3,41.38,Needs Improvement
2144,Matthew Travis,68,12.11,87,2.2,7,166,5,4,5,2.3,4,24.85,Needs Improvement
2145,Austin Henry,47,5.25,66,4.6,2,51,2,5,8,8.1,9,47.07,Needs Improvement
2146,Aaron Roth,53,5.84,86,1.5,0,267,3,10,8,8.9,6,66.36,Average
2147,Kimberly Carlson,51,2.37,76,1.3,3,272,1,7,4,9.4,1,69.64,Average
2148,Leslie Torres,82,6.97,78,1.7,2,116,10,7,7,10.6,4,64.03,Average
2149,Justin Moss,54,11.29,91,4.5,6,104,9,4,5,6.6,7,45.53,Needs Improvement
2150,David Mann,95,5.48,65,2.4,0,240,5,7,5,4.4,3,64.57,Average
2151,Robert Ross,66,6.47,66,2.8,1,48,9,4,7,6.4,7,48.71,Needs Improvement
2152,Andrew Jensen,62,14.23,66,2.2,9,205,7,3,7,4.8,1,33.47,Needs Improvement
2153,Charles Jones,54,6.07,92,2.9,5,200,5,3,8,9.5,5,51.19,Needs Improvement
2154,Angela Wells,68,6.18,66,4.7,1,5,6,8,9,5.8,1,72.48,Average
2155,Michele Cruz,52,6.85,98,4.6,5,105,2,6,10,3.7,5,39.57,Needs Improvement
2156,Joshua Russell,78,11.71,94,4.9,5,275,1,9,2,8.8,1,64.53,Average
2157,Vanessa Hill,98,9.51,75,1.5,9,141,9,5,3,6.4,3,40.06,Needs Improvement
2158,Sandra Colon,78,8.93,50,2.2,10,192,7,8,7,9.0,10,26.31,Needs Improvement
2159,Alexander Johnson,71,11.77,88,2.4,2,85,10,6,10,6.4,6,55.56,Needs Improvement
2160,Regina Blair,65,7.68,69,4.3,4,62,3,4,4,6.6,4,45.47,Needs Improvement
2161,Wayne Walker,50,5.65,52,3.3,8,249,2,10,1,11.6,1,56.27,Needs Improvement
2162,John Johnston,86,5.15,63,2.1,2,147,9,1,9,10.4,4,72.47,Average
2163,Patricia Henry,65,12.86,98,4.8,5,270,1,2,3,9.1,2,56.12,Needs Improvement
2164,Jesse Dunn,97,3.28,73,3.6,0,283,4,9,7,7.9,10,72.78,Average
2165,Gregory Melton,68,4.98,69,3.4,4,44,6,6,1,5.7,8,47.97,Needs Improvement
2166,Valerie Ortega,66,7.39,56,4.4,10,146,9,7,2,2.0,2,41.92,Needs Improvement
2167,Danielle Randolph,100,5.57,52,1.3,2,265,4,7,4,6.2,1,55.26,Needs Improvement
2168,Adam Marquez,66,5.6,62,4.6,0,102,7,10,1,11.4,6,69.71,Average
2169,Victoria Fox,86,6.79,59,3.4,2,83,6,7,9,10.6,3,80.4,Excellent
2170,Karen Rojas,52,10.98,86,4.7,7,171,2,3,2,11.0,10,38.78,Needs Improvement
2171,Edwin Wilson,93,14.48,87,3.3,7,109,6,9,1,9.8,9,37.34,Needs Improvement
2172,Stephanie Daniel,68,14.47,85,2.8,4,150,10,6,9,3.3,6,39.65,Needs Improvement
2173,Terry Brown,42,5.27,52,1.8,9,154,7,10,3,9.1,2,39.45,Needs Improvement
2174,Traci Ramos,64,5.89,51,3.4,1,291,4,8,7,11.1,9,58.28,Needs Improvement
2175,Lacey Lamb,72,8.53,73,2.6,4,108,7,10,3,11.6,2,64.35,Average
2176,Thomas Hill,51,6.18,59,4.7,9,223,5,3,8,10.1,3,45.83,Needs Improvement
2177,Sherri Rodriguez,56,3.76,62,4.1,1,127,5,7,1,5.3,4,56.3,Needs Improvement
2178,Patrick Kennedy,64,12.83,75,4.5,7,15,10,2,9,4.5,8,33.6,Needs Improvement
2179,Kathleen Robinson,52,6.45,59,1.9,8,120,3,7,1,6.4,9,19.31,Needs Improvement
2180,Jeremy Guerrero,63,12.7,58,1.3,2,27,7,6,5,5.0,5,28.68,Needs Improvement
2181,Francis Everett,68,5.52,72,4.5,8,79,7,2,10,7.8,4,44.14,Needs Improvement
2182,Jennifer Gordon,66,1.19,93,2.5,1,46,8,3,7,3.8,5,63.79,Average
2183,Jennifer Smith,86,3.33,85,1.8,8,0,2,10,7,9.7,10,49.35,Needs Improvement
2184,Savannah Rodgers,69,11.01,80,3.5,0,60,1,5,5,12.0,8,56.71,Needs Improvement
2185,Lisa Camacho,44,1.67,61,1.2,6,189,5,6,10,10.2,9,48.13,Needs Improvement
2186,Johnny Miller,91,10.27,67,4.8,10,87,10,9,9,5.0,9,45.46,Needs Improvement
2187,Eric Lynch,43,10.53,73,4.2,8,160,10,6,5,10.4,4,52.56,Needs Improvement
2188,Sharon Allen,52,6.48,81,4.4,5,266,10,3,3,9.5,7,61.18,Average
2189,Amy Wilkinson,95,3.85,54,4.9,2,165,3,6,4,8.2,7,64.58,Average
2190,Katie Reynolds,87,10.07,58,3.5,7,188,5,1,7,2.1,4,38.49,Needs Improvement
2191,Rodney Delacruz,97,7.12,71,3.6,10,209,1,3,10,8.3,4,58.78,Needs Improvement
2192,Diane Adams,91,11.41,60,4.6,2,206,5,10,1,7.0,5,66.58,Average
2193,Vincent Walker,97,6.46,93,1.6,1,151,10,8,5,6.6,9,64.13,Average
2194,Glenn Meyer,48,13.84,98,4.6,0,173,6,2,5,11.9,10,52.96,Needs Improvement
2195,Ann Cook,72,7.46,62,4.7,6,271,8,7,9,10.8,6,66.29,Average
2196,Micheal Perez,92,7.85,63,4.4,7,188,4,3,1,11.0,4,58.89,Needs Improvement
2197,Jacob Villanueva,71,1.2,60,4.9,10,85,10,2,7,8.1,1,62.03,Average
2198,Kim Allison,76,7.83,93,4.4,2,224,5,1,10,3.5,6,54.13,Needs Improvement
2199,Kelly Hudson,82,3.13,65,4.3,10,258,5,5,5,8.5,5,56.81,Needs Improvement
2200,Teresa Mendoza,46,11.51,99,4.6,6,171,2,6,3,8.4,4,46.51,Needs Improvement
2201,Philip Johnson,90,8.21,76,1.9,8,109,9,2,6,11.4,3,43.0,Needs Improvement
2202,Kevin Torres,49,1.27,80,2.3,7,112,8,2,4,6.3,6,39.58,Needs Improvement
2203,Cody Yang,81,10.84,50,4.2,2,5,7,9,5,8.2,2,54.65,Needs Improvement
2204,Michelle Smith,62,13.47,84,2.4,6,3,10,8,7,3.4,8,30.98,Needs Improvement
2205,Nicholas Stone,51,3.09,72,4.3,3,132,8,2,5,8.6,3,69.47,Average
2206,Steven Stevenson,84,4.12,70,3.7,6,50,9,4,4,8.7,3,54.5,Needs Improvement
2207,James Moore,58,9.09,78,3.7,6,244,6,8,8,8.7,9,55.3,Needs Improvement
2208,Christopher Sanchez,85,12.15,52,4.7,6,37,5,2,7,4.3,9,29.63,Needs Improvement
2209,Karen Thornton,68,6.51,63,2.3,1,6,7,1,5,8.2,9,37.32,Needs Improvement
2210,Brittany Flores,65,6.11,66,4.3,7,135,10,8,7,6.6,9,56.53,Needs Improvement
2211,Candice Russell,89,4.83,72,1.3,0,277,4,1,5,7.6,10,56.36,Needs Improvement
2212,Betty Hernandez,57,9.56,93,3.3,3,252,6,7,7,11.4,1,59.66,Needs Improvement
2213,Cody Owens,52,13.49,90,2.1,4,18,7,2,8,7.4,9,29.0,Needs Improvement
2214,Jose Duke,41,8.35,69,2.1,4,127,6,4,3,3.2,6,28.81,Needs Improvement
2215,Robert Morris,60,12.88,55,1.1,3,204,8,8,3,5.7,5,28.56,Needs Improvement
2216,Robert Phillips,73,14.25,64,2.9,10,271,2,4,5,6.4,1,24.25,Needs Improvement
2217,Nicholas David,53,6.93,84,2.6,5,57,6,2,3,7.1,8,30.21,Needs Improvement
2218,Ann Wilson,57,11.16,78,1.9,9,132,1,8,5,2.8,4,19.85,Needs Improvement
2219,Paul Watson,52,12.59,74,1.1,7,35,9,2,3,9.7,5,14.95,Needs Improvement
2220,John Arnold,88,13.25,95,2.2,3,146,8,9,8,2.9,3,57.57,Needs Improvement
2221,Ms. Teresa Morales MD,47,9.98,86,1.9,0,215,10,3,8,11.9,7,62.89,Average
2222,Jordan Gates,82,3.96,74,3.0,0,260,10,5,7,2.6,10,53.46,Needs Improvement
2223,Sandra Henderson,89,8.23,57,2.4,2,191,3,2,1,5.1,5,38.43,Needs Improvement
2224,Jacob Huff,59,8.2,84,3.7,3,63,6,2,2,10.8,3,52.94,Needs Improvement
2225,James Velez,92,5.86,51,3.9,0,166,6,5,6,7.8,3,63.96,Average
2226,Kaitlyn Smith,66,5.95,97,4.5,7,212,5,7,8,6.3,2,59.26,Needs Improvement
2227,Mr. Patrick Dominguez,63,10.68,95,3.7,5,0,7,10,2,7.6,5,48.41,Needs Improvement
2228,Matthew Clayton,80,2.98,82,3.9,10,231,2,7,4,4.5,6,49.64,Needs Improvement
2229,Karen Henderson,55,8.68,73,1.2,7,240,10,4,6,7.1,6,44.34,Needs Improvement
2230,Tammy Burgess,75,3.05,91,1.1,1,37,5,2,9,5.0,3,61.99,Average
2231,Regina Kemp,94,11.15,71,1.9,9,156,8,8,7,2.0,10,22.18,Needs Improvement
2232,William Gallagher,65,7.63,86,2.7,8,123,6,3,7,11.2,5,55.4,Needs Improvement
2233,William White,78,12.17,81,3.0,9,144,5,9,7,2.8,2,44.7,Needs Improvement
2234,Jordan Wong,44,8.52,92,3.0,1,122,5,4,8,6.0,5,44.58,Needs Improvement
2235,Janet Reyes,66,6.03,55,4.1,3,73,3,9,5,11.2,4,59.11,Needs Improvement
2236,Corey Park,45,6.92,65,3.6,5,176,1,3,2,9.3,6,36.77,Needs Improvement
2237,Larry Miller,46,3.68,52,2.8,7,219,4,2,9,10.6,9,39.5,Needs Improvement
2238,Gavin Rios,79,3.3,52,2.2,4,131,7,7,8,8.1,5,61.31,Average
2239,Natalie Turner,79,7.59,78,3.0,2,177,10,5,8,5.0,9,58.6,Needs Improvement
2240,Erika Crawford,93,8.43,74,4.1,5,118,9,5,4,8.6,5,63.26,Average
2241,Mary Gilbert,48,14.61,65,2.0,9,53,8,6,10,6.1,6,13.38,Needs Improvement
2242,Johnny Lester,61,5.07,67,4.2,0,210,10,5,7,3.5,7,58.37,Needs Improvement
2243,Mrs. Tiffany Brown,50,7.31,55,1.7,8,163,7,8,6,8.7,5,46.76,Needs Improvement
2244,Tricia Howard,83,9.88,83,3.6,6,200,1,4,7,11.9,9,44.46,Needs Improvement
2245,Michael Charles,57,10.62,52,1.6,0,205,6,2,2,9.1,8,32.17,Needs Improvement
2246,John Acosta,47,5.14,75,4.8,10,31,3,8,6,7.5,5,44.78,Needs Improvement
2247,Mark Ryan,58,14.92,99,4.7,6,155,1,9,6,5.5,4,50.65,Needs Improvement
2248,Joshua Gonzalez,60,6.7,67,1.9,9,133,6,9,4,4.3,5,29.15,Needs Improvement
2249,Katie Buchanan,77,2.89,99,4.3,6,98,10,4,9,5.2,5,62.4,Average
2250,Bradley Schmidt,49,10.32,71,4.5,4,162,7,2,3,3.3,8,33.75,Needs Improvement
2251,Brenda Harris,59,4.81,73,3.3,7,123,9,2,9,4.3,10,31.3,Needs Improvement
2252,William Pitts,57,3.76,96,2.0,8,198,8,10,3,4.8,6,40.89,Needs Improvement
2253,Dana Moreno,50,5.26,78,4.1,8,284,8,8,2,10.1,5,57.83,Needs Improvement
2254,Terri Bender,91,2.17,98,1.2,5,251,4,5,9,4.8,8,47.05,Needs Improvement
2255,Patricia Madden,62,11.22,86,2.7,2,177,3,10,1,10.2,2,62.73,Average
2256,Jennifer Jones,91,2.17,97,4.7,9,224,6,9,3,8.2,6,73.47,Average
2257,Lisa Johnson,71,8.06,84,3.9,5,129,3,9,2,4.9,4,46.64,Needs Improvement
2258,Rachael Franco,41,12.97,80,4.1,10,133,6,3,5,3.9,4,23.08,Needs Improvement
2259,Regina Murillo,97,4.4,58,3.9,7,142,9,5,4,7.7,2,60.49,Average
2260,Mrs. Tammy Miller,93,2.15,78,2.4,3,84,7,7,7,9.5,5,68.77,Average
2261,Caitlin Walters,40,10.86,74,1.5,5,44,5,5,3,10.2,6,24.63,Needs Improvement
2262,Mr. Charles Zimmerman,95,5.15,64,2.9,7,271,4,3,9,5.3,2,58.56,Needs Improvement
2263,Jon Miller,84,3.03,94,1.5,7,90,3,10,6,6.0,9,48.38,Needs Improvement
2264,Dr. Michael Hunt,72,8.07,87,4.0,4,219,5,3,8,8.3,6,60.16,Average
2265,Sharon Yoder,93,10.07,51,4.3,7,257,9,9,4,4.7,5,51.17,Needs Improvement
2266,Leah Keller,41,3.36,76,2.0,6,290,4,8,3,3.0,7,51.41,Needs Improvement
2267,Michelle Flores,51,11.24,90,1.9,2,286,5,8,8,7.4,6,63.49,Average
2268,Donald Singh,76,11.78,75,2.0,8,270,8,3,8,2.7,7,19.4,Needs Improvement
2269,Crystal Wise,76,13.52,61,1.2,8,236,5,3,2,7.5,7,25.81,Needs Improvement
2270,James Moon,100,13.59,99,3.8,6,83,4,2,9,2.5,8,39.05,Needs Improvement
2271,Vincent Kelly,93,6.53,72,1.2,5,245,9,10,4,7.1,5,61.94,Average
2272,Teresa Jones,92,5.43,93,1.3,1,181,4,10,3,3.7,9,51.96,Needs Improvement
2273,Dr. Victoria David MD,54,3.17,57,4.0,10,190,10,7,5,9.4,4,41.47,Needs Improvement
2274,Crystal Erickson,60,2.09,81,4.2,0,120,2,10,5,3.1,8,61.08,Average
2275,Janice Medina,73,4.25,82,4.7,9,39,2,9,10,8.1,2,58.82,Needs Improvement
2276,Sarah Williams,92,14.08,75,1.6,2,113,1,10,8,6.9,3,44.84,Needs Improvement
2277,Emily Jones,94,3.04,60,1.0,8,55,8,8,7,8.4,5,47.75,Needs Improvement
2278,Matthew Gomez,44,6.91,69,4.7,3,20,1,5,8,10.0,10,44.38,Needs Improvement
2279,Mark Ware,83,10.79,82,3.4,1,288,1,2,4,6.6,3,46.66,Needs Improvement
2280,Thomas Cervantes,51,10.26,74,4.8,4,243,9,3,5,11.8,5,70.37,Average
2281,Brenda Hardy,80,14.55,70,1.8,7,150,10,10,5,4.5,5,36.29,Needs Improvement
2282,Patricia Maynard,53,7.78,59,2.8,9,202,3,3,8,7.6,3,29.62,Needs Improvement
2283,Ashlee Woods,91,9.43,81,3.3,9,123,1,1,8,11.9,1,53.99,Needs Improvement
2284,Michelle Flores,72,4.49,66,4.9,6,2,3,3,2,7.9,4,43.83,Needs Improvement
2285,Peter Weiss,94,11.38,75,4.5,3,80,5,8,3,11.2,3,64.22,Average
2286,Erin Arroyo,85,9.51,83,2.3,2,138,2,2,3,10.5,8,43.11,Needs Improvement
2287,Robert Mcconnell,77,10.25,84,1.2,3,165,7,7,9,9.4,4,56.91,Needs Improvement
2288,Richard Powers,93,8.78,58,3.5,6,36,10,5,4,3.9,3,40.72,Needs Improvement
2289,Travis Young,98,10.24,92,1.4,8,225,2,1,5,7.1,4,37.13,Needs Improvement
2290,Dr. Gina Mcguire,95,12.49,75,3.0,10,220,3,8,9,9.9,7,51.16,Needs Improvement
2291,Ronald Shaw,72,6.02,77,1.3,5,182,6,10,2,4.7,3,48.97,Needs Improvement
2292,Mr. Keith Brown,56,4.83,84,1.1,5,5,3,1,7,3.8,3,35.35,Needs Improvement
2293,Eric Rodriguez,72,8.17,98,5.0,5,226,4,8,5,11.2,10,60.76,Average
2294,Eugene Hicks,51,2.69,65,2.7,2,39,7,8,10,10.4,10,57.13,Needs Improvement
2295,Michael Campbell,78,4.84,50,3.1,4,103,2,2,8,7.1,10,42.01,Needs Improvement
2296,Emily Vasquez,73,4.23,77,3.5,3,268,2,10,5,5.4,8,57.28,Needs Improvement
2297,Becky Jones,97,3.35,76,3.8,3,134,9,3,1,7.6,10,54.05,Needs Improvement
2298,Sara Brown,78,13.49,58,1.9,9,236,8,2,7,10.7,10,27.43,Needs Improvement
2299,Timothy Mcintyre,62,5.58,62,4.3,7,109,1,3,9,11.3,9,36.01,Needs Improvement
2300,Tammy Woodward,78,9.08,72,2.6,7,296,8,3,3,6.3,10,29.39,Needs Improvement
2301,Tiffany Herrera,95,5.89,100,3.8,7,241,8,5,6,3.3,4,56.91,Needs Improvement
2302,Tammy Hill,51,1.98,63,2.8,10,237,4,7,5,5.7,2,50.61,Needs Improvement
2303,Teresa Sosa,55,4.38,50,2.8,5,182,10,3,1,4.9,3,48.27,Needs Improvement
2304,Matthew Foster,68,12.48,81,3.5,5,195,4,2,1,5.0,5,38.58,Needs Improvement
2305,Bonnie Burns,51,1.74,64,4.7,7,27,4,6,1,4.0,10,35.02,Needs Improvement
2306,David Booker,100,1.94,51,2.5,0,222,5,8,4,9.6,5,85.44,Excellent
2307,Erica Woods,95,5.64,67,3.9,2,81,4,3,9,8.4,4,77.87,Average
2308,William Odom,59,14.91,75,3.6,1,142,4,9,6,11.2,9,46.0,Needs Improvement
2309,John Nelson,99,4.33,72,3.1,6,88,6,2,6,11.8,6,63.6,Average
2310,Stephanie Boyer,74,9.43,52,3.3,1,72,7,6,10,5.7,8,45.15,Needs Improvement
2311,Zachary Solomon,80,3.93,65,1.9,8,288,10,9,7,3.1,4,49.35,Needs Improvement
2312,Michael Moore,61,12.21,87,3.3,4,214,6,3,5,4.7,8,40.78,Needs Improvement
2313,Brett Lee,82,14.71,84,4.8,2,37,8,6,1,8.4,9,54.6,Needs Improvement
2314,Thomas Hill,84,11.54,81,2.0,5,96,7,1,6,7.3,10,33.19,Needs Improvement
2315,Marcus Jones,42,1.91,63,4.2,3,144,5,8,6,4.2,4,45.11,Needs Improvement
2316,Jacob Davis,69,2.12,82,1.6,3,29,5,3,4,9.2,7,51.55,Needs Improvement
2317,Connie Santiago,95,10.05,100,2.3,6,231,5,1,3,6.6,1,54.34,Needs Improvement
2318,Susan Campbell,93,6.12,72,2.6,0,267,9,2,5,6.1,5,64.75,Average
2319,Breanna Melton,46,14.06,84,3.2,5,246,10,3,4,7.4,9,32.71,Needs Improvement
2320,Matthew Anderson,52,12.55,82,2.8,4,117,4,9,3,6.7,2,41.03,Needs Improvement
2321,Aaron Herrera,52,12.44,57,4.7,2,114,1,9,5,9.9,7,46.84,Needs Improvement
2322,Eric Rowe,75,13.47,96,4.0,0,43,6,10,5,4.7,2,67.35,Average
2323,Erica Weaver,72,11.5,77,3.0,5,79,4,8,7,7.7,10,31.06,Needs Improvement
2324,Richard Gomez,52,11.12,86,2.9,9,273,4,4,5,8.3,1,38.4,Needs Improvement
2325,Anthony Tanner,57,1.86,100,4.1,5,232,10,1,6,3.4,10,53.05,Needs Improvement
2326,Carrie Anderson,100,10.96,86,4.9,8,184,3,5,3,4.2,1,51.15,Needs Improvement
2327,Steven Smith,54,14.62,95,3.2,6,41,6,5,4,8.4,3,40.56,Needs Improvement
2328,Gabriel Gonzales,64,5.96,70,2.6,8,220,3,7,7,5.2,4,39.12,Needs Improvement
2329,Robin Parker,85,11.96,72,4.2,8,195,1,9,6,7.1,2,59.83,Needs Improvement
2330,Lisa Harrison,77,3.03,84,4.7,4,285,6,1,10,11.4,10,70.14,Average
2331,Howard Brown,66,5.54,72,3.0,7,7,5,5,7,7.7,2,44.85,Needs Improvement
2332,Amber Kirby,51,13.8,75,4.2,5,214,2,10,2,2.9,3,34.47,Needs Improvement
2333,Cynthia Bartlett,98,11.39,79,3.4,4,172,6,6,10,9.4,3,75.12,Average
2334,Timothy Stone,83,6.07,59,3.9,3,92,9,1,3,9.2,6,59.89,Needs Improvement
2335,Kyle Rodriguez,92,3.31,88,2.6,7,188,2,5,4,5.3,5,49.71,Needs Improvement
2336,Kevin Tran,43,5.66,90,4.2,4,141,6,7,10,5.4,9,45.15,Needs Improvement
2337,Mrs. Katherine Lopez PhD,94,14.25,94,2.2,0,257,4,7,9,5.9,8,56.41,Needs Improvement
2338,Melissa Richardson,74,12.58,75,3.5,2,67,3,10,6,7.9,4,49.32,Needs Improvement
2339,Steven Hall,90,10.6,84,2.4,10,218,3,3,8,5.2,3,32.12,Needs Improvement
2340,Amy Chavez,83,12.64,88,2.2,8,46,10,1,2,7.2,10,28.24,Needs Improvement
2341,Anne Lambert,62,3.51,60,3.7,2,210,1,8,1,3.8,2,59.77,Needs Improvement
2342,Yolanda Ball,54,4.69,89,4.4,2,94,4,8,7,9.3,10,61.87,Average
2343,Autumn Green,97,9.67,62,1.2,3,188,5,2,8,3.3,9,30.56,Needs Improvement
2344,Renee Nguyen,62,7.03,84,1.8,10,122,1,4,10,9.5,6,41.9,Needs Improvement
2345,Derek Walker,86,10.68,80,1.0,3,244,8,3,8,7.2,1,49.41,Needs Improvement
2346,Kyle Cooper,48,1.45,50,3.2,0,213,3,6,6,2.2,9,38.59,Needs Improvement
2347,Matthew Powell,79,13.46,99,2.7,9,193,1,2,5,10.2,10,28.63,Needs Improvement
2348,Brenda Martinez,55,11.94,56,3.3,7,220,7,6,6,2.7,1,30.34,Needs Improvement
2349,Stacy Fletcher,78,5.87,81,1.1,5,8,5,1,10,11.6,8,44.12,Needs Improvement
2350,Michael Knight,43,6.99,91,1.7,5,64,9,6,6,6.4,10,23.42,Needs Improvement
2351,Jane Beck,76,10.95,71,4.5,8,19,8,2,10,7.3,1,41.17,Needs Improvement
2352,Brenda Huang,66,1.92,85,5.0,2,35,5,4,8,9.4,1,82.53,Excellent
2353,Dr. Kimberly Lamb DVM,41,1.56,50,3.4,4,92,7,6,3,3.1,9,24.08,Needs Improvement
2354,Paula Reynolds,46,2.66,51,3.6,1,59,8,10,7,10.6,7,58.6,Needs Improvement
2355,John Vargas,47,8.5,96,1.3,10,127,4,2,7,8.9,3,27.41,Needs Improvement
2356,Nathan Howell,51,2.25,52,1.8,5,48,8,2,5,9.0,3,41.88,Needs Improvement
2357,Michelle James,67,7.12,77,1.5,3,123,9,8,5,3.3,5,40.67,Needs Improvement
2358,Connie White,48,1.81,53,1.9,9,84,6,3,3,4.8,6,20.88,Needs Improvement
2359,Shannon Moore,72,10.67,60,3.0,1,300,6,5,3,7.1,5,48.84,Needs Improvement
2360,Michael Sims,88,8.6,82,2.5,10,7,9,1,4,7.9,5,32.62,Needs Improvement
2361,Timothy Stewart,52,6.74,59,3.0,5,275,1,5,10,9.2,10,36.63,Needs Improvement
2362,Thomas Velasquez,74,9.14,91,1.7,8,231,6,9,3,2.4,1,41.1,Needs Improvement
2363,Cody Sparks,52,14.71,89,1.4,2,41,7,6,5,4.0,4,24.87,Needs Improvement
2364,Laurie Jensen,98,11.67,74,3.5,10,141,8,3,7,5.7,6,39.18,Needs Improvement
2365,Rachel Lee,65,12.31,91,1.7,2,165,3,10,9,5.0,4,41.32,Needs Improvement
2366,Christina Bowers,58,3.95,53,2.6,1,120,3,6,5,8.2,8,43.11,Needs Improvement
2367,Daniel Christian,44,3.23,76,1.3,9,236,6,5,2,11.3,6,38.29,Needs Improvement
2368,Sean Montgomery,42,2.6,96,1.2,3,238,2,9,9,11.1,2,67.51,Average
2369,Michael Clark,90,1.18,60,2.6,8,18,2,10,8,7.9,9,53.59,Needs Improvement
2370,Anthony Thompson,65,11.66,66,1.9,1,113,2,4,1,5.4,9,28.68,Needs Improvement
2371,Jason Russell,76,4.34,95,1.1,10,26,1,1,4,11.7,1,40.46,Needs Improvement
2372,Sean Taylor,96,6.41,99,4.8,10,239,4,2,7,7.2,3,69.2,Average
2373,Sara Arnold,64,3.34,73,1.3,6,248,1,4,4,10.1,10,47.87,Needs Improvement
2374,Ryan Smith,47,11.27,67,4.8,1,26,1,2,10,2.5,8,30.21,Needs Improvement
2375,Allen Vazquez,90,12.82,60,4.9,7,67,10,6,3,8.2,8,55.71,Needs Improvement
2376,Sandra Brown,96,1.27,70,2.0,8,30,10,3,6,10.6,6,66.41,Average
2377,Patrick Kline,99,11.85,62,4.2,6,243,6,9,6,5.4,10,43.93,Needs Improvement
2378,Kimberly Long,91,3.72,99,3.9,5,267,9,7,3,4.6,7,61.25,Average
2379,Chris Hunt,71,6.75,71,3.1,1,57,8,1,9,11.3,3,65.19,Average
2380,Samantha Miller,59,4.77,65,3.6,4,43,3,1,2,2.3,7,29.69,Needs Improvement
2381,Gregory Baker,72,6.3,62,2.8,9,22,1,7,8,10.5,2,42.85,Needs Improvement
2382,Lee Hill DDS,44,7.07,81,3.3,10,144,3,9,8,3.5,10,22.34,Needs Improvement
2383,Joshua Cruz,96,1.66,66,3.2,2,124,10,2,4,9.8,8,70.09,Average
2384,Thomas Watkins,52,7.68,64,2.9,4,126,7,6,10,4.1,1,44.04,Needs Improvement
2385,Tara Hensley,72,4.81,55,2.6,8,253,10,8,4,4.6,2,46.68,Needs Improvement
2386,Kristina Adams,69,14.1,93,4.0,8,298,4,10,1,9.9,7,50.01,Needs Improvement
2387,Jennifer Johnson,65,14.53,72,3.7,9,43,4,5,4,8.5,6,29.04,Needs Improvement
2388,Joel Miranda,85,9.07,53,2.7,8,274,8,10,5,9.2,3,63.95,Average
2389,Tiffany Neal,65,9.27,78,4.4,6,237,10,9,8,2.4,6,56.07,Needs Improvement
2390,Judy Guerrero,44,5.17,66,3.9,4,83,1,4,7,8.9,2,51.48,Needs Improvement
2391,Michael Tucker,93,13.01,56,2.8,8,122,9,4,2,3.5,6,31.19,Needs Improvement
2392,Derek Ward,77,1.36,100,1.0,8,256,6,7,8,11.4,10,64.83,Average
2393,Jesse Woods,55,2.94,73,4.3,10,25,7,3,9,11.8,8,52.74,Needs Improvement
2394,Kelly Parker,45,11.76,65,2.1,0,176,3,3,8,4.7,10,22.22,Needs Improvement
2395,Donna West,47,14.92,89,4.1,6,295,9,7,9,3.9,1,50.79,Needs Improvement
2396,Jennifer Jackson,75,13.74,52,4.4,2,97,6,7,9,3.4,1,41.74,Needs Improvement
2397,Joel Sanchez,82,4.8,87,1.1,3,0,5,10,5,5.6,10,47.54,Needs Improvement
2398,Tracey Wade,59,11.33,90,2.6,0,48,4,4,10,2.5,6,33.54,Needs Improvement
2399,Glenn Bradford,81,10.75,91,3.1,8,5,8,2,8,2.8,5,25.95,Needs Improvement
2400,Frederick Bernard,75,11.29,95,1.7,9,69,5,6,9,7.4,10,34.52,Needs Improvement
2401,Kristen Wilson,98,6.26,66,2.4,5,78,1,8,10,7.0,6,52.38,Needs Improvement
2402,Jeremy Browning,88,12.32,74,3.5,2,173,7,7,7,10.6,4,63.43,Average
2403,Matthew Newton,65,2.76,67,3.4,9,254,3,6,2,4.4,1,39.89,Needs Improvement
2404,James Ramos,62,12.76,69,3.5,7,258,9,5,2,4.9,8,37.43,Needs Improvement
2405,Bryan Anderson,77,3.06,85,2.8,6,45,10,10,8,4.5,4,49.53,Needs Improvement
2406,James Santiago,87,11.7,65,4.3,7,288,2,6,5,11.9,7,58.11,Needs Improvement
2407,Melissa Sanchez,64,6.81,89,1.0,1,10,8,3,1,3.9,5,38.47,Needs Improvement
2408,Jamie Schneider,71,9.21,77,4.2,10,215,5,6,10,4.2,5,43.57,Needs Improvement
2409,Nichole Carter,50,4.79,89,3.6,5,273,7,5,10,3.9,5,53.94,Needs Improvement
2410,Jennifer Gould,68,1.88,61,4.6,2,139,7,5,10,11.9,4,77.26,Average
2411,Alex Porter,49,12.69,72,4.3,7,47,4,9,5,2.7,9,36.27,Needs Improvement
2412,Elizabeth Johnson,56,7.47,78,1.1,10,225,6,9,4,4.8,2,26.66,Needs Improvement
2413,Victor Harris,83,9.78,75,4.3,1,108,10,3,7,8.2,1,74.56,Average
2414,Kaitlyn Johnson,83,12.97,52,2.9,2,241,6,3,5,5.1,5,40.29,Needs Improvement
2415,Christina Bradshaw,65,5.33,66,2.2,0,205,10,9,1,3.6,2,60.5,Average
2416,Emily Cunningham,72,11.03,60,3.5,7,153,3,9,1,3.7,10,24.33,Needs Improvement
2417,Dr. Jennifer Keller,73,3.46,58,2.1,10,262,6,2,4,10.8,6,34.36,Needs Improvement
2418,Lisa Page,99,11.51,75,2.5,7,23,6,8,7,7.1,10,27.21,Needs Improvement
2419,Janet Buck,49,6.98,63,3.7,6,121,2,8,3,11.8,6,55.49,Needs Improvement
2420,Sarah Williams,60,12.92,52,1.3,5,191,9,2,9,8.7,9,15.68,Needs Improvement
2421,Kelly Nguyen,44,12.34,91,4.8,6,2,6,6,8,8.6,1,50.46,Needs Improvement
2422,Carmen Hernandez,95,12.15,62,1.5,0,148,1,1,6,2.1,2,41.2,Needs Improvement
2423,Jasmine Barnes,86,1.35,76,2.9,4,105,5,3,6,11.3,2,80.39,Excellent
2424,Samuel Ross,82,14.43,64,3.9,9,139,2,6,2,10.4,6,35.05,Needs Improvement
2425,John Powell,63,8.19,64,2.8,3,255,1,5,10,4.8,7,44.06,Needs Improvement
2426,Billy Valdez,69,6.41,94,4.1,3,217,7,6,10,5.8,2,76.04,Average
2427,Leslie Gray MD,70,11.12,54,1.8,2,31,9,7,3,5.1,9,23.64,Needs Improvement
2428,Brandon Carlson,52,6.7,71,4.5,4,54,5,5,3,9.7,8,43.29,Needs Improvement
2429,Allison Ward,41,8.22,83,3.7,2,57,10,8,2,3.8,5,48.23,Needs Improvement
2430,Jeffrey Hood MD,40,3.79,54,1.2,3,189,1,3,4,10.3,5,46.71,Needs Improvement
2431,Brady Allen,69,11.24,79,2.9,7,114,7,6,10,10.5,10,42.74,Needs Improvement
2432,John Smith,88,10.44,90,4.6,10,50,8,9,1,4.3,3,53.48,Needs Improvement
2433,Erika Price,84,9.78,96,2.6,7,134,1,2,1,5.2,10,17.17,Needs Improvement
2434,David Fisher,44,5.93,52,3.2,0,135,4,6,2,3.4,8,23.99,Needs Improvement
2435,Kathleen Hess,69,11.73,64,1.9,9,160,9,1,4,8.3,9,15.85,Needs Improvement
2436,Melissa Ward,45,1.38,97,2.1,3,127,10,8,8,2.1,10,52.49,Needs Improvement
2437,Jacob Johnson,54,10.44,68,3.5,8,35,5,2,9,3.4,6,16.03,Needs Improvement
2438,Christina Lam,45,5.89,75,1.9,7,237,8,5,4,5.6,9,26.65,Needs Improvement
2439,Aaron Patterson,51,4.89,100,4.9,0,142,5,6,8,9.1,7,71.52,Average
2440,Scott Garcia,91,11.79,77,1.9,0,299,10,9,4,2.8,3,59.19,Needs Improvement
2441,Maurice Williams,89,5.06,73,4.6,7,282,6,10,9,3.2,6,59.73,Needs Improvement
2442,Steven Johnson,97,2.15,93,2.8,8,104,9,9,8,6.9,10,59.37,Needs Improvement
2443,Nicole Evans,78,9.18,92,1.5,4,183,3,7,5,10.1,8,44.22,Needs Improvement
2444,Erin Johnson,94,14.78,97,1.4,9,206,8,6,8,7.0,4,44.33,Needs Improvement
2445,Yvonne Walls,78,4.36,83,1.0,8,277,7,9,10,9.2,10,42.74,Needs Improvement
2446,Christopher Miller,73,2.67,62,4.2,8,94,10,3,5,11.3,4,60.64,Average
2447,Seth Brewer,50,1.79,94,4.6,0,117,4,10,10,8.1,9,68.74,Average
2448,Larry Kennedy,82,9.15,94,3.0,10,278,3,4,10,3.7,1,55.48,Needs Improvement
2449,Diane Roberts,51,12.71,89,2.5,3,86,1,6,9,7.0,8,33.94,Needs Improvement
2450,Angela Shaw,56,10.28,63,2.9,0,37,5,5,9,10.5,10,52.53,Needs Improvement
2451,Sabrina Gordon,65,8.52,97,3.0,7,78,5,5,8,8.4,2,48.68,Needs Improvement
2452,Richard Morgan,56,9.46,93,4.2,6,24,5,1,2,4.6,9,24.25,Needs Improvement
2453,Jaime Mitchell,49,8.22,50,3.7,0,114,2,6,3,10.8,8,44.09,Needs Improvement
2454,Justin Mitchell,65,8.25,62,2.3,4,201,3,2,3,10.0,5,53.02,Needs Improvement
2455,Olivia Williams,46,4.01,80,4.8,5,125,7,7,9,8.1,6,55.87,Needs Improvement
2456,Alex Powell,43,1.77,89,2.3,3,184,3,9,3,10.5,4,67.99,Average
2457,Leslie Wilson,60,14.34,68,4.8,7,29,7,7,8,2.7,8,22.55,Needs Improvement
2458,John Wilson,92,4.9,78,1.4,5,88,10,10,8,5.4,6,64.2,Average
2459,Robert Gonzalez,71,12.73,94,4.2,3,60,7,7,3,9.5,3,65.29,Average
2460,Steven Bryant,64,1.13,79,4.4,2,282,5,3,1,10.1,7,75.4,Average
2461,Jennifer Rodriguez,52,14.84,69,2.8,2,76,4,8,9,3.3,9,24.17,Needs Improvement
2462,Laura Duncan,83,9.43,77,3.7,7,48,6,2,7,11.2,10,42.33,Needs Improvement
2463,Paul Frederick,44,7.65,82,5.0,8,126,9,7,9,4.1,4,51.16,Needs Improvement
2464,Vanessa Hoffman,76,12.63,74,1.7,2,37,10,5,2,4.7,4,36.63,Needs Improvement
2465,Patricia Rodgers,70,14.25,77,1.1,10,117,9,2,5,10.9,10,24.77,Needs Improvement
2466,Allen Hall,69,13.04,60,3.1,2,65,3,8,9,7.3,8,44.91,Needs Improvement
2467,Elizabeth Adams,69,1.24,95,3.7,8,270,10,3,9,8.7,7,65.1,Average
2468,Jimmy Edwards,56,2.6,89,4.7,10,283,6,1,2,11.6,5,59.02,Needs Improvement
2469,Travis Rowland,66,5.66,68,1.2,5,134,10,10,8,10.1,4,62.81,Average
2470,Christina Gill,62,11.16,69,5.0,7,245,6,9,4,7.1,9,46.86,Needs Improvement
2471,Laura Flowers,71,14.67,80,3.0,6,264,10,4,9,10.1,9,49.97,Needs Improvement
2472,Dr. Jocelyn Lewis,65,1.32,50,1.0,6,37,9,4,4,4.0,5,37.72,Needs Improvement
2473,William Swanson,67,9.11,97,2.5,5,45,2,9,7,4.5,2,49.25,Needs Improvement
2474,Samantha Jones,49,14.66,62,1.8,3,151,9,2,7,10.0,5,32.93,Needs Improvement
2475,Shawn Smith,82,6.95,50,4.2,1,73,7,8,2,9.8,10,61.98,Average
2476,Rebecca Sanders,52,8.57,78,1.9,1,260,2,5,7,4.6,3,49.66,Needs Improvement
2477,William Moore,51,10.42,95,1.2,6,8,4,5,9,5.5,4,21.52,Needs Improvement
2478,Austin Brown,68,13.64,78,2.2,1,111,2,5,8,8.4,6,42.7,Needs Improvement
2479,Miguel Lawrence,59,4.14,94,3.0,4,133,6,1,6,2.1,9,41.53,Needs Improvement
2480,Jamie Rowe,51,3.89,68,1.1,0,148,4,9,7,8.8,8,55.68,Needs Improvement
2481,Kimberly Smith,59,10.52,77,3.7,3,174,1,8,1,3.2,3,42.21,Needs Improvement
2482,Donna Hunter,44,9.74,86,3.9,8,175,10,3,2,5.6,9,25.3,Needs Improvement
2483,Elizabeth West,62,12.07,78,1.4,7,233,9,3,7,6.4,7,38.9,Needs Improvement
2484,Laura Benton,40,10.97,89,2.7,7,146,8,8,1,11.6,1,53.99,Needs Improvement
2485,Brandi Howard,90,10.98,86,3.7,6,162,1,3,8,4.6,3,38.81,Needs Improvement
2486,Austin Simmons,42,5.82,82,3.7,8,190,8,6,5,5.3,6,44.7,Needs Improvement
2487,Shannon Butler,94,7.53,57,2.1,6,215,1,8,7,11.9,2,65.23,Average
2488,Jordan Hudson,42,12.77,72,4.0,0,17,9,4,3,10.7,7,49.65,Needs Improvement
2489,Keith Nichols,54,3.6,63,4.5,10,149,4,2,6,6.1,3,49.96,Needs Improvement
2490,Angela Page,41,4.58,67,4.0,7,121,5,7,4,5.4,10,31.82,Needs Improvement
2491,Dawn Higgins,59,8.19,65,4.9,5,41,10,9,6,2.3,7,42.12,Needs Improvement
2492,Natalie Hodges,65,12.23,74,3.4,3,160,1,4,2,7.7,4,38.79,Needs Improvement
2493,Mindy Daniels,71,14.85,87,4.6,5,117,6,8,8,8.1,10,43.57,Needs Improvement
2494,Kathleen Garrett,81,13.01,73,1.1,8,228,5,1,6,4.8,5,20.06,Needs Improvement
2495,Blake Mcneil,78,6.68,53,3.4,7,69,4,10,3,11.8,7,54.52,Needs Improvement
2496,Anthony Hill,83,6.13,96,2.0,10,85,9,6,6,6.2,5,50.03,Needs Improvement
2497,Matthew Brown,64,2.55,59,1.4,2,240,1,1,1,3.5,2,34.25,Needs Improvement
2498,Rebecca Moon,80,6.95,97,4.6,3,158,5,4,8,4.3,4,59.68,Needs Improvement
2499,Crystal Avila,73,10.7,99,3.5,7,232,4,1,3,3.2,8,40.95,Needs Improvement
2500,Jennifer Edwards,50,7.0,62,1.0,3,24,1,3,4,8.7,1,30.81,Needs Improvement
2501,Tracey Lindsey,99,6.89,65,2.1,3,260,9,6,8,2.5,4,54.62,Needs Improvement
2502,Jose Garcia,53,5.78,97,1.6,5,102,3,8,1,11.6,3,54.71,Needs Improvement
2503,Laura Ryan,61,6.46,87,3.1,5,224,10,7,8,8.8,9,51.72,Needs Improvement
2504,Benjamin Scott,89,11.41,54,1.4,3,263,10,3,1,2.4,3,40.91,Needs Improvement
2505,Shaun Evans,57,6.5,53,3.8,1,151,10,9,10,3.4,2,53.07,Needs Improvement
2506,Alexandra Mcmillan,46,5.26,94,4.6,8,56,6,7,6,9.4,4,57.2,Needs Improvement
2507,Jennifer Jones,48,11.92,77,4.2,6,197,7,6,1,8.4,1,56.53,Needs Improvement
2508,Lori Smith,66,10.15,51,2.3,6,3,2,7,5,8.0,6,23.43,Needs Improvement
2509,Nathan Green,85,2.41,96,2.2,1,171,6,8,1,3.1,6,65.06,Average
2510,Andrew Jackson,100,11.01,73,3.1,6,44,5,1,4,11.5,9,41.55,Needs Improvement
2511,Nancy Wallace,87,5.26,68,4.7,10,296,1,9,7,4.6,5,49.38,Needs Improvement
2512,Jody Shepard,62,7.63,63,1.5,9,45,6,5,2,3.0,2,21.07,Needs Improvement
2513,Donna Davis,68,3.7,85,1.1,0,269,6,7,5,5.3,10,54.72,Needs Improvement
2514,Jermaine Russell,90,5.33,85,1.1,7,60,8,8,5,4.9,3,47.86,Needs Improvement
2515,Adam Riggs,70,13.64,78,1.7,5,75,2,3,10,11.7,3,32.77,Needs Improvement
2516,Cindy Christian,81,14.92,55,3.8,7,133,3,2,7,6.8,6,28.8,Needs Improvement
2517,Kevin Hicks,60,4.67,90,2.9,3,115,5,2,7,6.9,8,43.58,Needs Improvement
2518,Jose Vargas,42,10.85,86,5.0,1,230,10,8,3,8.6,10,53.63,Needs Improvement
2519,Mark Love,89,6.23,84,4.9,6,5,3,7,3,2.2,6,32.7,Needs Improvement
2520,Brenda Bell,63,3.09,61,1.6,10,282,5,9,10,11.2,10,49.04,Needs Improvement
2521,Jerome Green,42,7.01,76,4.6,7,125,7,9,4,2.0,10,30.84,Needs Improvement
2522,Austin Smith,40,8.45,94,1.7,2,260,10,8,1,9.7,3,61.62,Average
2523,Michael Lewis,43,5.88,73,3.6,1,66,7,6,10,9.8,5,67.08,Average
2524,Randall Davis,51,2.58,70,4.2,8,43,6,10,6,5.4,2,43.91,Needs Improvement
2525,Jessica Dickson,82,1.84,75,2.9,2,41,9,2,7,7.9,6,60.52,Average
2526,Margaret Horn,53,6.75,99,2.5,1,297,1,5,8,4.2,4,58.28,Needs Improvement
2527,Steven Parker,82,13.33,66,1.1,5,297,5,4,9,5.7,9,33.48,Needs Improvement
2528,Jeremiah Parker,92,1.23,73,2.2,6,76,7,1,7,11.0,5,70.01,Average
2529,Dale Kim,81,5.32,56,2.4,6,54,5,5,4,5.3,5,55.01,Needs Improvement
2530,Jason Gibson,83,4.14,89,2.7,3,188,7,5,4,8.8,3,68.96,Average
2531,Ashley Hayes,72,11.44,83,2.1,9,156,3,10,10,7.5,4,49.69,Needs Improvement
2532,Anthony Harmon,41,12.05,95,3.2,10,21,10,4,1,4.8,8,16.51,Needs Improvement
2533,Tina Hansen,66,10.47,66,3.2,5,107,10,10,6,11.0,10,45.29,Needs Improvement
2534,Benjamin Ortega,89,12.94,70,4.8,6,43,2,2,8,2.2,9,30.28,Needs Improvement
2535,John Williams,44,5.18,78,4.5,0,185,9,9,10,3.4,10,57.05,Needs Improvement
2536,Rhonda Lara,84,14.72,99,1.5,2,38,1,3,5,10.0,4,48.31,Needs Improvement
2537,Melissa Chung,58,14.39,55,3.2,10,213,9,10,10,3.8,6,28.54,Needs Improvement
2538,Wesley Goodwin,85,15.0,87,3.9,7,275,4,5,6,6.0,6,31.32,Needs Improvement
2539,John Davis,78,5.11,64,2.3,8,150,4,10,8,9.4,2,55.47,Needs Improvement
2540,Kirsten Mendez,97,2.47,64,4.9,4,196,4,5,7,4.9,8,65.9,Average
2541,Susan Brennan,63,9.88,61,2.5,4,247,4,5,7,7.9,6,34.29,Needs Improvement
2542,Anna Baker,61,6.88,50,1.9,7,38,2,9,3,10.4,5,37.32,Needs Improvement
2543,Aaron Stone,40,14.88,75,4.3,5,168,5,8,2,10.3,3,43.88,Needs Improvement
2544,Timothy Young,67,13.2,68,4.4,5,47,3,3,9,6.3,4,30.89,Needs Improvement
2545,Laura Walton,76,3.45,62,2.0,0,187,4,1,7,9.4,4,58.94,Needs Improvement
2546,Spencer Chandler,52,5.84,69,4.7,1,179,5,4,3,11.2,4,68.24,Average
2547,Emily Carpenter,55,4.96,65,1.4,0,181,5,4,1,9.9,7,47.47,Needs Improvement
2548,Cheryl Hunter,56,14.43,94,4.8,5,8,1,1,5,6.6,3,34.28,Needs Improvement
2549,Kristen Valentine,77,4.14,57,4.3,10,223,4,2,9,9.0,8,34.06,Needs Improvement
2550,Gary Mitchell,70,6.48,89,3.3,2,15,2,7,2,5.8,10,41.12,Needs Improvement
2551,Kenneth Walsh,40,4.13,96,3.7,8,213,2,8,5,10.9,7,58.99,Needs Improvement
2552,Maria Walker,51,9.66,82,2.1,1,154,7,4,10,10.9,9,59.21,Needs Improvement
2553,Charles Cummings,69,1.73,63,1.4,8,219,8,1,6,5.3,8,36.8,Needs Improvement
2554,Dawn Porter,40,10.55,67,3.5,5,24,4,1,5,7.7,9,21.82,Needs Improvement
2555,Bonnie Jones,77,4.59,59,3.8,10,100,1,7,7,8.5,8,28.31,Needs Improvement
2556,Cody Vaughn,97,11.37,53,2.3,1,126,9,1,1,11.3,10,50.47,Needs Improvement
2557,Jason Frederick,66,6.83,82,1.1,2,111,10,2,9,10.5,6,56.84,Needs Improvement
2558,Jennifer Barry,66,2.39,89,4.2,0,166,2,8,2,7.3,7,70.95,Average
2559,Matthew Martin,76,4.98,65,3.0,8,209,3,6,7,6.0,8,43.16,Needs Improvement
2560,Bradley Johnson,49,9.58,69,2.1,8,177,5,7,3,10.9,7,24.35,Needs Improvement
2561,Charles Jenkins,89,1.81,78,4.8,1,66,5,7,6,5.6,6,65.79,Average
2562,Brandon Rojas,60,13.86,86,3.5,3,82,1,4,3,10.2,5,39.97,Needs Improvement
2563,Ruben Montes,48,1.87,92,3.6,5,147,9,3,1,9.3,3,60.96,Average
2564,Leslie Perry,46,2.46,56,3.4,7,283,2,1,7,8.2,4,43.57,Needs Improvement
2565,Ms. Margaret Shaffer,70,11.67,61,4.1,6,103,4,3,3,5.6,3,36.02,Needs Improvement
2566,Gregory Roberts,90,5.9,68,2.7,9,293,6,3,10,3.9,6,46.63,Needs Improvement
2567,Martha Johnson,100,6.99,71,2.9,6,188,1,10,9,9.2,9,46.48,Needs Improvement
2568,Michael Cole,75,9.66,98,4.6,9,220,6,7,3,9.5,10,46.94,Needs Improvement
2569,Theresa Patterson,46,9.55,67,1.3,4,169,3,1,7,5.8,6,17.78,Needs Improvement
2570,Kevin Carlson,95,12.27,91,3.8,9,11,8,7,2,8.6,8,35.41,Needs Improvement
2571,Victoria Lee,72,10.48,66,3.3,6,237,8,9,3,10.5,2,61.59,Average
2572,Nicole Wood,86,1.15,84,3.1,8,279,4,6,3,5.2,8,57.39,Needs Improvement
2573,Joe Miller V,90,2.79,72,2.6,2,188,9,3,8,4.5,1,62.99,Average
2574,Richard Townsend,51,7.64,89,3.2,6,251,5,2,10,5.4,10,39.38,Needs Improvement
2575,Brad Fleming,43,8.69,55,4.3,1,116,6,8,4,3.5,7,46.26,Needs Improvement
2576,Lynn Mcclure,73,7.66,93,4.8,10,139,1,5,2,3.8,4,44.57,Needs Improvement
2577,William Schultz PhD,45,6.49,58,3.7,9,28,2,8,5,7.8,10,27.07,Needs Improvement
2578,Dennis Walker,66,1.02,57,2.6,9,197,1,9,5,5.1,8,39.42,Needs Improvement
2579,James Fisher,44,1.27,78,3.8,8,173,4,10,2,11.9,4,57.2,Needs Improvement
2580,Sharon Ramirez,51,9.43,93,4.7,4,145,7,6,7,5.0,10,47.21,Needs Improvement
2581,Kimberly Morales MD,76,4.62,85,4.4,6,268,5,7,2,4.3,9,43.51,Needs Improvement
2582,Kimberly Evans,65,6.56,50,4.3,4,116,6,8,1,9.9,9,46.65,Needs Improvement
2583,Andre Martinez,91,12.26,64,1.8,4,80,9,8,5,11.1,4,57.92,Needs Improvement
2584,Eric Rodriguez,59,6.47,84,1.5,0,44,5,8,6,5.4,2,57.27,Needs Improvement
2585,Mary Davis,63,8.05,54,3.8,7,100,6,7,9,3.1,7,32.81,Needs Improvement
2586,Jeffrey Murray,75,3.62,75,3.8,10,42,9,10,5,3.1,3,42.62,Needs Improvement
2587,Candice Moreno,68,2.21,98,1.8,4,81,9,10,6,10.4,9,68.71,Average
2588,Troy Ramirez,89,8.55,80,3.1,10,94,3,7,8,2.4,2,42.67,Needs Improvement
2589,Tony Mcdonald,86,2.49,80,3.5,10,230,1,3,9,2.3,2,51.58,Needs Improvement
2590,Henry Kennedy,87,12.22,52,2.3,6,71,8,5,7,6.5,8,20.57,Needs Improvement
2591,Howard Zuniga,80,12.09,81,4.8,10,279,3,1,6,2.3,8,29.88,Needs Improvement
2592,Donna Shaw,90,8.3,81,3.8,8,179,8,5,3,3.9,6,40.61,Needs Improvement
2593,Stephanie Cruz,40,2.67,70,3.1,6,101,7,10,5,2.9,9,35.89,Needs Improvement
2594,Michelle Morrison,56,7.68,70,4.9,7,195,9,6,4,12.0,3,74.3,Average
2595,Cassie Reynolds,85,6.68,99,2.4,3,51,10,9,2,4.3,7,59.21,Needs Improvement
2596,Joel Harmon,73,11.27,67,1.7,4,9,5,8,9,8.0,3,38.66,Needs Improvement
2597,Tammy Berger,45,14.41,89,1.2,8,13,4,1,2,8.0,6,14.48,Needs Improvement
2598,Don Jones,96,2.79,71,3.9,6,300,7,8,1,7.0,9,64.77,Average
2599,Shannon Cuevas,44,2.17,85,3.4,3,163,2,4,2,10.4,7,59.11,Needs Improvement
2600,Alyssa Roberts,41,3.07,62,2.1,0,186,1,6,6,2.3,9,40.28,Needs Improvement
2601,Jessica David,45,5.77,98,4.6,4,34,7,8,7,6.7,10,50.64,Needs Improvement
2602,David Hamilton,70,2.34,51,2.2,0,264,2,2,6,11.1,2,71.18,Average
2603,Michelle Fisher,91,7.54,54,3.2,4,183,6,4,10,6.3,4,65.58,Average
2604,Alicia Scott,64,11.28,70,3.7,10,136,5,9,1,10.7,10,30.52,Needs Improvement
2605,Christopher Carney,98,12.32,65,2.5,4,113,9,4,7,10.9,7,53.05,Needs Improvement
2606,Sandra Ruiz,88,5.54,91,3.3,1,121,5,10,3,3.0,2,62.67,Average
2607,Jesse Velasquez,74,10.72,96,1.4,4,278,7,3,9,9.3,2,58.37,Needs Improvement
2608,John Moore,55,1.13,52,2.4,5,227,1,6,8,9.4,8,39.8,Needs Improvement
2609,Jason Christian,92,2.47,86,1.6,3,83,4,6,6,7.3,9,55.02,Needs Improvement
2610,Laura Rodriguez,80,11.64,81,4.3,5,131,8,7,5,6.0,7,49.01,Needs Improvement
2611,Albert Diaz,71,10.87,56,1.4,4,81,3,1,1,11.4,8,31.67,Needs Improvement
2612,Bryan Jennings,53,8.18,70,4.1,3,83,10,10,8,4.7,1,63.92,Average
2613,Michael Gray,57,14.29,67,3.7,9,248,3,3,6,10.8,8,21.45,Needs Improvement
2614,Julie Bryant,54,4.12,88,3.3,7,32,6,5,4,2.3,9,25.57,Needs Improvement
2615,Julie Mcgee,83,6.99,58,1.0,5,277,3,7,10,2.4,9,31.05,Needs Improvement
2616,Susan Monroe MD,56,6.33,85,1.2,9,275,9,8,4,8.6,10,32.84,Needs Improvement
2617,Heather Davidson,63,14.89,54,1.2,0,74,4,7,7,3.7,2,22.36,Needs Improvement
2618,Desiree Marshall,85,1.01,90,1.9,1,209,5,10,7,10.8,3,84.03,Excellent
2619,Matthew Miller,86,9.63,68,3.1,2,7,7,7,10,6.9,9,44.99,Needs Improvement
2620,Scott Silva,48,14.25,78,2.6,7,263,6,7,4,6.7,8,23.97,Needs Improvement
2621,Karen Burton,99,8.92,95,3.3,6,60,1,2,8,3.2,4,41.95,Needs Improvement
2622,Shirley Townsend,74,7.54,84,3.8,8,56,5,1,10,11.8,9,46.47,Needs Improvement
2623,Sierra Swanson,84,2.29,80,4.9,1,225,4,9,9,5.8,5,77.08,Average
2624,Chelsea Lewis,58,1.35,81,4.5,5,52,7,3,5,3.7,7,54.48,Needs Improvement
2625,Eric Blackwell,50,14.33,58,4.8,4,86,1,1,4,3.6,10,8.88,Needs Improvement
2626,Tanner Moreno,98,5.9,66,4.4,2,180,7,2,3,8.0,5,67.38,Average
2627,Roy Gillespie,83,1.57,97,3.6,8,51,2,10,1,11.0,8,70.41,Average
2628,Daniel Hodge,48,4.53,54,3.0,1,105,8,9,7,10.5,6,66.16,Average
2629,Cynthia Garcia,57,9.64,92,4.5,8,47,5,6,1,2.6,6,22.62,Needs Improvement
2630,Danielle Higgins,46,12.17,86,2.2,3,221,10,6,2,4.5,10,40.75,Needs Improvement
2631,April Duran,88,2.76,51,4.7,2,196,6,8,4,5.5,8,70.69,Average
2632,Austin Smith,68,12.12,87,2.7,7,277,6,7,10,9.3,4,55.81,Needs Improvement
2633,Alexandra Sanders,68,12.73,69,2.2,0,187,9,10,9,8.8,2,59.31,Needs Improvement
2634,Breanna Humphrey,70,10.33,98,3.6,4,4,9,6,3,9.2,2,63.18,Average
2635,Christopher Wright,53,11.1,75,4.2,10,100,9,5,7,8.2,4,37.61,Needs Improvement
2636,Steven Young,71,10.65,66,4.3,5,26,1,10,6,7.2,5,49.83,Needs Improvement
2637,Andrew Johnson,76,5.23,78,2.7,3,65,7,4,4,10.6,6,50.48,Needs Improvement
2638,Sandy Kelly,84,14.96,89,2.7,7,81,1,7,9,9.8,2,46.16,Needs Improvement
2639,Charles Atkinson,87,10.5,66,1.7,1,67,2,1,7,7.9,2,50.88,Needs Improvement
2640,Lori Cook,58,13.38,100,2.9,0,240,7,5,3,7.6,10,44.25,Needs Improvement
2641,Ryan Gates,90,8.71,90,4.2,5,257,8,3,1,9.0,3,62.22,Average
2642,Diana Yoder,82,5.72,88,2.1,0,186,2,3,3,5.4,9,48.04,Needs Improvement
2643,Sarah Miller,90,3.45,53,4.3,0,291,7,9,1,4.5,4,70.52,Average
2644,Justin Phillips,89,3.18,74,4.1,7,286,5,1,9,9.0,7,63.8,Average
2645,Deborah Durham,55,5.18,54,4.1,8,5,5,1,9,3.5,4,35.33,Needs Improvement
2646,Melissa Evans,86,4.0,66,3.3,7,178,5,1,4,4.1,5,43.19,Needs Improvement
2647,Victoria Oconnell,74,10.8,67,3.9,4,168,6,7,8,4.9,5,44.48,Needs Improvement
2648,Sydney Henry DDS,89,12.11,97,3.9,3,212,3,5,9,11.6,10,62.26,Average
2649,Jason Bradley,94,8.35,54,4.6,5,28,3,9,2,11.0,7,51.96,Needs Improvement
2650,Austin Palmer,92,3.59,53,4.0,7,183,5,9,2,3.5,3,51.44,Needs Improvement
2651,Terry Morris,62,6.89,79,3.8,10,111,10,2,4,3.2,9,34.73,Needs Improvement
2652,Katherine Riley,78,13.69,74,2.8,9,16,7,9,5,8.7,8,26.21,Needs Improvement
2653,Michael Ortega,96,11.56,94,2.3,5,219,4,1,6,5.6,7,44.48,Needs Improvement
2654,Walter Small,100,6.84,81,3.8,8,82,2,7,5,8.1,3,52.93,Needs Improvement
2655,Sherry Aguirre,70,11.61,59,1.1,8,31,1,3,1,8.2,4,16.79,Needs Improvement
2656,Cody Edwards,91,2.73,58,4.1,9,173,1,7,3,8.1,7,53.48,Needs Improvement
2657,Stacey Rose,40,1.84,90,4.7,1,244,4,2,2,7.6,5,64.87,Average
2658,Debra Long,82,8.76,59,3.5,7,274,1,7,4,11.3,6,46.88,Needs Improvement
2659,Jeffery Clark,55,11.26,77,4.3,8,17,10,6,6,11.1,6,42.74,Needs Improvement
2660,John Taylor,63,12.01,87,4.3,0,268,9,6,6,8.9,5,67.5,Average
2661,Victor Meyer,96,7.54,63,2.1,1,188,1,10,3,8.7,6,59.46,Needs Improvement
2662,Debra Rodriguez,48,2.0,85,3.5,7,115,1,9,3,6.0,9,41.65,Needs Improvement
2663,James Branch,66,8.6,80,3.7,9,127,5,9,3,8.7,7,43.15,Needs Improvement
2664,Brandy Mack,45,14.58,81,3.0,6,235,2,7,9,11.5,1,45.59,Needs Improvement
2665,David Ross,46,14.98,66,1.2,0,97,10,9,3,6.5,10,24.46,Needs Improvement
2666,Jorge Maldonado,79,9.28,52,3.3,5,266,3,6,8,6.1,10,30.82,Needs Improvement
2667,David Greene,81,10.82,75,1.0,4,148,9,9,10,3.6,5,40.63,Needs Improvement
2668,Carla Salas,77,12.08,78,1.3,5,104,1,4,10,6.5,2,28.65,Needs Improvement
2669,Mary Williams,48,2.93,92,4.4,3,42,2,4,7,10.0,7,57.48,Needs Improvement
2670,Karen King,72,2.17,84,2.3,6,295,8,5,10,11.0,9,61.67,Average
2671,Mr. John Holmes,46,10.39,100,2.6,10,120,1,7,1,9.8,4,31.04,Needs Improvement
2672,James Mcdonald,92,13.7,58,3.1,9,230,9,7,6,6.1,1,46.92,Needs Improvement
2673,Desiree Oliver,65,11.48,58,1.5,2,143,9,3,3,10.8,7,41.12,Needs Improvement
2674,Ann Grant,53,13.56,72,1.3,2,0,9,9,1,11.5,8,35.92,Needs Improvement
2675,Angelica Andrews,85,9.37,82,1.3,2,277,3,5,7,7.0,4,57.54,Needs Improvement
2676,Joshua Barrett,50,2.22,96,3.6,1,278,4,2,4,4.7,5,57.12,Needs Improvement
2677,Brittany Meadows,41,4.85,53,1.5,5,112,1,9,5,8.5,2,39.52,Needs Improvement
2678,Michael Brown,98,13.38,56,4.9,9,226,4,5,4,6.2,3,50.95,Needs Improvement
2679,Melinda Watts,98,14.35,63,3.1,3,297,7,9,6,4.2,9,38.62,Needs Improvement
2680,Justin Leblanc,83,9.47,73,2.3,9,238,10,3,8,7.4,9,33.53,Needs Improvement
2681,Autumn Richards,41,11.28,79,2.7,4,64,6,9,9,10.6,4,49.83,Needs Improvement
2682,Melissa King,66,11.32,86,3.9,5,171,6,6,4,2.3,7,44.89,Needs Improvement
2683,Kimberly Rodriguez,54,2.05,66,1.5,8,103,9,8,3,11.2,5,46.24,Needs Improvement
2684,Alan Sellers,89,12.71,53,3.2,5,193,10,5,8,6.0,4,49.19,Needs Improvement
2685,Christina Jones,44,8.37,61,3.6,5,245,3,9,1,4.6,8,40.9,Needs Improvement
2686,Mrs. Tanya Martin,71,8.33,52,3.8,1,147,3,6,5,10.4,7,57.46,Needs Improvement
2687,Melissa Henderson,62,2.62,84,3.2,9,277,4,3,2,8.4,4,49.12,Needs Improvement
2688,Aaron Trujillo,44,2.03,67,4.1,9,207,10,10,4,7.2,8,51.89,Needs Improvement
2689,Wayne Pierce,40,5.43,98,2.6,6,241,2,5,9,11.9,8,49.56,Needs Improvement
2690,David Jones,44,10.12,66,4.1,0,270,1,7,7,2.8,6,39.01,Needs Improvement
2691,Daniel Frank,59,5.24,91,3.8,2,129,2,5,4,10.5,9,53.8,Needs Improvement
2692,Anna Maldonado MD,48,8.38,78,4.2,4,146,8,6,5,7.8,7,58.48,Needs Improvement
2693,Karen Gordon,58,8.4,77,3.1,5,294,3,4,1,5.3,2,45.64,Needs Improvement
2694,Benjamin Cox,96,6.24,82,4.3,6,2,8,7,7,4.4,1,49.81,Needs Improvement
2695,Savannah Smith,99,8.92,51,1.4,4,63,9,7,2,4.2,8,34.71,Needs Improvement
2696,Lisa Richards,61,7.07,56,1.1,8,285,5,1,3,2.6,6,21.87,Needs Improvement
2697,David Bryant,68,11.08,59,2.9,10,285,9,10,9,7.4,1,50.58,Needs Improvement
2698,Joseph Hebert,66,8.82,86,4.8,0,32,9,8,9,2.3,6,61.86,Average
2699,Brandon Sanchez,48,11.83,53,2.7,5,208,7,7,7,8.2,8,27.42,Needs Improvement
2700,John Jones,81,12.79,98,2.7,9,71,5,9,6,6.5,8,30.35,Needs Improvement
2701,Jonathan Stevens,51,13.39,58,2.3,0,295,9,6,9,11.3,9,53.96,Needs Improvement
2702,Jamie Crawford,60,11.37,75,3.1,8,14,7,9,6,7.4,9,30.15,Needs Improvement
2703,Jose Marquez,85,12.3,64,1.3,2,157,8,3,3,6.8,10,42.3,Needs Improvement
2704,Matthew Grimes,73,13.2,77,3.9,9,4,1,4,10,5.6,2,32.28,Needs Improvement
2705,Denise Townsend,87,10.13,74,2.8,6,298,1,5,1,6.2,8,42.46,Needs Improvement
2706,Jamie Smith,40,2.99,64,3.3,3,30,4,10,2,6.4,6,42.12,Needs Improvement
2707,Amy Stevens,55,14.21,100,3.6,9,6,4,1,1,6.3,5,16.3,Needs Improvement
2708,Jeremy Avila,94,8.18,50,4.0,8,122,6,1,2,2.6,10,16.32,Needs Improvement
2709,Elizabeth Castro,46,6.19,74,2.2,7,298,3,9,7,9.0,3,54.84,Needs Improvement
2710,Mary Brown,97,1.73,94,2.6,8,154,7,10,8,9.2,8,68.64,Average
2711,Stephanie Warren,57,13.83,64,3.5,1,26,9,3,5,3.5,2,41.65,Needs Improvement
2712,Mary Edwards,40,10.89,98,1.1,1,154,9,7,7,5.0,9,31.23,Needs Improvement
2713,Chelsea Brown,65,3.67,65,2.8,9,152,2,2,8,3.9,3,30.92,Needs Improvement
2714,John Nichols,94,10.41,58,1.6,10,109,4,6,6,2.3,3,22.86,Needs Improvement
2715,Erica King DVM,79,2.63,59,3.4,1,125,10,1,7,2.4,3,61.46,Average
2716,Alicia Mueller,100,4.76,55,2.1,2,297,9,6,6,6.4,2,60.49,Average
2717,Sara Gomez,49,13.7,61,4.5,2,224,10,7,10,3.5,2,58.13,Needs Improvement
2718,Daniel Oliver,87,2.46,72,2.7,2,40,4,6,7,4.1,5,50.56,Needs Improvement
2719,Jenna Berry,71,11.97,82,3.0,6,78,9,4,9,4.2,5,37.11,Needs Improvement
2720,Mrs. Donna Schaefer,83,5.5,56,2.4,6,180,1,1,9,3.4,2,44.43,Needs Improvement
2721,Peter Henson,70,2.29,55,3.7,2,34,7,1,5,9.3,5,55.12,Needs Improvement
2722,Mary Ayers,41,2.38,69,3.5,4,17,8,10,10,9.8,10,54.39,Needs Improvement
2723,Roger Garcia,62,4.72,91,1.9,1,170,6,10,1,4.9,5,58.46,Needs Improvement
2724,Natalie Dixon,47,13.07,54,2.7,1,68,6,2,5,8.2,3,34.43,Needs Improvement
2725,Jeffrey Jones,74,13.26,84,4.2,0,165,6,1,1,9.7,8,60.93,Average
2726,Christopher Combs,42,3.7,96,1.1,5,5,6,9,10,3.6,8,40.46,Needs Improvement
2727,Teresa Decker,45,5.23,96,1.6,10,193,6,10,10,9.1,8,48.17,Needs Improvement
2728,Tony Ellis,64,7.01,92,4.2,7,139,5,8,2,4.0,5,49.35,Needs Improvement
2729,Mark Barnett,75,14.29,65,2.8,5,168,1,1,6,3.9,7,8.04,Needs Improvement
2730,Matthew Mann,48,1.82,80,2.8,1,171,5,8,4,8.9,5,67.1,Average
2731,Laura Hansen,68,11.35,51,1.7,10,100,7,8,8,10.1,1,35.25,Needs Improvement
2732,Brooke Parsons,65,5.19,77,4.9,2,277,2,6,10,9.4,2,83.99,Excellent
2733,Mrs. Katelyn Fischer,84,1.95,64,1.4,3,166,8,9,10,2.8,4,67.09,Average
2734,Michael Harris,62,6.59,73,3.7,5,229,6,4,3,9.9,2,66.78,Average
2735,Brian Maldonado,97,11.36,63,1.9,7,72,5,3,4,4.9,8,30.18,Needs Improvement
2736,Crystal Combs,91,13.0,98,4.2,1,76,6,9,9,10.6,4,85.34,Excellent
2737,Mark Morrow,77,10.91,91,2.6,1,30,1,6,5,7.7,9,41.73,Needs Improvement
2738,Gina Warner,69,2.68,77,1.8,7,101,8,9,9,4.7,6,46.63,Needs Improvement
2739,Daniel Holmes,71,3.91,99,3.9,0,54,1,1,1,7.9,4,64.63,Average
2740,Elizabeth Wheeler,99,4.0,52,2.3,9,60,7,1,6,9.9,7,35.66,Needs Improvement
2741,Richard Gray,70,3.47,59,3.5,0,264,7,2,4,7.9,2,63.8,Average
2742,Garrett Davis,61,13.01,51,3.4,2,114,4,7,3,4.6,2,39.82,Needs Improvement
2743,Wendy Gonzalez DDS,65,3.07,96,2.9,9,188,8,3,7,4.2,6,42.72,Needs Improvement
2744,Barbara Williams,99,12.18,61,2.8,9,78,1,6,8,10.0,4,30.53,Needs Improvement
2745,Jennifer King,92,5.55,76,2.9,6,271,8,1,6,9.0,7,52.36,Needs Improvement
2746,Anthony White,46,1.32,81,1.4,10,137,6,9,3,7.3,5,37.12,Needs Improvement
2747,Linda Lopez,55,13.59,77,2.0,1,54,2,7,1,5.3,7,29.22,Needs Improvement
2748,Jessica Washington,88,10.95,69,2.0,3,149,5,2,2,2.4,6,26.42,Needs Improvement
2749,Jeffrey Chen,83,8.29,76,1.7,6,298,3,6,4,7.0,5,47.57,Needs Improvement
2750,Amanda Fuller,48,5.57,59,3.8,9,291,2,9,3,10.5,4,53.45,Needs Improvement
2751,Cynthia Hebert,51,2.58,73,4.6,3,230,8,10,2,3.1,3,73.55,Average
2752,Kelly Carter,49,4.84,98,4.6,6,249,3,7,6,6.8,1,61.74,Average
2753,Joanne Phillips,44,9.69,76,3.5,10,187,6,10,2,9.2,5,41.53,Needs Improvement
2754,Joshua Ross,48,3.11,91,2.1,6,49,10,1,10,2.8,4,39.87,Needs Improvement
2755,John Freeman,49,5.07,99,2.4,5,47,6,7,5,7.1,3,53.67,Needs Improvement
2756,Amber Salazar,76,14.96,54,4.6,3,16,10,4,4,2.5,4,37.01,Needs Improvement
2757,Sarah Kramer,78,7.04,65,3.6,1,267,8,1,10,12.0,10,63.82,Average
2758,Jason Harris,48,2.61,100,2.9,2,118,8,8,8,8.8,7,57.42,Needs Improvement
2759,Jacob Erickson,57,4.9,59,4.5,0,13,4,4,9,11.0,10,52.42,Needs Improvement
2760,Emily Fisher,76,11.02,98,1.9,9,140,2,8,7,2.7,7,22.62,Needs Improvement
2761,Ashley Lee,54,10.53,87,1.5,5,58,4,1,5,10.7,8,25.71,Needs Improvement
2762,Susan Jones,58,12.36,88,1.4,1,26,10,1,4,11.5,10,39.99,Needs Improvement
2763,Amanda Thomas,40,8.79,53,4.2,4,14,9,10,6,6.6,1,54.96,Needs Improvement
2764,Mary Norman,97,2.66,64,1.2,0,57,5,3,1,3.4,4,55.86,Needs Improvement
2765,Jeremy Foster,51,9.37,66,4.4,0,128,7,2,4,8.3,6,54.57,Needs Improvement
2766,Kathryn Johnson,78,5.62,79,1.4,2,73,7,6,10,2.5,3,47.4,Needs Improvement
2767,John Wells,42,8.26,55,3.3,9,37,6,1,6,7.4,9,11.58,Needs Improvement
2768,Leslie Walker,69,14.95,78,3.0,9,266,3,7,8,7.2,4,35.03,Needs Improvement
2769,Lisa Bradley DDS,70,3.78,77,3.0,7,84,9,1,7,4.9,4,42.76,Needs Improvement
2770,Brooke Michael,67,9.96,67,2.3,9,214,9,2,9,4.2,10,25.12,Needs Improvement
2771,Michelle Lam,41,8.88,98,4.8,10,84,3,1,9,10.9,6,44.4,Needs Improvement
2772,Patricia Ponce,57,8.54,51,3.5,8,209,9,9,8,10.3,10,48.99,Needs Improvement
2773,Lisa Smith,52,12.66,69,4.5,10,206,8,10,8,4.3,10,33.45,Needs Improvement
2774,Stephanie Morgan,68,4.48,99,4.5,0,253,7,10,5,8.4,5,93.14,Excellent
2775,Robert Eaton,50,3.22,88,2.4,0,64,5,2,9,3.3,9,48.61,Needs Improvement
2776,Douglas Watts,90,5.27,74,1.4,9,24,3,3,4,6.5,6,30.88,Needs Improvement
2777,Jeffery Mullen,87,4.69,72,1.8,8,227,4,8,4,4.0,1,45.12,Needs Improvement
2778,Jacqueline Calhoun,58,8.15,88,2.1,2,147,6,4,4,8.0,7,42.85,Needs Improvement
2779,Adam Lowe,45,7.06,71,2.8,10,202,9,3,2,5.3,8,22.12,Needs Improvement
2780,Pamela Reid,90,14.73,73,4.8,2,156,4,6,10,9.2,2,67.52,Average
2781,Nichole Duffy,61,5.75,80,1.3,5,89,6,6,4,11.8,3,54.77,Needs Improvement
2782,Michael Terry,58,1.92,68,2.8,5,126,8,8,10,11.2,9,60.62,Average
2783,Randy Carter,80,4.28,52,4.0,1,1,1,5,10,6.2,5,57.13,Needs Improvement
2784,Laura Thompson,79,12.73,85,2.4,4,148,8,7,7,5.3,8,32.91,Needs Improvement
2785,Mr. John Thornton,61,11.03,54,2.0,6,25,3,10,8,9.1,4,44.6,Needs Improvement
2786,Robert Burke,62,14.96,62,3.7,9,284,3,4,4,5.5,9,10.91,Needs Improvement
2787,Lisa Hughes,45,9.23,77,3.3,9,267,9,10,3,2.3,6,31.75,Needs Improvement
2788,Sandra Conway,79,6.68,65,2.3,0,239,10,3,8,7.1,8,59.87,Needs Improvement
2789,Martha Prince,40,10.78,77,4.2,5,84,6,4,1,10.3,9,41.4,Needs Improvement
2790,Richard Moore,59,5.63,85,2.9,7,164,9,8,10,4.8,1,52.65,Needs Improvement
2791,Ian Stephens,59,2.57,73,4.4,4,95,6,4,5,3.0,8,41.08,Needs Improvement
2792,Evan Coleman,65,13.85,76,1.6,5,37,3,7,3,5.9,10,21.02,Needs Improvement
2793,Christopher Townsend,87,13.99,88,2.6,2,219,8,2,9,11.2,10,54.52,Needs Improvement
2794,Kim Nicholson,40,10.64,50,3.1,6,65,3,4,6,11.8,9,21.66,Needs Improvement
2795,Kevin Bautista,75,1.81,93,1.2,5,107,10,4,7,4.7,7,45.56,Needs Improvement
2796,Lauren Bishop,53,3.34,73,2.4,3,173,9,5,2,7.5,3,66.43,Average
2797,Francisco Carrillo,81,4.08,59,2.5,10,99,5,4,5,5.7,4,37.92,Needs Improvement
2798,Andrew Nunez,75,1.3,97,3.5,7,5,1,10,5,6.8,8,51.64,Needs Improvement
2799,Robert Franklin,98,7.46,84,4.3,3,42,6,7,9,12.0,3,90.38,Excellent
2800,Jerry Stanley,61,6.65,51,2.2,8,180,1,8,4,8.6,4,34.03,Needs Improvement
2801,Walter Yang,82,2.09,54,4.5,10,226,2,3,4,4.1,10,37.84,Needs Improvement
2802,Susan Malone,70,7.47,71,3.2,10,123,6,10,4,5.7,7,32.41,Needs Improvement
2803,Sean Gomez,78,8.44,99,4.6,5,210,8,4,4,11.6,6,69.25,Average
2804,David Castro,79,8.26,59,2.5,4,68,1,5,7,8.6,4,45.56,Needs Improvement
2805,Mercedes Bush,84,12.6,77,1.3,0,163,7,1,8,9.5,2,53.37,Needs Improvement
2806,Michael Foster,75,2.1,96,2.5,8,294,3,4,10,2.1,6,46.62,Needs Improvement
2807,David Anderson,52,3.7,68,1.5,9,187,9,3,7,10.5,8,33.78,Needs Improvement
2808,Samantha Baker,57,6.68,51,1.7,1,1,2,8,5,8.7,8,36.85,Needs Improvement
2809,Timothy Pearson,83,3.44,63,1.2,1,77,7,9,8,11.7,8,56.47,Needs Improvement
2810,Megan Lewis,54,3.32,53,2.9,5,219,3,10,6,2.7,3,45.66,Needs Improvement
2811,Rebecca King,63,14.5,69,4.5,10,299,1,7,4,7.4,7,32.47,Needs Improvement
2812,Heather Jackson,82,14.32,74,1.9,8,154,9,4,2,3.8,9,21.55,Needs Improvement
2813,Ana Acevedo,58,9.54,70,1.4,1,25,1,2,7,6.8,1,36.27,Needs Improvement
2814,Belinda Valencia,98,11.6,69,4.5,10,58,7,10,2,10.3,6,56.23,Needs Improvement
2815,Travis Branch,98,8.88,70,3.5,7,22,10,2,2,8.3,1,45.03,Needs Improvement
2816,Whitney Vaughn,52,8.21,62,1.8,2,92,6,9,5,3.6,5,39.2,Needs Improvement
2817,Sheila Burke,80,12.15,55,4.6,1,138,8,8,7,4.8,3,61.48,Average
2818,Erin Martinez,42,13.8,77,2.1,8,123,1,8,1,8.2,8,6.56,Needs Improvement
2819,Christopher Stephens,84,4.28,99,4.0,5,111,5,3,10,5.7,1,59.22,Needs Improvement
2820,Timothy Cohen,64,9.32,74,2.4,4,117,8,10,8,10.7,9,49.96,Needs Improvement
2821,Brooke Fischer,48,1.63,53,3.4,0,5,1,9,6,7.7,3,66.36,Average
2822,Brian Sexton,78,14.57,71,1.6,5,140,7,4,1,8.4,10,17.14,Needs Improvement
2823,Mary Blake,100,6.35,67,3.6,3,102,4,7,8,7.6,1,68.43,Average
2824,Kelly Porter,51,8.88,93,1.7,7,130,7,3,4,9.3,2,41.41,Needs Improvement
2825,Miss Desiree Hernandez,45,8.28,90,4.5,4,206,3,6,9,8.8,6,64.43,Average
2826,Jennifer Baldwin,52,4.29,59,4.8,2,125,9,1,8,4.9,10,54.25,Needs Improvement
2827,Jaclyn Harper,48,10.12,91,1.3,10,132,4,4,8,7.5,1,35.15,Needs Improvement
2828,Allen Elliott,97,12.58,54,3.2,8,97,7,8,10,8.0,7,43.77,Needs Improvement
2829,Michael Cantu,54,13.42,53,3.1,8,126,10,9,5,5.3,9,26.02,Needs Improvement
2830,Mason Webb,99,4.99,56,4.0,10,108,9,2,7,8.0,7,46.41,Needs Improvement
2831,Debra Ortiz,99,13.32,87,1.0,6,52,9,1,1,11.7,8,43.19,Needs Improvement
2832,Elizabeth Dorsey,83,6.03,73,1.2,4,219,7,10,2,8.1,2,64.81,Average
2833,Elizabeth Wilson,44,9.48,89,1.8,8,5,5,1,8,4.4,2,29.68,Needs Improvement
2834,Sarah Mitchell,40,12.52,64,1.0,5,209,1,1,4,6.2,4,12.36,Needs Improvement
2835,Crystal Garcia,93,10.87,65,2.2,9,224,7,7,1,7.5,5,37.18,Needs Improvement
2836,Dylan Morgan,47,1.45,100,3.8,1,30,4,2,8,2.5,6,48.32,Needs Improvement
2837,Jasmine Martinez,99,5.28,78,4.4,2,125,7,4,6,11.8,3,86.56,Excellent
2838,Alexander Brown,69,2.89,65,1.3,0,241,6,8,5,3.2,5,61.02,Average
2839,Andrea Collins,64,1.95,62,1.9,5,75,9,7,10,3.0,10,40.01,Needs Improvement
2840,Christopher Evans,92,12.87,55,3.4,10,125,8,5,2,11.7,3,45.82,Needs Improvement
2841,Samantha Lang,46,14.23,61,2.4,2,197,4,1,6,10.9,8,31.03,Needs Improvement
2842,Brian Clark,88,10.52,75,1.3,7,210,5,1,9,4.3,10,23.15,Needs Improvement
2843,Joseph Adams,57,6.97,78,4.0,8,183,3,10,6,4.8,9,32.6,Needs Improvement
2844,Mrs. Tammie Brady MD,67,6.98,74,4.8,7,227,10,7,10,5.7,5,48.77,Needs Improvement
2845,Felicia Payne,50,10.59,52,3.1,8,161,10,1,2,2.1,2,16.1,Needs Improvement
2846,Michelle Porter,88,12.3,75,1.2,5,113,10,1,6,3.8,3,30.78,Needs Improvement
2847,Ryan Burns,84,4.45,84,4.2,4,213,1,5,10,5.9,7,61.98,Average
2848,Jessica Walter,62,7.57,76,4.0,9,229,3,9,6,3.2,10,30.46,Needs Improvement
2849,Steven Harper Jr.,99,11.36,60,2.5,5,243,5,4,9,3.4,5,40.06,Needs Improvement
2850,Andrew Holland,46,5.61,58,4.3,10,67,10,9,6,11.7,9,48.8,Needs Improvement
2851,Richard Bell,66,4.5,55,3.0,3,183,2,5,9,5.5,9,40.09,Needs Improvement
2852,Brenda Moreno,58,9.74,55,1.6,6,103,5,10,2,5.2,9,21.25,Needs Improvement
2853,Kylie Barr,41,12.8,91,2.3,7,165,6,5,8,4.1,2,30.61,Needs Improvement
2854,Michael Horton,54,12.93,61,4.3,0,218,3,1,5,8.4,8,38.33,Needs Improvement
2855,Tracy Tucker,58,10.25,69,5.0,2,226,1,8,8,6.1,2,63.21,Average
2856,Cindy Perry,59,6.74,76,1.5,9,11,4,1,8,5.6,9,9.45,Needs Improvement
2857,Emily Martinez,65,7.5,74,4.8,10,170,4,9,4,11.5,3,54.86,Needs Improvement
2858,Christian Lane,93,5.02,56,2.9,0,123,9,8,10,6.0,8,69.99,Average
2859,Kimberly Ramos,44,12.8,85,1.8,4,123,4,2,8,6.4,6,29.03,Needs Improvement
2860,Alyssa Willis,72,9.87,79,1.9,7,210,1,8,6,7.3,8,39.44,Needs Improvement
2861,Dennis Moran,64,13.18,95,1.5,10,9,3,3,2,2.0,2,17.42,Needs Improvement
2862,Jessica Lee,43,13.47,98,2.7,7,84,10,4,3,6.5,1,35.33,Needs Improvement
2863,Benjamin Wise,53,7.65,67,3.8,10,118,3,4,3,7.4,10,19.47,Needs Improvement
2864,Kathleen Bryan,87,1.37,69,3.5,8,148,9,1,4,6.8,2,59.03,Needs Improvement
2865,Sandra Wright,80,11.36,93,4.0,3,7,2,5,2,8.2,9,39.19,Needs Improvement
2866,John Campos,91,6.23,91,4.7,9,30,3,9,3,11.6,9,59.16,Needs Improvement
2867,Jennifer Singh,42,11.02,98,4.4,6,40,9,9,2,11.8,6,50.94,Needs Improvement
2868,James Robertson,48,12.8,81,2.7,3,92,4,6,5,9.1,6,43.28,Needs Improvement
2869,Melissa Schmidt,65,9.63,82,4.7,3,162,7,6,1,5.6,4,61.72,Average
2870,Amy Hardin,60,9.7,69,4.4,5,223,1,2,2,10.6,4,45.93,Needs Improvement
2871,Whitney Johnson,68,6.06,99,3.2,10,272,8,3,5,4.2,6,46.87,Needs Improvement
2872,Justin Wheeler,69,1.4,75,1.1,6,166,7,10,2,4.7,8,43.49,Needs Improvement
2873,Ashley Zamora,63,14.22,100,2.0,1,95,6,3,5,8.6,4,38.72,Needs Improvement
2874,Becky Parsons,50,7.19,87,1.8,4,35,4,2,10,2.5,4,25.53,Needs Improvement
2875,Christine Burch,67,2.63,81,1.8,10,265,8,6,10,7.0,10,46.2,Needs Improvement
2876,Devin Greene,49,1.11,60,3.6,6,186,1,9,8,3.1,5,44.46,Needs Improvement
2877,Taylor Rodgers,42,8.41,70,4.0,1,120,2,8,3,4.3,9,38.15,Needs Improvement
2878,Kayla Parks,76,5.7,99,4.0,7,190,8,1,10,8.5,3,73.32,Average
2879,Megan Wright,79,11.98,70,2.6,5,273,7,10,3,11.8,10,52.36,Needs Improvement
2880,Daniel Williams DVM,55,4.84,87,3.2,2,196,6,9,2,4.6,7,54.07,Needs Improvement
2881,Amy Underwood,82,12.76,92,1.0,2,220,8,2,5,4.3,5,46.0,Needs Improvement
2882,Michael Ellis,70,2.99,75,1.7,7,31,4,1,8,3.7,7,28.29,Needs Improvement
2883,Shane Powers,42,3.87,99,3.1,5,153,7,2,7,5.8,8,49.9,Needs Improvement
2884,Michael Gardner,78,8.74,85,4.8,0,235,10,1,7,8.8,5,78.57,Average
2885,Randy Montes,55,3.34,92,3.8,1,30,7,9,9,3.1,10,53.38,Needs Improvement
2886,Felicia Bowen,72,5.74,69,1.5,3,161,4,7,6,2.2,4,34.71,Needs Improvement
2887,Sheena Jefferson,89,1.03,94,2.8,3,202,5,2,6,4.5,8,58.29,Needs Improvement
2888,Catherine Campbell,85,11.98,50,2.0,0,34,6,8,5,4.7,4,37.75,Needs Improvement
2889,Howard Hoffman,78,5.63,96,2.1,5,166,10,10,5,3.5,3,53.28,Needs Improvement
2890,Hayley Rodgers,88,2.86,97,4.4,8,6,1,9,4,11.5,9,59.83,Needs Improvement
2891,Danielle Benson,69,11.55,76,2.8,4,64,3,5,6,8.6,1,46.01,Needs Improvement
2892,Rachel Kennedy,63,7.54,76,4.5,5,250,5,10,5,3.5,8,45.92,Needs Improvement
2893,Nicole Smith,94,6.76,55,4.9,8,138,7,2,3,5.2,1,57.84,Needs Improvement
2894,Tracy Perkins,83,5.93,54,4.6,2,274,7,7,7,8.0,5,69.89,Average
2895,William Russell,43,7.36,97,2.5,1,112,9,4,8,5.0,7,51.6,Needs Improvement
2896,Beth Morales,49,14.17,67,1.5,0,214,3,6,7,5.8,2,35.14,Needs Improvement
2897,Eric Little,64,8.97,88,3.0,3,174,4,1,4,10.1,5,45.4,Needs Improvement
2898,Jose Hernandez,77,9.31,78,1.4,3,174,5,9,4,7.8,1,49.28,Needs Improvement
2899,Justin Owen,54,10.0,74,1.6,2,203,9,8,1,5.2,10,33.17,Needs Improvement
2900,David Sosa,97,5.11,68,1.3,2,126,10,5,6,8.4,10,52.12,Needs Improvement
2901,Tony Garrison,47,8.29,67,3.1,8,221,4,3,2,5.2,2,21.47,Needs Improvement
2902,David Richardson,92,3.8,62,4.3,4,172,4,5,7,10.0,8,68.77,Average
2903,Tracy Rodriguez,61,13.2,83,4.2,8,207,7,5,7,4.9,4,34.5,Needs Improvement
2904,Cheryl Lane,49,6.75,60,2.6,4,295,1,6,2,6.7,7,43.17,Needs Improvement
2905,Martha Martin,99,1.66,85,1.1,9,138,6,10,6,6.8,3,60.51,Average
2906,Wanda Hendrix,48,9.01,75,3.1,6,109,8,8,9,2.6,6,36.37,Needs Improvement
2907,Dana Adams,89,10.21,92,2.4,10,152,8,9,9,7.3,8,46.11,Needs Improvement
2908,Bradley Hanson DDS,54,9.08,79,2.2,8,41,1,10,6,8.7,1,31.82,Needs Improvement
2909,Todd Cruz,82,9.16,74,2.8,1,243,6,10,10,3.1,7,61.25,Average
2910,Alicia Lewis,89,14.84,76,3.0,8,228,1,4,9,9.1,8,32.84,Needs Improvement
2911,Kelly Jones,64,11.17,71,1.3,6,184,5,3,9,7.6,1,40.13,Needs Improvement
2912,Samantha Williams,82,4.39,83,1.2,6,151,8,3,9,3.3,10,36.85,Needs Improvement
2913,Judith Lee,55,10.05,69,3.1,3,211,1,6,8,8.9,3,47.19,Needs Improvement
2914,Erika Guzman,45,12.45,57,2.7,4,50,8,5,3,9.7,7,31.46,Needs Improvement
2915,Gregory Thomas,84,4.19,86,4.1,2,39,6,9,7,11.6,6,87.02,Excellent
2916,Laura Romero,43,7.11,85,1.4,1,54,8,10,2,8.2,5,52.95,Needs Improvement
2917,Jennifer Garcia,40,5.63,61,3.3,7,81,1,9,2,3.2,5,22.75,Needs Improvement
2918,Melissa Thomas,48,9.69,93,1.3,0,40,9,4,8,9.5,3,53.84,Needs Improvement
2919,Kylie Hartman,100,8.77,75,1.9,8,295,9,4,10,11.2,10,49.38,Needs Improvement
2920,Christopher Clayton,66,14.22,89,3.9,5,189,3,5,3,3.5,7,25.07,Needs Improvement
2921,Elizabeth Sullivan,65,5.95,93,4.8,0,241,2,3,7,10.3,1,74.91,Average
2922,Robin Stephenson,68,6.51,50,2.4,3,105,8,5,1,6.1,9,41.28,Needs Improvement
2923,Carla Schroeder,59,10.32,63,2.5,2,44,5,9,5,10.6,6,50.95,Needs Improvement
2924,Charles Hartman,83,8.11,53,4.6,6,218,10,6,1,10.9,4,55.97,Needs Improvement
2925,Sheri Burton,68,6.14,57,4.1,2,114,2,6,9,9.0,5,56.51,Needs Improvement
2926,Matthew Murphy,100,4.17,70,2.8,3,220,6,9,1,9.1,1,73.56,Average
2927,Crystal Drake,99,2.17,55,2.8,10,68,9,8,3,5.3,10,42.33,Needs Improvement
2928,Audrey Gordon,40,14.8,80,3.0,9,149,2,1,9,10.0,7,19.27,Needs Improvement
2929,Eric Dyer,47,14.89,90,2.5,4,176,6,3,4,2.8,6,23.74,Needs Improvement
2930,Erin Stanton,81,3.55,92,2.0,2,94,7,3,6,4.3,7,55.94,Needs Improvement
2931,Monica Schultz,95,3.53,53,4.3,8,283,8,1,1,7.2,7,51.2,Needs Improvement
2932,Mark Cox,58,13.48,59,3.6,0,114,6,1,8,3.8,8,26.14,Needs Improvement
2933,David Lopez,68,8.17,63,3.6,5,214,8,3,5,9.8,9,49.86,Needs Improvement
2934,Kevin Hall,50,1.69,66,4.6,9,233,5,3,7,6.8,3,57.88,Needs Improvement
2935,Colton Haynes,81,5.5,60,2.1,10,165,6,3,6,5.5,8,31.73,Needs Improvement
2936,Sarah Frye,94,8.0,78,1.0,7,199,1,10,5,4.9,1,39.29,Needs Improvement
2937,Mark Cook,61,2.42,81,2.7,3,149,6,1,5,9.1,7,53.8,Needs Improvement
2938,Jim Webb,86,10.53,90,1.9,6,170,6,5,8,12.0,4,60.17,Average
2939,William Knight Jr.,40,9.6,80,2.9,4,274,5,6,5,5.3,7,30.49,Needs Improvement
2940,Brian Rowe,52,2.43,82,4.9,3,99,5,9,1,6.1,4,60.32,Average
2941,Kristen Thomas,57,9.62,64,4.6,8,101,2,1,6,10.2,6,37.26,Needs Improvement
2942,Mrs. Shelly Ray,48,1.78,90,2.7,8,208,3,2,1,2.7,3,31.83,Needs Improvement
2943,Charlotte Johnson,93,9.44,100,1.4,5,189,2,9,6,3.5,10,38.82,Needs Improvement
2944,Jesse Jimenez,48,8.17,92,3.0,4,195,3,10,8,9.6,8,53.46,Needs Improvement
2945,Brandon Carpenter,40,14.76,60,2.8,0,114,2,7,10,9.3,3,44.34,Needs Improvement
2946,Timothy Cook,86,2.68,97,1.2,2,58,6,3,7,3.2,9,51.83,Needs Improvement
2947,Nichole Martin,91,6.16,63,4.1,9,153,2,4,5,8.5,5,52.9,Needs Improvement
2948,Garrett Martinez,68,11.63,86,4.9,3,155,1,8,5,11.0,2,63.11,Average
2949,Dr. Adam Potter,58,11.64,59,4.4,4,83,9,9,8,7.8,5,44.85,Needs Improvement
2950,Emily Underwood,52,2.61,84,1.2,7,250,8,10,6,6.0,3,58.9,Needs Improvement
2951,Dr. Sophia Davis DVM,81,3.65,98,1.3,9,18,2,1,8,3.0,1,38.9,Needs Improvement
2952,Tricia Thomas,100,11.49,73,4.4,7,47,3,8,1,3.8,5,41.03,Needs Improvement
2953,Richard Myers,77,1.63,54,4.2,9,210,2,10,2,11.0,8,54.16,Needs Improvement
2954,Lauren Brock,71,14.31,54,2.6,8,97,10,9,6,7.8,4,31.02,Needs Improvement
2955,Susan Nolan,71,3.71,99,3.0,3,240,2,5,10,11.6,3,79.24,Average
2956,Jennifer Le,45,7.39,92,4.3,1,245,3,8,3,5.5,4,59.84,Needs Improvement
2957,Randy Hendricks,75,5.68,68,3.7,8,238,4,3,5,3.8,5,41.56,Needs Improvement
2958,Michael Gross,46,7.23,74,2.4,3,195,2,6,10,8.3,1,49.27,Needs Improvement
2959,Drew Leonard,92,10.05,54,2.8,9,76,8,10,1,2.1,7,23.19,Needs Improvement
2960,Susan Miles,67,3.44,56,3.5,3,205,2,2,8,7.7,1,59.14,Needs Improvement
2961,Bryan Holt,77,5.13,83,1.4,3,157,4,5,10,7.7,9,48.76,Needs Improvement
2962,Jordan Taylor,44,9.83,99,3.8,0,106,1,10,8,3.3,7,42.02,Needs Improvement
2963,Diana Garcia,62,4.43,88,1.2,7,52,6,4,2,6.9,2,53.64,Needs Improvement
2964,Carolyn Duffy MD,72,14.58,59,4.5,2,108,6,3,9,4.3,6,27.28,Needs Improvement
2965,Danielle Martin,79,6.41,68,3.4,6,202,6,1,4,10.3,2,54.56,Needs Improvement
2966,Michael Walls,93,14.94,58,1.9,10,134,3,6,3,5.8,3,31.66,Needs Improvement
2967,Edward Dudley,71,6.71,76,1.1,7,115,8,7,5,9.1,2,47.05,Needs Improvement
2968,Erin Roberts,96,3.13,93,2.2,9,283,4,1,6,6.0,4,42.89,Needs Improvement
2969,Angela Dickson,65,13.83,97,3.2,5,142,3,9,1,4.8,6,32.94,Needs Improvement
2970,Elizabeth Cuevas,99,6.09,61,2.5,6,40,8,10,9,7.2,8,49.05,Needs Improvement
2971,Mr. Richard Scott,80,14.25,51,1.3,0,256,5,6,9,2.4,4,38.43,Needs Improvement
2972,Daniel Sullivan,45,11.89,73,2.1,10,289,2,8,2,5.1,9,14.51,Needs Improvement
2973,Emily Jackson,96,14.45,79,3.6,7,181,9,2,3,11.7,6,42.83,Needs Improvement
2974,Melanie Castillo,91,4.1,60,4.7,2,197,10,1,6,7.3,10,74.49,Average
2975,Amanda Robbins,53,4.14,97,1.6,6,93,10,10,4,3.1,6,41.7,Needs Improvement
2976,Brady Thompson,76,3.51,90,1.2,7,203,6,4,4,7.6,4,40.14,Needs Improvement
2977,Patricia Martin,84,12.78,71,3.2,2,136,10,1,10,9.2,4,52.03,Needs Improvement
2978,Ashley Bailey,41,2.78,94,4.8,0,186,4,10,2,4.2,5,63.98,Average
2979,Megan Clark,61,3.93,97,3.8,1,179,5,8,6,8.2,3,85.48,Excellent
2980,Juan Lawson,94,14.02,58,4.3,1,244,3,7,3,4.3,2,49.48,Needs Improvement
2981,Jacob Howell,98,9.64,87,3.3,8,180,1,8,1,2.5,4,40.02,Needs Improvement
2982,Andrea Stewart,44,12.08,98,3.7,2,174,3,2,5,11.6,10,39.81,Needs Improvement
2983,Patricia Ellis,80,10.81,50,3.7,2,148,9,1,1,10.9,3,55.79,Needs Improvement
2984,Christopher Scott,44,4.99,86,2.8,2,72,7,7,8,2.8,2,54.46,Needs Improvement
2985,Samantha Holland,98,9.98,76,3.9,9,249,5,8,3,5.0,9,41.89,Needs Improvement
2986,April Wolfe,46,11.29,82,4.8,2,219,5,8,2,4.3,7,49.32,Needs Improvement
2987,Ricky Johnson,59,6.38,58,3.7,5,230,4,6,9,6.7,10,39.91,Needs Improvement
2988,Kenneth Hill,48,11.6,95,2.9,6,111,7,9,4,9.1,8,39.84,Needs Improvement
2989,Barbara Casey DDS,79,1.23,55,2.2,9,77,2,3,6,4.3,4,31.02,Needs Improvement
2990,Alejandro Howard,79,12.9,62,4.9,3,116,7,6,3,3.5,4,53.75,Needs Improvement
2991,Brandon Garcia,76,1.48,67,3.5,5,70,4,10,1,4.1,1,60.6,Average
2992,Christine Phillips,68,6.0,91,1.3,5,70,7,4,2,2.4,10,15.22,Needs Improvement
2993,Jessica Simmons,87,13.49,72,4.1,2,284,5,6,8,2.3,3,51.69,Needs Improvement
2994,Henry Valenzuela,43,13.91,64,4.7,9,38,2,2,10,5.8,4,12.42,Needs Improvement
2995,Jason Pham,44,5.78,63,4.8,3,176,6,6,2,9.5,7,52.83,Needs Improvement
2996,Michael Johnson,56,6.87,80,1.3,1,212,6,10,1,7.9,10,47.07,Needs Improvement
2997,Jasmine Livingston,43,1.44,97,4.0,10,229,9,8,2,2.6,10,38.99,Needs Improvement
2998,Michael Meyer,98,3.87,64,3.8,9,13,10,1,9,11.7,7,58.11,Needs Improvement
2999,Kayla Leon,51,11.57,93,4.2,10,123,10,5,4,2.3,8,24.48,Needs Improvement
3000,Angelica Davis,68,9.13,65,3.4,6,57,4,9,6,2.4,6,33.07,Needs Improvement
3001,Kevin Kennedy,63,12.81,82,4.3,2,257,6,8,8,9.7,8,63.26,Average
3002,Amber Love,50,12.81,72,2.1,6,213,10,2,10,9.1,2,40.63,Needs Improvement
3003,Jose Davis,59,8.54,60,3.2,1,17,2,8,8,7.9,8,44.53,Needs Improvement
3004,Anthony Walker,53,4.39,89,4.5,9,6,1,6,6,8.1,6,37.42,Needs Improvement
3005,James Schmidt,69,3.51,88,4.4,9,21,9,9,10,7.6,3,58.46,Needs Improvement
3006,Kristy Sanders,49,6.09,63,1.8,5,74,1,7,1,10.3,10,23.74,Needs Improvement
3007,Mrs. Pamela Jackson MD,87,7.45,74,1.7,2,94,9,3,2,5.8,3,52.2,Needs Improvement
3008,Jeremy Gibson,51,6.96,91,4.1,10,116,9,2,5,7.0,2,45.45,Needs Improvement
3009,Jason Perkins,87,11.71,58,4.0,10,93,8,4,1,11.9,10,41.07,Needs Improvement
3010,Anna Sanchez,55,13.02,59,1.8,1,255,9,6,10,9.7,8,49.14,Needs Improvement
3011,Jodi Dunn,52,7.74,74,1.2,7,119,8,2,2,11.6,1,36.46,Needs Improvement
3012,Samantha Decker,73,8.34,66,4.3,4,193,9,2,6,9.6,6,60.66,Average
3013,Kelly Freeman,86,6.82,67,1.3,2,290,7,8,7,9.3,7,59.48,Needs Improvement
3014,Samantha Andrews,52,8.32,67,5.0,7,170,1,9,6,4.9,6,43.71,Needs Improvement
3015,Tammy Smith,68,9.59,76,2.9,3,103,1,6,5,4.4,4,39.06,Needs Improvement
3016,Carlos Morrison,65,9.9,80,1.0,6,192,2,7,3,9.1,1,44.78,Needs Improvement
3017,Deborah Johnson,46,7.88,97,3.7,7,261,7,6,7,10.2,3,64.24,Average
3018,Eugene Evans,60,5.29,58,4.0,10,224,4,1,3,4.4,1,37.7,Needs Improvement
3019,Kimberly Thomas,76,14.74,59,4.8,9,45,4,4,1,3.6,10,10.02,Needs Improvement
3020,James Stein,76,7.19,52,1.1,10,133,10,5,1,3.7,5,31.36,Needs Improvement
3021,Jesse Ramirez,64,13.16,93,3.4,4,228,1,5,8,11.6,3,61.61,Average
3022,Bradley Vazquez,69,13.01,86,1.9,9,249,10,3,1,4.0,2,36.09,Needs Improvement
3023,Jake Barrett,76,2.34,75,3.2,10,259,9,4,3,5.1,4,45.21,Needs Improvement
3024,Sarah Robinson,73,11.16,57,4.0,9,241,6,7,1,8.1,8,40.95,Needs Improvement
3025,Tara Williams,96,7.82,100,2.5,5,279,10,6,10,7.2,7,63.58,Average
3026,Michelle Calhoun,81,3.3,100,2.4,6,43,1,3,1,11.6,2,58.76,Needs Improvement
3027,Deborah Higgins,46,3.71,94,2.4,5,180,10,4,9,7.1,1,62.56,Average
3028,Amanda Mullen,71,9.33,96,3.2,2,35,6,10,10,10.7,6,67.87,Average
3029,Michael Elliott,96,6.51,62,5.0,5,276,3,5,10,9.9,1,73.77,Average
3030,Heather Rivera,97,12.67,60,3.3,10,135,6,1,2,3.2,2,34.35,Needs Improvement
3031,Wayne Ward,96,13.52,55,3.4,10,185,7,3,10,5.8,6,34.86,Needs Improvement
3032,Jennifer Floyd,44,10.95,73,2.1,0,184,1,2,1,6.6,4,30.61,Needs Improvement
3033,Samuel Aguilar,57,12.17,81,2.5,4,119,6,5,7,4.9,4,32.2,Needs Improvement
3034,Eileen Murphy,93,12.09,76,3.3,1,70,1,8,4,7.6,4,44.32,Needs Improvement
3035,Justin Taylor,75,7.8,88,4.7,5,274,9,3,9,10.3,10,63.26,Average
3036,Eric Gallagher,94,1.79,50,2.5,3,297,2,4,8,4.0,4,59.14,Needs Improvement
3037,Phyllis Haynes,69,4.67,79,4.9,9,120,2,7,3,9.8,1,56.74,Needs Improvement
3038,Joshua Smith,73,14.56,55,1.3,10,11,8,9,1,7.4,2,28.86,Needs Improvement
3039,Erik Brewer,93,7.13,75,1.8,7,43,6,6,3,9.5,9,43.57,Needs Improvement
3040,Trevor Morris,93,6.23,97,1.2,3,109,5,9,4,5.2,5,40.45,Needs Improvement
3041,Donna Hawkins,70,8.38,74,4.4,7,78,8,10,10,8.5,8,49.2,Needs Improvement
3042,Carla Henry,44,2.02,71,3.3,8,5,3,6,4,5.3,9,29.26,Needs Improvement
3043,Tracy Anderson,58,10.66,89,2.6,1,219,10,8,10,5.6,9,46.08,Needs Improvement
3044,George Jenkins,66,14.57,75,1.8,2,78,5,1,10,4.3,4,27.77,Needs Improvement
3045,Richard Mullins,59,2.55,58,4.8,10,234,8,2,7,8.8,6,45.04,Needs Improvement
3046,Desiree Hanson,99,14.46,92,1.6,3,237,4,4,8,5.9,9,38.98,Needs Improvement
3047,Robert Lynch,60,6.25,84,4.1,0,142,5,2,8,7.4,5,63.99,Average
3048,Kristi Evans MD,40,13.83,91,4.3,9,298,10,8,5,5.6,7,44.23,Needs Improvement
3049,Thomas Medina,56,2.95,66,4.2,6,72,2,7,2,7.2,10,44.5,Needs Improvement
3050,Alicia Lindsey,80,2.09,92,3.6,9,27,3,10,10,5.5,6,48.12,Needs Improvement
3051,Kimberly Martinez,53,8.42,83,4.3,7,222,8,6,4,6.0,2,48.24,Needs Improvement
3052,Nathan Burgess,55,12.27,72,4.6,1,35,5,5,2,8.1,2,51.44,Needs Improvement
3053,Andrew Acosta,43,7.14,52,2.7,4,197,2,10,6,9.0,8,38.77,Needs Improvement
3054,Raymond Smith,80,10.53,59,4.1,10,128,6,1,6,7.5,7,35.15,Needs Improvement
3055,Joseph Moran,62,2.5,99,4.4,6,128,2,2,1,11.5,3,66.03,Average
3056,Allison Evans,56,4.88,71,3.4,4,244,7,5,10,9.3,10,61.2,Average
3057,David Mitchell,99,13.76,99,2.5,3,8,2,3,8,7.9,9,35.19,Needs Improvement
3058,Sandra Parker,81,13.18,91,2.6,5,140,6,8,7,3.5,2,48.49,Needs Improvement
3059,Cameron Jackson,100,1.13,69,1.4,10,191,7,4,9,6.8,9,46.46,Needs Improvement
3060,Russell Hinton,77,14.3,52,1.3,10,86,1,10,7,7.2,1,27.98,Needs Improvement
3061,Mikayla Johnson,44,3.98,66,3.9,0,198,3,10,9,4.6,10,50.48,Needs Improvement
3062,Amanda Henderson,83,8.49,82,3.7,4,208,3,7,2,5.9,9,41.71,Needs Improvement
3063,Vanessa Galloway,67,4.3,80,2.1,6,141,7,2,10,2.9,8,41.36,Needs Improvement
3064,Sarah Williams,91,2.83,52,1.7,9,156,2,4,3,3.5,9,16.59,Needs Improvement
3065,Margaret Williams,44,3.36,74,2.9,3,188,4,5,2,2.7,10,39.26,Needs Improvement
3066,Morgan Dalton,100,4.93,87,3.5,5,171,8,1,7,4.9,7,61.87,Average
3067,Tim Best,48,5.85,72,4.4,5,35,10,8,3,10.7,5,58.65,Needs Improvement
3068,Steve Luna,99,4.2,88,3.8,2,56,2,3,1,7.4,10,55.58,Needs Improvement
3069,Vickie Jones,63,14.54,93,4.6,1,199,5,9,3,5.4,7,52.74,Needs Improvement
3070,Katelyn Graham,78,11.69,61,1.2,3,233,8,10,6,11.0,9,54.77,Needs Improvement
3071,Kelsey Wallace,80,4.01,51,3.9,8,49,5,10,7,6.2,4,49.89,Needs Improvement
3072,Paula Brown,82,6.16,63,4.6,1,182,2,1,4,7.4,6,47.51,Needs Improvement
3073,James Smith,81,1.4,50,1.9,0,86,7,1,1,11.2,7,56.09,Needs Improvement
3074,James Reynolds,99,10.35,55,2.1,8,238,1,7,9,8.9,10,30.92,Needs Improvement
3075,Sharon Dunn,72,12.13,68,2.2,0,58,2,5,7,9.8,10,34.47,Needs Improvement
3076,Sheri Miller,99,10.34,75,3.0,8,59,10,1,8,7.6,5,42.86,Needs Improvement
3077,Kyle Russell,93,8.1,69,1.4,3,56,9,3,3,6.1,8,41.0,Needs Improvement
3078,Edward Johnson,87,2.48,72,4.1,3,241,3,2,9,2.1,1,62.87,Average
3079,Sherry Hobbs,47,8.33,63,1.4,10,279,8,9,10,10.3,4,44.24,Needs Improvement
3080,William Torres,77,7.26,96,5.0,7,258,1,5,3,10.7,3,72.71,Average
3081,Robert Christensen,56,2.01,94,4.3,1,65,9,1,10,10.8,10,63.71,Average
3082,Michael Hayes,66,7.94,62,4.3,2,297,10,5,3,4.0,1,56.01,Needs Improvement
3083,April Thompson,40,7.27,60,3.0,0,215,10,9,10,9.4,1,69.76,Average
3084,Lisa Brown,40,10.99,54,2.8,0,56,8,8,2,11.1,3,51.5,Needs Improvement
3085,Courtney Lee,65,9.06,79,3.7,4,253,7,4,8,8.7,1,61.44,Average
3086,Joshua Patton,52,2.99,87,2.3,4,60,9,8,4,2.2,1,57.87,Needs Improvement
3087,Vanessa Phillips,68,14.48,68,1.6,8,1,4,7,2,5.6,4,10.41,Needs Improvement
3088,Daniel Allen,88,4.56,74,4.4,9,60,10,1,3,7.8,1,48.92,Needs Improvement
3089,Jo Kim,54,12.4,79,1.3,5,19,6,6,4,9.4,10,29.51,Needs Improvement
3090,Jessica Gates,76,4.05,58,3.4,1,51,1,7,1,11.7,10,57.16,Needs Improvement
3091,Steve Rocha,100,11.94,98,2.3,10,250,10,3,6,11.9,7,53.27,Needs Improvement
3092,Rebecca Riddle,63,13.28,73,1.3,6,175,4,1,3,8.5,9,13.69,Needs Improvement
3093,Andrew Lane,54,10.14,79,1.0,2,171,6,4,5,11.4,7,39.47,Needs Improvement
3094,Michelle Stark,79,9.18,77,4.8,9,242,2,9,3,3.0,9,33.78,Needs Improvement
3095,Robert Cuevas,76,6.09,65,3.5,0,133,5,10,6,5.0,1,69.65,Average
3096,Katherine Smith,78,8.03,70,4.0,8,52,8,3,7,3.2,5,41.03,Needs Improvement
3097,Denise Schultz,75,12.75,77,3.8,5,69,10,7,5,9.0,3,51.8,Needs Improvement
3098,Terry Diaz,43,6.02,57,4.8,4,135,7,5,4,6.5,8,46.08,Needs Improvement
3099,Wayne Taylor,44,9.45,96,3.2,10,112,4,4,9,6.0,4,34.41,Needs Improvement
3100,Jay Graham,76,2.07,86,4.2,8,229,10,6,6,9.1,6,71.45,Average
3101,William Howell,59,5.43,98,3.3,4,149,2,10,8,6.2,4,60.18,Average
3102,Jennifer Roberts,75,13.32,65,4.8,2,5,8,5,7,10.3,6,63.99,Average
3103,Kyle Thornton,53,10.18,71,1.0,10,30,4,6,6,9.9,4,23.94,Needs Improvement
3104,Diane Villa,45,6.68,53,4.9,3,295,9,7,6,7.6,10,60.14,Average
3105,Jack Rodriguez,50,3.33,53,1.0,4,152,9,8,5,6.7,2,46.63,Needs Improvement
3106,Brian Fernandez,73,13.13,76,3.6,10,45,5,10,7,2.7,5,29.65,Needs Improvement
3107,Barbara Wilson,61,9.26,50,1.8,2,42,3,9,6,3.8,7,20.19,Needs Improvement
3108,William Combs,95,12.18,82,1.1,8,144,3,3,7,6.2,7,20.89,Needs Improvement
3109,Crystal Smith,88,2.31,53,4.1,10,268,3,5,8,6.3,7,57.74,Needs Improvement
3110,Ms. Shannon Berry,50,6.39,59,4.4,5,18,5,7,2,4.0,2,49.86,Needs Improvement
3111,Deanna Myers,94,12.35,55,4.7,7,176,3,3,3,5.2,6,30.43,Needs Improvement
3112,Robert Price,44,8.32,83,1.0,0,131,4,4,1,10.7,4,41.96,Needs Improvement
3113,Stephanie Dennis,57,14.27,82,2.0,8,68,2,4,3,2.3,9,0.0,Needs Improvement
3114,Richard Cobb,93,10.66,80,4.8,4,91,4,1,10,8.6,1,65.62,Average
3115,Lisa Casey,99,11.31,66,3.6,1,248,7,3,9,8.3,3,69.59,Average
3116,Jennifer Wells,54,11.21,98,1.7,4,24,8,5,5,3.0,2,43.33,Needs Improvement
3117,Ryan Kaufman,80,7.82,96,3.1,9,45,5,5,7,11.0,2,55.3,Needs Improvement
3118,Phillip Armstrong,82,11.55,92,1.8,0,248,9,9,3,3.9,8,40.86,Needs Improvement
3119,Danielle Davis,47,12.53,57,4.1,4,33,5,2,5,2.7,9,5.62,Needs Improvement
3120,Lisa Donaldson,67,12.14,82,3.9,3,219,9,9,3,10.9,9,58.67,Needs Improvement
3121,David Rice,80,2.66,50,1.1,9,211,5,8,5,2.1,9,29.15,Needs Improvement
3122,Tommy Hickman,46,13.76,81,2.7,5,233,6,10,4,7.3,1,42.74,Needs Improvement
3123,Yolanda Taylor DVM,42,7.3,80,2.6,0,265,6,9,1,10.9,1,75.85,Average
3124,Jessica Rhodes,76,13.76,91,1.4,8,165,5,5,2,7.3,2,30.54,Needs Improvement
3125,Shelby Farmer,73,14.5,53,2.8,3,227,9,9,3,3.7,7,28.11,Needs Improvement
3126,Kathy Parker,98,14.11,97,3.6,8,171,6,8,5,8.7,10,49.25,Needs Improvement
3127,Heather Pugh,85,4.68,80,1.7,10,152,8,8,2,10.9,3,54.38,Needs Improvement
3128,Marcus Frederick,61,3.95,51,1.6,1,6,1,1,5,6.8,1,40.31,Needs Improvement
3129,Adam Torres,71,2.1,51,1.8,7,190,1,10,1,9.3,1,58.24,Needs Improvement
3130,Mitchell Shaw,53,12.48,56,4.8,1,54,9,9,3,2.6,4,43.59,Needs Improvement
3131,Kristi Miller,96,3.44,62,1.4,8,246,8,5,4,10.2,8,51.62,Needs Improvement
3132,Debbie Fox,91,13.22,72,2.8,9,122,1,7,5,9.8,6,30.55,Needs Improvement
3133,Laura Ross,43,5.69,67,2.9,7,94,8,5,3,3.0,4,31.18,Needs Improvement
3134,Cynthia Ortiz,99,12.97,98,2.8,3,262,3,8,4,10.2,7,62.01,Average
3135,Amber Dawson,71,6.14,87,3.4,7,120,8,8,10,10.4,10,48.45,Needs Improvement
3136,Cynthia Golden,53,1.37,57,4.6,3,154,3,3,9,9.0,9,61.19,Average
3137,Jordan Shields,95,1.27,77,1.2,2,181,3,7,5,3.1,2,60.52,Average
3138,Krista Myers,99,11.49,87,1.4,4,221,3,4,1,5.6,5,47.09,Needs Improvement
3139,David Fischer,84,4.72,81,2.6,9,268,4,6,9,3.0,4,54.1,Needs Improvement
3140,Sherri Hayes,56,11.2,90,3.0,3,2,3,5,7,6.3,7,31.41,Needs Improvement
3141,Deborah Rowe,69,1.53,100,3.3,10,203,10,8,1,2.6,7,54.74,Needs Improvement
3142,Jason Hoffman,79,1.19,65,3.1,8,296,6,5,1,10.1,3,58.33,Needs Improvement
3143,Jennifer Fleming,51,7.08,97,3.3,10,8,7,10,6,5.5,9,34.27,Needs Improvement
3144,Lori Johnson,96,6.83,75,4.2,7,117,9,4,5,7.3,9,57.35,Needs Improvement
3145,Stephanie Jefferson,61,2.73,95,4.2,3,96,2,4,10,7.3,9,52.58,Needs Improvement
3146,Sarah Larson,87,3.15,64,2.9,4,143,3,6,6,4.3,2,68.1,Average
3147,Timothy Smith,80,4.57,76,4.3,8,179,2,4,10,8.4,3,53.12,Needs Improvement
3148,Lori Henry,68,5.45,95,1.9,6,230,7,7,8,8.0,3,62.65,Average
3149,Jamie Ramos,72,12.35,88,3.1,0,123,6,9,3,7.9,4,68.66,Average
3150,Karen Anderson,98,10.78,96,1.8,4,278,7,3,8,6.9,10,45.82,Needs Improvement
3151,Gina Chaney,75,12.03,80,2.7,8,283,10,6,2,8.8,9,47.23,Needs Improvement
3152,Shannon Lee,46,9.63,56,3.0,4,238,6,3,8,7.2,2,41.92,Needs Improvement
3153,Tina Mason,75,11.09,63,1.0,9,131,4,9,4,9.0,2,26.98,Needs Improvement
3154,Dr. Alan White,59,6.09,89,4.5,4,37,7,3,10,10.2,9,67.68,Average
3155,Eric Garcia,56,6.33,93,4.7,9,50,5,3,10,2.2,5,40.94,Needs Improvement
3156,Jesus Harris,81,8.14,99,3.3,3,119,3,7,7,10.7,2,70.3,Average
3157,Melissa Bowers,67,11.72,82,1.9,9,56,1,7,1,8.4,9,15.36,Needs Improvement
3158,Brandy Mckee,55,1.73,75,1.4,3,247,1,8,9,4.1,1,46.85,Needs Improvement
3159,James Leon,70,11.25,54,2.8,5,44,4,1,8,11.1,4,46.86,Needs Improvement
3160,Michael Alexander,92,10.73,51,4.0,4,179,10,3,9,3.0,7,51.62,Needs Improvement
3161,Andrea Perkins,75,11.94,77,1.9,4,220,9,7,9,6.8,9,45.81,Needs Improvement
3162,Matthew Cruz,52,11.26,100,2.7,2,58,9,3,6,7.0,8,42.29,Needs Improvement
3163,Steven Perkins,81,8.62,99,1.0,6,162,5,9,1,11.9,5,62.33,Average
3164,Melissa Ross,55,11.57,98,3.1,1,108,1,6,7,4.2,5,41.81,Needs Improvement
3165,Erin Miranda,46,12.9,66,3.7,4,107,3,9,3,6.3,7,32.76,Needs Improvement
3166,Nicholas Pineda,54,13.63,57,4.9,0,149,10,6,6,6.9,7,46.87,Needs Improvement
3167,David Thompson,51,5.89,59,4.6,6,115,6,6,9,4.3,4,49.38,Needs Improvement
3168,Raymond Gutierrez,87,3.44,96,4.4,8,166,10,7,2,9.2,3,75.31,Average
3169,Mark Lee,82,5.77,92,1.4,5,251,10,4,4,8.0,6,53.81,Needs Improvement
3170,Timothy Irwin,59,14.0,83,4.0,2,293,6,1,3,5.5,7,43.68,Needs Improvement
3171,Joshua Navarro,59,13.11,68,2.0,5,163,7,10,1,7.8,2,42.99,Needs Improvement
3172,Krystal Walsh,86,8.22,51,2.1,2,214,1,8,4,4.3,5,43.16,Needs Improvement
3173,Jason Lawson,62,13.78,74,3.8,1,98,2,1,5,8.8,7,40.46,Needs Improvement
3174,Jessica Evans,68,2.33,83,4.3,5,148,5,10,1,10.2,10,61.71,Average
3175,Abigail Mendoza,55,12.82,64,3.6,2,192,6,10,1,5.3,3,46.92,Needs Improvement
3176,Benjamin Mcdonald,90,8.53,90,4.9,0,95,2,8,6,4.1,7,63.29,Average
3177,Brandon Smith,77,13.75,99,2.4,6,228,3,4,1,4.9,2,42.39,Needs Improvement
3178,Tracie Guerrero,51,8.18,75,1.7,2,81,8,4,7,11.7,10,37.95,Needs Improvement
3179,Lisa Ramirez,96,9.79,63,1.1,7,230,10,5,9,3.7,7,28.61,Needs Improvement
3180,Chase Johnson,71,10.06,55,2.4,7,72,2,6,3,9.8,7,38.48,Needs Improvement
3181,Timothy Blanchard,66,14.78,80,4.0,9,197,8,2,4,9.3,4,35.08,Needs Improvement
3182,Anna Smith,76,7.15,93,1.5,7,56,10,8,4,10.4,5,56.33,Needs Improvement
3183,Beth Rogers,42,6.77,51,3.2,5,126,9,5,10,2.2,3,39.1,Needs Improvement
3184,John Stafford,74,4.62,80,4.1,3,25,4,5,3,4.0,2,70.38,Average
3185,Marcus Thomas,85,1.77,57,2.1,9,284,4,2,9,2.6,4,40.74,Needs Improvement
3186,Steven Marsh,77,11.64,99,4.6,0,98,6,9,4,6.9,3,65.64,Average
3187,Joseph Mercer,80,10.12,69,1.9,10,255,6,6,4,9.8,10,30.44,Needs Improvement
3188,Ross Diaz,55,9.25,62,2.6,3,124,3,2,4,10.7,1,51.2,Needs Improvement
3189,Travis Harris,60,11.03,50,1.1,7,45,8,2,3,8.8,3,20.73,Needs Improvement
3190,James Rich,82,12.03,55,3.8,9,270,9,7,6,2.1,10,36.96,Needs Improvement
3191,Andrew Smith,96,13.7,55,1.0,3,235,4,6,1,5.8,2,34.58,Needs Improvement
3192,Ruth Henry,75,6.68,57,1.2,1,55,3,7,2,2.2,4,29.88,Needs Improvement
3193,Ashley Sosa,55,7.91,70,4.6,3,80,2,5,10,5.3,2,46.02,Needs Improvement
3194,Michael Herrera,92,13.14,75,1.8,3,252,6,5,2,9.0,5,50.43,Needs Improvement
3195,Karen Barnes,42,6.57,92,1.5,9,23,6,9,3,3.1,4,19.7,Needs Improvement
3196,Kevin Huff,63,12.29,76,4.4,6,19,3,4,4,3.3,3,32.42,Needs Improvement
3197,Joseph Ross,57,12.46,82,4.8,4,140,6,10,7,8.3,6,58.84,Needs Improvement
3198,Allen Donovan,71,13.12,72,3.3,9,183,10,1,3,6.6,1,28.94,Needs Improvement
3199,Elizabeth Gross,50,9.83,77,4.2,9,203,6,5,9,6.7,6,22.3,Needs Improvement
3200,Mark Howell,67,6.44,100,5.0,0,161,3,10,7,2.4,8,55.76,Needs Improvement
3201,Timothy Osborne,79,5.08,86,3.4,6,300,4,8,8,3.7,6,52.81,Needs Improvement
3202,Aaron Pittman,62,4.61,79,3.6,3,76,2,8,7,10.3,3,58.32,Needs Improvement
3203,Chelsea Rhodes,93,11.62,65,4.5,6,172,5,3,2,5.7,4,48.28,Needs Improvement
3204,Jason Gonzalez,87,4.2,52,3.3,8,263,8,10,5,2.9,10,48.74,Needs Improvement
3205,Dawn Logan,52,12.74,50,4.8,9,265,7,7,1,6.9,5,25.2,Needs Improvement
3206,Russell Phillips,51,6.57,81,1.4,4,164,2,6,7,2.3,4,39.83,Needs Improvement
3207,Kenneth Espinoza,41,2.01,70,2.6,3,170,2,1,8,4.4,10,36.41,Needs Improvement
3208,Brian Chavez,89,12.94,71,3.2,3,145,10,10,6,9.1,3,68.3,Average
3209,Shawn Tyler,46,14.21,69,3.0,6,220,10,9,3,6.9,8,34.61,Needs Improvement
3210,Shelby Martinez,43,5.27,89,2.9,4,160,9,9,7,6.1,1,65.15,Average
3211,Kenneth Clark,80,2.06,93,1.3,8,223,5,6,2,2.2,9,35.99,Needs Improvement
3212,John Gates,67,4.37,95,4.9,9,213,6,6,8,8.4,10,56.25,Needs Improvement
3213,Deborah Dalton,73,9.75,65,4.5,4,73,5,9,2,3.2,9,38.85,Needs Improvement
3214,Timothy Ortiz,92,6.3,96,2.7,3,224,10,4,10,4.0,10,57.7,Needs Improvement
3215,Gary Hudson,79,10.6,79,2.4,4,38,2,6,10,3.4,1,40.86,Needs Improvement
3216,Craig Walker,42,6.85,65,2.9,8,256,6,2,9,8.1,3,41.67,Needs Improvement
3217,Troy Combs,99,14.2,85,3.9,0,247,5,8,6,7.5,7,66.64,Average
3218,Cody Davis,64,10.39,70,1.3,10,7,6,5,7,7.1,3,27.59,Needs Improvement
3219,Robert Trujillo,96,8.65,85,1.1,5,106,1,2,9,11.4,7,48.34,Needs Improvement
3220,Kelly Thomas,92,7.07,56,3.6,3,122,4,8,10,3.3,2,60.28,Average
3221,Andre Hutchinson,80,6.42,85,4.3,0,253,3,7,9,3.5,5,76.11,Average
3222,John Mcmillan,90,13.88,75,4.5,5,267,4,9,10,5.4,7,54.04,Needs Improvement
3223,John Gutierrez,65,10.34,62,3.2,5,206,2,6,5,5.4,9,31.18,Needs Improvement
3224,Holly Hughes,43,7.06,59,2.3,2,137,9,1,3,5.5,3,40.75,Needs Improvement
3225,Clinton Lee,43,7.71,81,4.6,6,187,7,6,7,9.0,5,53.63,Needs Improvement
3226,John Wilson,81,7.45,75,3.9,5,119,5,8,3,10.2,5,61.84,Average
3227,Andrew Kent,92,7.33,78,2.3,7,287,10,2,10,7.7,5,52.87,Needs Improvement
3228,Megan Bolton,62,12.6,82,3.4,0,261,5,10,8,6.6,8,65.56,Average
3229,Gina Yates,45,9.53,83,4.9,5,0,1,10,5,9.0,10,42.89,Needs Improvement
3230,Jesse Clark,73,14.08,53,4.8,4,57,9,8,9,8.2,9,46.81,Needs Improvement
3231,Johnny Reeves,75,11.13,99,4.9,8,162,6,7,3,9.7,1,71.48,Average
3232,Annette Boyer,74,12.4,72,3.1,6,31,10,1,3,7.8,3,40.95,Needs Improvement
3233,Christopher Warner,75,13.92,95,3.9,1,100,6,9,2,5.2,9,40.09,Needs Improvement
3234,Sarah Rose,40,8.36,72,1.8,8,202,8,1,1,9.6,2,33.81,Needs Improvement
3235,Alyssa Gonzalez,40,8.39,62,1.5,3,61,5,6,8,11.1,7,44.01,Needs Improvement
3236,Bill Lambert,46,3.83,83,3.5,8,96,2,6,2,8.1,2,38.9,Needs Improvement
3237,Mr. Jack Winters,76,6.29,94,4.8,2,83,4,1,4,9.6,9,62.1,Average
3238,Kevin Lewis,78,2.9,98,3.1,8,157,4,9,8,7.7,6,59.8,Needs Improvement
3239,Elizabeth Vaughn,96,1.43,84,1.2,5,152,9,8,8,7.5,7,60.07,Average
3240,Elizabeth Villa,74,5.56,88,2.3,6,164,7,10,7,3.4,7,53.43,Needs Improvement
3241,William Miller,90,3.08,63,2.7,1,177,9,1,3,8.1,5,75.34,Average
3242,Adrian Mason,94,3.41,92,1.1,10,216,2,3,4,6.2,9,28.13,Needs Improvement
3243,Benjamin Smith,60,2.84,95,3.8,3,112,3,10,5,9.5,8,71.68,Average
3244,Julie Reynolds,42,2.67,90,1.6,7,289,4,7,7,5.0,6,39.92,Needs Improvement
3245,Matthew Bailey,41,5.45,67,4.1,4,49,10,10,7,11.0,2,65.36,Average
3246,Amy Mosley MD,83,3.49,69,4.6,5,184,10,6,6,10.8,5,77.13,Average
3247,Brent Powers,88,4.77,90,1.5,1,184,6,10,3,5.4,2,63.79,Average
3248,Leslie Mcdaniel,67,13.45,54,3.2,8,44,5,2,1,2.1,7,7.49,Needs Improvement
3249,Jerry Russell PhD,90,4.33,55,4.3,8,46,2,4,1,8.9,4,53.19,Needs Improvement
3250,Elizabeth Scott,73,4.62,83,2.0,0,245,2,3,5,7.5,6,55.45,Needs Improvement
3251,Christian Harris,94,5.57,67,3.2,5,177,9,8,7,7.3,8,58.16,Needs Improvement
3252,Allen Pierce,46,12.22,55,2.4,4,217,6,8,5,4.1,10,20.57,Needs Improvement
3253,John Graves,54,2.52,99,1.1,8,137,7,3,8,3.3,10,28.12,Needs Improvement
3254,Kayla Fisher,44,9.98,75,2.6,9,224,4,6,6,8.9,1,40.43,Needs Improvement
3255,Ryan Davis,75,5.91,73,3.4,1,238,2,1,5,11.6,4,67.2,Average
3256,Brian Hernandez,77,14.43,81,4.7,3,136,7,3,6,4.9,8,37.57,Needs Improvement
3257,Mrs. Marissa Dominguez,84,1.98,80,1.9,9,234,3,9,3,9.2,4,59.14,Needs Improvement
3258,Grant Roman,41,6.4,94,2.2,0,152,8,2,2,7.9,8,49.59,Needs Improvement
3259,Morgan Alexander,72,11.44,64,2.2,1,208,3,3,10,8.5,10,37.9,Needs Improvement
3260,Mark Williams,85,4.59,71,4.2,2,231,9,2,9,6.0,5,65.93,Average
3261,Eric Aguilar,68,1.52,54,1.8,2,227,1,3,4,11.1,9,55.81,Needs Improvement
3262,Harold Ortega,86,11.64,94,3.9,9,116,6,2,10,10.8,7,43.48,Needs Improvement
3263,James Vega,67,13.2,86,1.6,10,241,3,10,4,8.7,2,41.53,Needs Improvement
3264,Leonard Hall,45,9.18,57,4.2,3,42,2,5,7,10.9,4,46.94,Needs Improvement
3265,Mark Hernandez,71,13.91,65,3.5,6,198,4,1,7,9.2,5,34.8,Needs Improvement
3266,Michelle Smith,74,14.91,60,4.6,3,221,1,5,4,5.4,10,30.21,Needs Improvement
3267,Brianna Li,61,8.74,62,2.2,10,10,5,6,4,2.7,10,1.99,Needs Improvement
3268,Tonya Garrison,86,5.31,67,3.3,0,272,10,6,9,10.2,1,85.77,Excellent
3269,Aaron Arroyo,67,10.27,85,3.4,8,116,8,4,4,2.7,6,24.59,Needs Improvement
3270,Andrew Moore,82,9.44,90,3.1,10,39,10,7,5,8.8,2,56.52,Needs Improvement
3271,Joshua Gonzalez,50,2.09,73,3.4,3,231,7,8,5,4.5,3,58.15,Needs Improvement
3272,Christine Mcdonald,65,5.46,75,1.6,2,223,4,10,7,5.9,1,64.89,Average
3273,Timothy Myers,77,6.62,81,3.9,1,241,1,3,7,11.8,8,64.56,Average
3274,Felicia Jones,95,14.16,59,2.7,7,239,10,7,2,11.4,8,52.83,Needs Improvement
3275,Kelly Pittman,75,13.31,78,1.1,10,296,1,6,4,5.0,10,12.56,Needs Improvement
3276,Sarah Chaney,49,4.78,87,1.7,5,120,10,10,4,12.0,3,65.49,Average
3277,Leah Horne,67,2.69,81,1.6,0,281,1,8,4,8.8,9,56.02,Needs Improvement
3278,Mrs. Lisa Elliott,49,2.3,91,1.4,7,131,10,10,3,8.8,9,57.49,Needs Improvement
3279,Joseph Cowan,85,14.84,89,1.3,2,61,3,6,3,8.4,9,34.54,Needs Improvement
3280,Timothy Flores,78,4.44,91,2.9,7,131,7,3,9,3.3,9,45.34,Needs Improvement
3281,David Lane,62,9.26,75,1.1,1,1,1,8,4,5.2,10,26.65,Needs Improvement
3282,Melinda White,82,8.33,58,1.8,4,258,9,2,10,5.8,1,56.67,Needs Improvement
3283,Robert Blake PhD,97,1.46,87,1.6,3,259,3,4,1,2.7,5,55.7,Needs Improvement
3284,Lindsay Diaz,97,9.98,56,4.7,1,78,7,5,7,7.2,7,58.76,Needs Improvement
3285,Tiffany Gibbs,53,5.44,94,4.3,3,199,1,6,2,8.3,9,61.37,Average
3286,Justin Morales,51,10.44,60,3.8,6,178,8,5,1,9.1,5,41.05,Needs Improvement
3287,Kenneth Perez,42,12.07,67,3.6,2,298,5,9,7,9.9,3,62.96,Average
3288,Anna Castro,96,8.34,98,3.8,1,197,9,8,6,4.9,9,73.75,Average
3289,Katherine Johnson,63,8.05,83,3.0,3,41,1,10,9,3.5,2,56.46,Needs Improvement
3290,Amanda Cohen,70,10.26,56,1.2,0,211,6,5,5,3.2,1,52.41,Needs Improvement
3291,Amanda Norton,79,1.24,57,3.5,2,33,8,8,3,7.2,9,51.0,Needs Improvement
3292,Robin Flores,65,3.56,89,3.4,7,254,1,6,9,6.3,7,51.77,Needs Improvement
3293,Jason Holmes,59,14.37,70,4.8,4,200,2,10,2,9.7,3,58.14,Needs Improvement
3294,Melissa Sanders,50,6.06,65,2.2,2,10,3,8,7,6.8,9,37.91,Needs Improvement
3295,Shirley Joseph,90,4.06,79,1.9,10,247,5,1,3,9.5,4,52.72,Needs Improvement
3296,Cynthia Aguirre,49,5.98,75,4.5,6,173,7,10,7,5.7,9,47.27,Needs Improvement
3297,Rachel Turner,41,10.35,89,2.0,7,166,4,4,3,3.9,6,22.95,Needs Improvement
3298,Jennifer Robinson,49,9.03,68,4.1,2,208,10,6,9,8.3,10,63.38,Average
3299,Michael Garcia,41,10.27,81,3.1,6,76,7,4,10,6.4,4,27.63,Needs Improvement
3300,Tyler Hughes,85,5.77,63,1.5,2,187,1,4,5,11.0,4,53.3,Needs Improvement
3301,Justin Moore,97,4.4,59,3.3,8,78,2,4,1,7.3,7,39.34,Needs Improvement
3302,Sherry Hernandez,54,9.78,81,4.2,9,104,4,5,1,9.7,10,30.54,Needs Improvement
3303,Wendy Riggs,89,9.93,95,3.0,4,38,10,9,9,10.0,4,77.5,Average
3304,Ryan Werner,46,11.31,85,4.2,8,206,3,10,1,7.8,6,51.18,Needs Improvement
3305,Maurice Graves,98,1.89,66,4.1,3,243,7,9,3,6.4,4,82.18,Excellent
3306,James Reese,75,3.74,61,2.4,6,195,8,4,10,3.0,7,42.87,Needs Improvement
3307,Laura Chang,41,3.3,77,2.2,8,56,10,7,2,6.6,2,39.2,Needs Improvement
3308,Jeffrey Clarke,73,2.94,57,2.7,3,99,2,2,5,2.9,8,28.75,Needs Improvement
3309,Melinda Rodriguez,75,6.92,73,2.6,0,253,9,8,1,8.5,3,72.31,Average
3310,Lindsay Burton,72,1.1,71,1.7,2,236,10,2,9,6.9,4,77.93,Average
3311,Sharon Alvarado,97,15.0,60,4.9,8,188,2,6,5,4.6,7,33.02,Needs Improvement
3312,Nicholas Bennett,43,2.5,98,3.0,3,187,4,8,10,11.8,3,71.03,Average
3313,Shawn Gay,40,3.79,78,2.2,5,291,9,7,2,10.0,8,52.31,Needs Improvement
3314,Christina Palmer,67,13.28,68,3.0,10,202,9,9,6,2.5,6,21.18,Needs Improvement
3315,Philip Gross,50,7.2,51,3.7,5,109,4,3,1,9.6,7,37.8,Needs Improvement
3316,Robert Evans,94,7.25,56,2.5,7,71,9,9,7,8.0,9,39.49,Needs Improvement
3317,Roger Rogers,50,10.2,99,3.8,2,177,8,7,8,3.6,9,50.88,Needs Improvement
3318,Mandy Adkins,80,10.49,64,3.2,5,170,4,6,3,4.5,10,39.28,Needs Improvement
3319,Brooke Oliver,42,6.75,93,2.2,1,188,1,7,1,2.2,4,39.7,Needs Improvement
3320,David Clark,85,4.02,92,1.6,5,221,8,10,1,7.4,2,69.1,Average
3321,Michelle Freeman,98,12.67,85,1.1,1,213,10,9,9,3.9,2,68.87,Average
3322,Douglas Reyes,51,10.33,68,2.5,9,221,3,6,2,2.4,8,18.14,Needs Improvement
3323,Christian Green,98,10.07,92,2.7,9,66,3,8,3,11.5,5,53.27,Needs Improvement
3324,Shawn Jackson,94,14.8,50,4.7,3,198,9,9,1,8.6,4,56.15,Needs Improvement
3325,Glen Serrano,46,6.52,74,4.2,2,45,2,10,3,7.7,6,43.83,Needs Improvement
3326,Michelle Dudley,85,14.74,70,2.5,0,245,6,1,2,10.0,1,52.99,Needs Improvement
3327,William Hill,97,2.33,71,2.0,7,114,3,1,3,11.9,3,56.64,Needs Improvement
3328,David Russo,63,6.49,77,1.7,2,86,6,2,8,6.4,8,38.71,Needs Improvement
3329,Paula Klein,100,3.43,52,2.6,3,44,6,6,5,3.7,8,46.62,Needs Improvement
3330,Jeffrey Colon MD,73,2.26,100,4.8,0,8,5,5,4,3.9,1,76.03,Average
3331,William Fisher,80,1.63,65,2.3,9,51,7,4,1,4.9,9,29.88,Needs Improvement
3332,Jordan Gutierrez II,45,11.98,83,1.6,3,27,2,10,4,3.2,8,17.59,Needs Improvement
3333,Veronica Cook,82,4.28,62,1.5,10,264,8,10,1,2.4,5,38.34,Needs Improvement
3334,Nicole Bennett,78,11.76,57,3.2,4,194,8,6,6,2.0,5,36.88,Needs Improvement
3335,Jessica Henderson,98,11.82,68,2.6,4,1,5,3,3,5.8,2,30.94,Needs Improvement
3336,Shelby Wilson,62,11.5,66,3.9,7,277,3,6,7,6.5,8,41.45,Needs Improvement
3337,Linda Palmer,71,1.26,82,3.3,8,161,3,7,10,5.7,7,53.77,Needs Improvement
3338,Stacey Thomas,40,4.29,82,4.5,4,144,10,4,4,6.5,10,51.93,Needs Improvement
3339,Charles Freeman,84,1.47,100,3.0,1,288,4,5,10,8.8,3,88.86,Excellent
3340,Bridget Turner,51,10.86,90,4.5,1,207,3,9,6,7.4,6,58.47,Needs Improvement
3341,Amanda Lee,51,3.7,96,3.0,3,126,10,10,3,9.9,10,66.99,Average
3342,Peter Jackson,50,2.09,65,4.7,5,16,10,10,3,4.3,1,60.5,Average
3343,Laura Butler,69,2.21,69,4.9,6,183,8,3,5,11.0,8,62.01,Average
3344,Sarah Sloan,67,6.84,57,3.1,4,256,9,6,2,6.1,10,46.32,Needs Improvement
3345,George Moreno,89,14.26,69,2.4,1,153,9,2,9,3.7,7,40.82,Needs Improvement
3346,Darius Miller,86,9.8,73,4.7,3,161,9,4,4,8.1,4,72.65,Average
3347,Felicia Gibbs,44,2.72,93,3.4,2,58,1,2,4,2.6,1,42.14,Needs Improvement
3348,David Lowe,71,2.56,79,3.8,0,110,4,4,2,8.2,6,68.65,Average
3349,Jonathan Paul,90,11.52,53,2.9,6,62,3,8,1,7.6,3,44.46,Needs Improvement
3350,Michael Salas,87,5.61,65,1.6,10,300,3,5,2,11.4,2,49.44,Needs Improvement
3351,William Bowman,74,13.21,68,2.1,3,111,10,10,5,6.6,7,49.13,Needs Improvement
3352,Brittany Brown,83,4.32,90,2.0,2,80,4,5,9,2.5,3,54.5,Needs Improvement
3353,Gordon Jones,53,11.17,55,4.1,0,187,10,4,1,10.1,3,60.23,Average
3354,Crystal Davis,85,4.04,80,4.2,1,240,1,1,9,6.9,4,62.52,Average
3355,Francisco Ferrell,49,13.15,84,2.2,1,247,7,2,4,2.2,1,37.99,Needs Improvement
3356,Lisa Herrera,81,2.03,100,1.5,4,217,3,5,7,4.4,5,44.65,Needs Improvement
3357,Michael Lester,43,13.11,92,2.6,7,248,9,1,6,4.8,6,27.9,Needs Improvement
3358,Lori Edwards,74,10.19,85,4.2,1,12,1,6,5,5.5,7,39.84,Needs Improvement
3359,Janet Hall,56,7.79,87,3.9,2,218,2,1,10,10.4,9,49.15,Needs Improvement
3360,Justin Campbell,98,5.88,59,3.0,3,47,6,1,6,4.9,9,48.43,Needs Improvement
3361,Matthew Pena,79,13.32,78,3.1,9,180,6,9,10,9.2,10,39.54,Needs Improvement
3362,Colleen Moore DVM,40,8.33,76,1.7,4,204,2,10,5,7.9,3,42.74,Needs Improvement
3363,Caitlyn Gaines,75,4.85,65,3.9,8,43,10,4,5,10.2,10,55.83,Needs Improvement
3364,Cathy Lucero,63,2.22,79,3.2,1,101,1,9,7,7.5,5,68.34,Average
3365,Michael Johnson,76,1.04,99,2.1,6,20,2,1,9,7.7,2,55.2,Needs Improvement
3366,Renee Warren,51,13.79,89,3.8,9,155,2,8,5,10.9,4,49.94,Needs Improvement
3367,Sarah Bernard,42,9.37,56,1.3,8,114,1,7,9,7.1,10,16.04,Needs Improvement
3368,Lisa Salinas,72,4.18,79,1.1,9,0,3,2,9,5.1,2,23.53,Needs Improvement
3369,Dawn Powers,72,13.02,79,2.2,9,123,6,5,10,8.4,5,39.71,Needs Improvement
3370,Terry Reed,95,2.47,93,1.1,6,97,7,7,4,2.4,8,41.21,Needs Improvement
3371,Crystal Dodson,43,1.56,94,2.9,2,129,10,6,7,7.0,6,62.97,Average
3372,Edward Berger,61,13.67,84,3.7,1,206,7,6,1,6.2,1,54.94,Needs Improvement
3373,Annette Brown,58,8.8,77,2.6,8,55,7,10,2,9.0,6,42.94,Needs Improvement
3374,Carmen Norris,43,11.53,94,2.9,7,106,5,9,2,10.9,3,43.03,Needs Improvement
3375,Charles Bradley,94,7.91,68,4.4,1,277,5,10,4,10.4,10,67.65,Average
3376,Katherine Reynolds,51,4.92,67,1.3,7,164,8,9,4,8.8,5,43.21,Needs Improvement
3377,Kelly Brewer,98,9.41,73,3.3,1,219,4,2,5,8.3,8,47.78,Needs Improvement
3378,Kimberly Richardson,60,4.95,81,3.6,6,211,4,10,4,11.8,1,74.01,Average
3379,Katherine Kelly,97,2.99,75,1.2,3,196,8,2,2,4.2,8,56.86,Needs Improvement
3380,Sara Nelson,89,7.74,62,2.9,6,52,10,4,10,3.0,6,33.32,Needs Improvement
3381,Robert Fitzgerald,73,2.64,89,2.3,1,111,8,8,7,8.6,10,65.37,Average
3382,Breanna Perez,52,8.74,90,3.3,2,65,10,2,2,9.0,4,55.14,Needs Improvement
3383,Brooke Rice,95,12.15,89,1.5,6,278,9,10,1,6.0,3,55.86,Needs Improvement
3384,Ashley Miller,47,14.41,77,1.4,3,188,10,5,3,9.9,6,37.53,Needs Improvement
3385,Lisa Sanders,64,4.46,100,4.9,8,19,9,7,4,11.3,5,60.43,Average
3386,Lisa Manning,87,3.87,94,2.5,2,177,1,9,1,3.9,6,51.02,Needs Improvement
3387,Brian Smith,80,11.34,72,5.0,5,130,6,7,7,2.1,3,45.77,Needs Improvement
3388,Devin Kramer,81,14.08,89,3.5,7,257,8,3,8,8.0,9,37.64,Needs Improvement
3389,Lori Luna,86,2.62,80,3.3,9,259,10,10,4,9.8,9,66.99,Average
3390,Olivia Rogers,40,8.16,73,1.9,7,211,2,2,6,8.8,10,31.91,Needs Improvement
3391,Rebecca Mcgee,74,8.01,86,1.7,4,209,8,9,2,6.4,8,53.03,Needs Improvement
3392,Daniel Wall,83,12.36,90,2.7,2,256,7,7,2,10.4,10,53.88,Needs Improvement
3393,Lisa Bell MD,84,7.61,94,2.7,0,217,5,3,4,11.2,6,72.23,Average
3394,Jon Sullivan,51,12.04,66,3.1,9,185,5,10,6,4.9,8,26.32,Needs Improvement
3395,Jose Bailey,62,7.81,87,1.6,6,292,7,6,8,10.2,7,54.78,Needs Improvement
3396,Karen Lopez,85,6.14,87,1.9,4,82,5,7,9,11.1,8,55.9,Needs Improvement
3397,William Bell,60,9.51,75,4.4,3,34,1,5,2,7.1,2,43.04,Needs Improvement
3398,Cassandra Pittman,56,13.56,91,2.4,2,203,10,1,7,5.1,9,39.91,Needs Improvement
3399,Dustin Smith,44,1.28,54,1.5,3,299,8,4,4,11.0,8,57.62,Needs Improvement
3400,David Hart,40,8.26,78,1.7,5,196,10,6,4,8.1,1,51.93,Needs Improvement
3401,Roberto Hays,48,1.19,96,2.9,3,132,5,9,1,11.8,3,69.6,Average
3402,Aaron Carr,78,5.7,64,1.3,8,129,3,7,5,6.2,9,30.32,Needs Improvement
3403,Andrew Miller,74,2.87,87,4.7,3,115,7,6,2,9.7,6,77.76,Average
3404,Jennifer Johnson,51,3.5,64,4.6,4,81,10,8,6,6.7,1,79.13,Average
3405,Michael White,42,8.18,61,4.1,5,73,3,9,4,8.6,4,50.81,Needs Improvement
3406,Megan Smith,97,10.93,83,3.5,9,83,4,10,10,4.2,3,47.01,Needs Improvement
3407,Richard Johnson,60,6.36,59,2.0,6,75,7,8,1,2.3,3,29.95,Needs Improvement
3408,Jamie Hart,71,2.16,62,3.1,9,197,4,6,7,6.9,8,46.76,Needs Improvement
3409,Sandra Williamson,60,10.64,98,1.4,1,107,3,1,6,8.8,8,32.88,Needs Improvement
3410,Jonathan Reynolds,47,3.14,80,4.9,6,102,3,3,10,2.9,8,46.32,Needs Improvement
3411,Phillip Robinson,82,14.92,83,3.5,6,208,2,7,9,8.7,8,43.79,Needs Improvement
3412,Randy Carter,89,7.96,64,5.0,3,196,1,10,10,7.2,4,59.95,Needs Improvement
3413,Lindsay Cobb,67,13.47,94,2.5,0,179,10,3,5,6.2,5,47.75,Needs Improvement
3414,Patricia Wilson,60,2.99,76,2.6,9,258,6,8,4,3.4,4,48.89,Needs Improvement
3415,Jennifer Cervantes,42,4.88,81,1.5,10,49,9,9,3,3.2,3,21.52,Needs Improvement
3416,Zachary Delacruz,42,2.57,50,4.8,0,177,7,7,3,3.7,6,49.14,Needs Improvement
3417,Scott Evans,55,13.24,67,1.3,7,257,4,9,4,4.4,10,18.77,Needs Improvement
3418,Michelle Mcclain,45,10.9,68,4.8,1,46,7,1,5,11.0,2,60.74,Average
3419,Bryan Nixon,66,9.73,90,3.7,9,64,5,4,5,10.7,3,53.61,Needs Improvement
3420,Edward Skinner,57,3.77,64,4.8,1,89,3,8,6,6.3,10,48.22,Needs Improvement
3421,John Harris,55,7.16,55,3.5,4,159,5,3,3,6.9,8,37.78,Needs Improvement
3422,Daniel Farrell,43,10.79,71,2.4,10,218,7,7,6,3.4,8,8.4,Needs Improvement
3423,Taylor Reynolds,57,13.12,65,3.8,7,172,3,9,5,8.8,7,41.49,Needs Improvement
3424,Donald Gamble,95,9.78,54,1.9,6,163,8,6,6,6.0,3,44.4,Needs Improvement
3425,James Williams,49,2.9,99,3.0,8,15,4,4,10,10.8,8,47.73,Needs Improvement
3426,Kimberly Duncan,57,6.64,93,3.9,1,72,10,6,1,6.5,8,56.73,Needs Improvement
3427,Timothy Simmons,98,7.45,91,3.6,5,225,3,8,4,5.0,8,50.77,Needs Improvement
3428,James Diaz,98,3.54,54,2.6,9,116,3,9,10,5.7,5,43.63,Needs Improvement
3429,Alyssa Mcguire,81,8.1,83,2.3,10,217,1,3,4,7.3,2,39.83,Needs Improvement
3430,Justin Downs,95,1.76,76,1.4,3,181,6,2,2,11.4,1,76.3,Average
3431,Emily Hodge,76,7.45,84,3.0,10,215,10,10,6,4.0,3,54.04,Needs Improvement
3432,Alison Gonzalez,83,10.93,62,2.9,3,71,5,2,8,8.1,7,50.66,Needs Improvement
3433,Deborah Martinez,45,8.08,95,4.2,0,245,10,8,1,8.4,4,75.77,Average
3434,Carolyn Sharp,53,4.64,73,2.3,1,264,2,5,6,6.7,7,51.81,Needs Improvement
3435,Patrick Lynn,100,3.49,60,1.8,9,105,9,2,5,4.9,2,41.68,Needs Improvement
3436,Jamie Washington,86,4.46,75,2.4,7,67,6,8,9,2.7,5,42.25,Needs Improvement
3437,Bradley Moses,65,7.02,62,3.3,10,227,6,2,8,11.6,1,50.27,Needs Improvement
3438,Candace Diaz,78,9.27,71,2.8,0,91,1,1,6,4.5,10,33.85,Needs Improvement
3439,Matthew Holland Jr.,64,11.2,82,1.6,5,184,2,3,7,7.5,2,39.42,Needs Improvement
3440,Kent Miller,100,7.45,97,1.4,3,4,1,6,10,9.1,1,61.62,Average
3441,Shane Rodriguez,89,13.18,67,2.9,4,6,10,8,9,4.8,7,38.49,Needs Improvement
3442,Amber Robinson DVM,91,9.12,52,1.7,3,238,10,10,3,3.7,3,51.76,Needs Improvement
3443,April Brown,73,14.48,64,4.5,9,35,8,6,8,2.6,9,14.05,Needs Improvement
3444,Christopher Myers,81,9.19,88,2.2,5,113,10,7,1,9.7,1,59.49,Needs Improvement
3445,Phillip Silva,72,8.24,96,1.5,9,214,7,7,6,8.2,9,43.9,Needs Improvement
3446,Christina Reed,76,13.81,87,1.9,6,242,6,6,7,8.4,6,44.16,Needs Improvement
3447,Craig Berger,74,2.26,82,1.9,7,12,2,8,9,3.4,8,40.01,Needs Improvement
3448,Hannah Herring,40,5.79,52,1.8,6,82,8,9,2,8.2,8,28.36,Needs Improvement
3449,Natalie Cordova,97,9.21,66,4.3,8,37,3,8,6,2.8,5,37.23,Needs Improvement
3450,Amy Simon,78,11.7,66,1.5,7,165,3,5,7,8.6,2,49.13,Needs Improvement
3451,Nancy Henry MD,90,11.78,80,4.4,0,63,10,1,2,7.2,7,45.33,Needs Improvement
3452,Michael Myers,44,3.23,76,1.3,5,119,4,3,5,2.6,9,24.09,Needs Improvement
3453,Adam Rivera,40,9.64,71,3.0,8,64,5,10,1,10.4,4,43.16,Needs Improvement
3454,Jose Watts,90,6.22,98,1.1,5,192,9,7,6,7.8,4,62.91,Average
3455,Adam Dixon,40,11.24,97,3.3,0,137,3,4,9,8.1,6,55.44,Needs Improvement
3456,Scott White,78,3.97,78,1.9,0,168,1,7,2,11.1,9,68.94,Average
3457,Randy Henry,96,9.74,93,3.6,5,55,5,7,8,4.4,9,39.0,Needs Improvement
3458,Sierra Bernard,88,9.87,90,4.6,3,230,1,8,1,8.1,10,53.57,Needs Improvement
3459,Emily Thompson,63,12.08,74,1.8,5,292,2,4,1,3.8,8,29.48,Needs Improvement
3460,Grant Griffith,43,12.04,99,1.9,1,271,8,2,6,8.7,8,45.0,Needs Improvement
3461,Kylie Gonzalez,55,10.36,83,2.4,5,24,6,8,7,4.7,4,34.29,Needs Improvement
3462,Matthew Berry,47,1.34,63,3.2,4,227,3,6,10,2.3,4,49.55,Needs Improvement
3463,Stephanie Padilla,69,5.55,100,4.2,8,231,8,10,6,3.0,7,53.26,Needs Improvement
3464,Laura Robles,52,7.12,63,3.9,5,83,6,7,8,7.0,6,39.81,Needs Improvement
3465,Gregg Watson,65,4.49,56,1.8,3,261,2,8,3,7.7,9,44.15,Needs Improvement
3466,Jonathan Welch,41,14.96,81,4.0,10,144,6,5,6,2.3,4,21.41,Needs Improvement
3467,Mrs. Karen Flowers,94,7.53,70,3.0,7,297,4,6,3,9.4,8,47.61,Needs Improvement
3468,Brian Huff,80,8.8,99,2.7,8,210,4,1,5,3.8,7,36.7,Needs Improvement
3469,Michael Nelson,77,2.17,96,4.8,10,296,4,4,8,9.0,10,51.73,Needs Improvement
3470,Michelle Wolfe,96,6.1,85,3.2,3,152,7,6,2,7.0,3,70.48,Average
3471,Carrie Rodriguez,84,6.37,85,2.0,8,102,3,7,8,8.1,7,42.16,Needs Improvement
3472,Christopher Johnson,56,5.86,53,3.4,1,121,4,1,6,10.6,9,41.04,Needs Improvement
3473,Evelyn Campos,97,4.09,76,1.6,5,38,7,10,4,8.9,3,62.67,Average
3474,Dr. Jerry Wilson Jr.,46,9.57,77,3.9,4,270,9,5,10,9.0,2,64.12,Average
3475,Lindsey Allen,64,1.79,57,3.6,1,243,3,7,6,6.2,8,55.63,Needs Improvement
3476,Alyssa Anderson,66,14.01,84,1.6,3,263,4,7,6,4.7,8,36.71,Needs Improvement
3477,Samantha Sanders,61,3.91,61,4.3,6,217,6,7,6,7.2,3,52.71,Needs Improvement
3478,Kent Murphy,56,1.06,92,1.8,0,133,4,8,5,10.2,5,59.17,Needs Improvement
3479,Angela Glover,66,2.48,52,2.1,9,108,7,2,3,3.6,9,24.02,Needs Improvement
3480,Amanda Casey,80,6.7,65,2.3,9,74,9,5,6,9.5,1,45.35,Needs Improvement
3481,Stephanie Garcia,75,1.86,92,4.6,0,194,7,1,7,5.5,10,66.28,Average
3482,Michele Craig,56,3.43,78,4.1,8,186,3,3,5,6.1,7,43.77,Needs Improvement
3483,Brittney Kim,74,7.25,51,4.6,8,234,2,5,1,7.8,10,36.38,Needs Improvement
3484,Isaiah Rodriguez,60,9.28,61,2.0,10,161,6,1,2,2.6,5,8.58,Needs Improvement
3485,Howard Pearson,97,5.39,75,4.9,4,196,4,3,7,5.5,1,69.1,Average
3486,Angela Duncan MD,45,6.38,76,1.7,3,194,3,9,5,9.9,9,45.39,Needs Improvement
3487,Amanda Lamb,65,7.43,95,2.8,10,121,10,7,5,3.6,4,49.83,Needs Improvement
3488,Timothy Shepherd,97,3.08,81,3.0,1,44,6,3,10,5.7,4,70.43,Average
3489,Ronnie Heath DDS,81,3.41,94,4.2,10,21,1,3,1,3.0,1,37.53,Needs Improvement
3490,Katie Baird,82,4.46,79,2.7,1,237,6,4,7,2.0,6,53.59,Needs Improvement
3491,Nichole Smith PhD,68,13.91,89,2.6,8,297,6,8,5,11.5,5,45.77,Needs Improvement
3492,Michelle Walters,89,6.27,73,1.0,7,11,7,3,4,4.7,10,19.9,Needs Improvement
3493,Dr. Luis Collins DVM,49,9.69,56,2.2,3,90,10,1,5,2.9,6,23.84,Needs Improvement
3494,Benjamin Cox,51,11.62,85,4.6,7,289,1,10,10,2.8,1,50.42,Needs Improvement
3495,David Long,80,5.25,88,2.9,1,91,5,10,1,10.4,7,67.47,Average
3496,Tracy Goodman,54,3.63,68,3.9,9,256,2,10,10,9.4,2,62.01,Average
3497,Angela Baker,70,7.53,73,1.2,10,197,8,8,9,9.9,3,38.86,Needs Improvement
3498,Penny Wright,40,7.48,72,1.7,0,62,6,8,3,3.5,10,38.02,Needs Improvement
3499,Robin Owen,50,4.69,56,2.0,6,297,8,5,5,6.3,1,54.91,Needs Improvement
3500,William Bentley,45,14.74,54,1.7,2,71,3,5,10,5.8,8,10.39,Needs Improvement
3501,Michael Hernandez,45,12.57,65,3.8,7,63,4,5,1,4.1,2,22.63,Needs Improvement
3502,Alicia Franco,72,5.97,80,3.2,0,213,3,9,1,2.5,8,57.22,Needs Improvement
3503,Melanie Reed,48,5.11,82,3.7,7,127,10,3,9,8.8,6,53.52,Needs Improvement
3504,Jennifer Jones,63,6.71,77,1.3,10,66,5,1,6,5.0,2,33.42,Needs Improvement
3505,Janet Mack,99,10.96,66,3.2,4,233,2,8,9,9.8,3,65.6,Average
3506,Jeffery Hawkins,51,6.59,75,1.1,2,31,7,1,4,7.9,6,32.43,Needs Improvement
3507,Rebecca Olson,84,9.51,64,2.6,1,225,10,8,7,10.1,9,59.34,Needs Improvement
3508,Todd Diaz,68,14.98,86,1.5,10,248,8,10,6,4.2,10,25.25,Needs Improvement
3509,Joshua Pham,82,4.0,98,3.2,8,291,5,8,5,5.8,5,51.55,Needs Improvement
3510,Spencer Lopez,51,14.89,86,1.3,0,214,9,9,3,6.8,1,50.47,Needs Improvement
3511,Jeffrey Moran,68,9.27,70,3.7,7,70,1,2,7,6.5,9,21.51,Needs Improvement
3512,Carrie Rose,63,9.47,58,3.0,1,295,7,9,7,5.2,1,61.63,Average
3513,Charlotte Jones,73,11.24,78,4.9,0,169,7,5,5,11.8,10,68.64,Average
3514,Matthew Greene,64,3.56,84,4.0,1,129,5,9,7,3.5,2,63.86,Average
3515,Alyssa Perez,41,8.55,63,2.9,8,34,1,9,1,11.1,5,21.78,Needs Improvement
3516,James Delacruz,96,2.65,86,2.9,0,233,10,10,10,2.6,10,72.05,Average
3517,Amy Cohen,58,7.12,53,3.0,7,11,6,8,8,5.8,1,41.36,Needs Improvement
3518,Brandon Morrow,94,10.34,68,1.0,4,23,9,4,3,7.9,3,52.48,Needs Improvement
3519,Scott Juarez,45,8.91,57,4.3,0,94,3,1,10,2.4,1,41.43,Needs Improvement
3520,Jennifer Price,47,14.67,89,1.2,6,189,7,8,4,8.3,2,36.59,Needs Improvement
3521,Gregory Shelton Jr.,62,5.37,53,2.2,1,161,9,2,10,4.3,2,53.85,Needs Improvement
3522,Michael Brown,70,11.55,52,3.8,6,271,1,10,2,5.7,10,43.85,Needs Improvement
3523,Joseph Webb,43,3.58,81,1.6,0,18,1,3,4,10.6,8,45.71,Needs Improvement
3524,Danielle Church,50,7.52,85,3.9,8,224,7,7,10,3.8,1,50.62,Needs Improvement
3525,Michael Decker,86,14.18,72,1.1,4,98,2,9,4,3.9,9,31.95,Needs Improvement
3526,Curtis Ferguson,81,11.1,85,2.0,0,7,8,1,9,6.2,6,57.87,Needs Improvement
3527,Margaret Schneider,40,13.64,90,2.6,7,189,8,7,6,7.8,10,29.51,Needs Improvement
3528,Perry Carlson,75,8.67,71,2.8,8,295,8,10,5,11.5,3,70.17,Average
3529,James Lee,52,13.66,67,1.6,5,131,5,10,5,4.5,4,21.98,Needs Improvement
3530,Victoria Knight,43,13.15,53,3.1,7,56,5,6,9,10.6,7,27.9,Needs Improvement
3531,Connie Lewis,84,11.81,91,4.7,5,165,4,10,6,4.8,2,57.77,Needs Improvement
3532,Melvin Martinez,81,2.43,75,2.5,4,21,7,4,2,10.9,4,67.31,Average
3533,Joseph Ortiz,96,11.13,79,3.0,4,209,10,4,7,8.4,2,63.69,Average
3534,Maureen Burke,92,9.85,88,2.4,6,76,5,10,4,2.0,9,34.7,Needs Improvement
3535,Vanessa Donovan,72,6.36,53,2.8,6,226,10,7,2,3.6,7,33.81,Needs Improvement
3536,Michael Vazquez,54,8.7,73,4.8,1,249,5,3,9,8.0,2,68.29,Average
3537,Amy Ross,96,5.22,75,2.8,5,211,2,10,3,8.4,4,64.45,Average
3538,Benjamin Carroll,97,5.28,89,2.2,5,138,6,5,6,2.7,2,69.0,Average
3539,Victoria Jimenez,92,3.46,73,4.1,1,93,8,3,6,11.4,4,82.01,Excellent
3540,Dana Clark,74,13.84,97,1.3,10,173,4,7,10,5.6,8,20.37,Needs Improvement
3541,Angela Lawrence,73,6.98,87,3.4,10,244,2,5,2,8.1,2,52.26,Needs Improvement
3542,Maurice White,54,10.88,57,3.0,3,38,4,8,10,10.3,3,45.7,Needs Improvement
3543,Victoria Meyers,43,3.92,87,4.8,9,44,10,7,6,3.6,4,46.15,Needs Improvement
3544,Nicole Glenn,56,6.55,88,2.1,2,90,5,2,6,3.7,3,38.96,Needs Improvement
3545,Nicolas Miller,66,6.9,85,5.0,7,66,9,9,3,11.5,4,65.23,Average
3546,Melissa Nelson,67,7.26,76,4.8,8,27,3,7,7,4.3,6,29.82,Needs Improvement
3547,Justin Bryant,59,11.51,75,2.2,4,107,10,6,3,7.7,10,33.85,Needs Improvement
3548,John Barron,56,5.81,63,4.4,0,143,4,2,1,7.1,8,45.63,Needs Improvement
3549,Cheryl Miller,61,12.47,94,3.5,6,83,5,8,5,10.7,6,48.25,Needs Improvement
3550,Kristina Preston,40,2.58,99,3.2,6,286,8,10,5,8.5,6,64.41,Average
3551,Thomas Sanchez,61,14.68,94,3.8,1,184,6,1,9,5.2,1,53.2,Needs Improvement
3552,Daniel Mcfarland,70,11.05,66,1.9,8,114,2,4,4,3.9,5,22.58,Needs Improvement
3553,Ralph Huang,45,8.84,94,1.7,2,36,10,10,3,12.0,8,57.81,Needs Improvement
3554,Robert Wilcox,46,5.02,52,1.9,5,288,9,2,3,7.6,3,49.26,Needs Improvement
3555,Brian Garcia,42,6.28,85,3.3,9,84,2,10,8,5.6,2,37.01,Needs Improvement
3556,John Cain,74,5.61,57,3.4,0,293,1,5,1,9.0,5,67.54,Average
3557,Jill Woods,61,11.58,62,1.9,8,168,1,7,4,9.5,10,16.87,Needs Improvement
3558,Samantha Campbell,97,4.25,54,3.1,9,258,4,3,3,9.9,4,59.95,Needs Improvement
3559,Amanda Summers,95,6.45,78,1.7,0,278,1,9,9,11.8,2,76.69,Average
3560,Amanda Dunn,69,6.28,96,4.0,9,289,4,2,3,7.9,8,43.67,Needs Improvement
3561,Ryan Sutton,76,3.99,60,3.4,6,212,7,1,3,4.2,2,52.99,Needs Improvement
3562,Ross Torres,75,2.18,63,1.8,5,94,6,5,1,10.2,5,57.22,Needs Improvement
3563,Deanna Perry,58,1.83,83,1.7,4,219,4,7,4,7.9,2,51.62,Needs Improvement
3564,Jamie Navarro,86,10.22,93,1.8,1,31,6,7,5,5.8,10,49.3,Needs Improvement
3565,Tasha Butler,100,5.71,76,2.2,7,210,3,5,6,6.9,2,54.79,Needs Improvement
3566,Craig Castillo,74,4.11,96,3.7,1,300,10,4,3,5.3,3,85.48,Excellent
3567,Cory Perez,45,13.69,83,2.9,6,57,4,5,2,6.8,10,8.2,Needs Improvement
3568,Edward Shaw,88,4.96,63,4.7,8,168,8,8,4,3.8,9,42.15,Needs Improvement
3569,Dr. Cody Garza Jr.,74,12.92,88,3.9,5,98,6,6,10,12.0,7,54.23,Needs Improvement
3570,Cathy Nguyen,85,8.76,83,3.9,3,238,7,8,10,3.2,7,60.64,Average
3571,Peter Gardner,59,3.85,100,3.0,7,0,2,8,8,9.8,8,52.51,Needs Improvement
3572,Ashley Price,74,8.83,64,2.2,5,273,2,2,4,9.9,6,41.26,Needs Improvement
3573,Eric Hall,76,4.69,92,2.3,1,142,8,10,4,10.4,1,76.9,Average
3574,Thomas Allen,72,13.64,75,2.2,3,115,4,4,4,3.2,4,36.03,Needs Improvement
3575,Richard Wilson,78,4.35,91,2.0,6,117,2,6,5,4.3,1,55.42,Needs Improvement
3576,Manuel Williams,67,14.79,84,3.0,2,153,8,3,7,8.6,7,44.83,Needs Improvement
3577,Ashley Aguilar,50,3.98,50,1.5,4,189,10,5,8,5.9,1,53.22,Needs Improvement
3578,Melissa Greene,42,2.67,80,2.5,0,21,8,6,4,9.9,8,73.83,Average
3579,Laura Smith,53,8.25,71,4.4,10,286,9,8,7,9.8,7,55.12,Needs Improvement
3580,Brandon Thomas,46,11.81,56,2.5,5,148,4,7,3,7.8,3,32.95,Needs Improvement
3581,Elizabeth Gonzales,47,4.58,80,4.9,9,64,4,9,5,9.3,4,50.72,Needs Improvement
3582,Susan Gordon,94,8.95,71,3.3,1,157,10,2,3,6.7,6,53.03,Needs Improvement
3583,Melissa Ayers,90,11.42,91,3.7,3,150,9,2,3,11.5,2,64.46,Average
3584,William Baker,67,1.82,89,2.9,8,229,2,9,5,10.9,1,71.9,Average
3585,Jacob Rivera,87,6.61,79,2.2,0,51,2,1,3,8.0,3,47.52,Needs Improvement
3586,Emily Schneider,84,14.3,86,3.6,2,224,9,1,8,11.4,3,65.25,Average
3587,Daniel Torres,77,11.03,85,1.5,4,118,5,4,6,4.6,6,21.64,Needs Improvement
3588,Emily Davis,98,7.3,89,2.3,1,6,8,4,6,6.3,5,50.41,Needs Improvement
3589,Kevin Patrick,96,5.44,51,4.5,8,206,5,5,5,9.5,10,63.35,Average
3590,Bobby Moore,49,7.62,70,2.5,0,137,2,1,8,6.9,4,48.47,Needs Improvement
3591,Amy Lewis,45,1.51,54,3.0,5,111,6,3,4,4.7,7,28.09,Needs Improvement
3592,Ryan Carter,64,11.21,90,2.1,2,8,4,10,2,4.9,5,41.36,Needs Improvement
3593,Lauren Smith,91,8.58,76,1.9,5,142,9,8,9,2.6,8,35.58,Needs Improvement
3594,Angela Jefferson,78,10.24,79,3.3,3,129,5,6,6,9.9,1,62.93,Average
3595,Jose Gutierrez,58,8.61,71,3.3,0,112,5,8,10,9.4,8,55.73,Needs Improvement
3596,Daniel Gonzalez,62,3.21,57,4.9,8,239,6,3,4,10.4,1,60.85,Average
3597,Renee Lopez,53,13.33,66,2.7,0,125,6,2,1,11.9,6,46.68,Needs Improvement
3598,Jeffery Christensen,49,12.26,71,4.2,2,142,7,9,5,6.0,5,44.03,Needs Improvement
3599,Misty Phillips,63,1.46,61,3.9,6,229,4,10,9,8.2,1,75.82,Average
3600,Susan Carroll,81,4.57,58,1.2,7,153,6,2,5,7.3,6,42.67,Needs Improvement
3601,Karen Scott,73,13.23,73,1.8,2,259,2,2,6,2.9,8,25.14,Needs Improvement
3602,Joshua Jones,68,5.11,99,3.7,9,92,4,4,5,7.1,4,46.72,Needs Improvement
3603,Denise Santana,83,2.2,88,1.8,2,46,9,6,6,7.5,9,55.4,Needs Improvement
3604,Mary Scott,83,10.5,63,2.7,3,46,6,10,7,8.9,7,45.3,Needs Improvement
3605,Holly Williams,100,9.3,98,3.6,6,272,6,10,7,4.0,6,59.89,Needs Improvement
3606,Michael Orozco,57,4.42,75,1.2,3,106,3,8,10,4.1,5,37.47,Needs Improvement
3607,Mr. Norman Smith,91,10.32,85,3.8,9,14,5,2,7,6.2,5,39.63,Needs Improvement
3608,Madison Barr,88,1.54,86,4.9,8,80,2,3,5,3.6,5,47.64,Needs Improvement
3609,Gregory Burgess,88,3.75,85,4.0,7,212,7,8,6,11.8,2,77.31,Average
3610,Mrs. Heather Steele,77,2.44,81,2.1,10,297,4,3,1,10.1,7,44.4,Needs Improvement
3611,Susan Lucas,79,11.85,73,4.0,6,74,1,4,7,3.6,8,30.87,Needs Improvement
3612,Steven Newman,61,7.99,77,4.6,6,240,9,6,8,11.2,2,81.57,Excellent
3613,Dustin Farmer MD,41,11.97,70,2.3,9,89,4,9,4,8.4,2,36.39,Needs Improvement
3614,Willie Thompson,78,6.68,90,2.0,4,119,10,10,4,10.3,5,71.62,Average
3615,Kristen Williams,88,9.92,50,4.1,2,65,6,7,2,9.8,5,53.74,Needs Improvement
3616,Eric Madden,42,6.48,98,1.0,3,27,5,4,4,6.5,9,33.5,Needs Improvement
3617,Rebecca Carter,50,3.86,94,4.9,5,169,5,5,4,7.4,10,55.68,Needs Improvement
3618,Dana Miller,40,6.35,50,5.0,5,101,1,7,5,2.4,7,36.54,Needs Improvement
3619,Gregory West,75,6.58,64,3.3,4,287,5,8,7,3.1,1,60.88,Average
3620,Katherine Nelson,58,3.63,82,4.0,7,225,8,2,5,10.9,4,69.22,Average
3621,Linda Mcintosh,49,9.07,67,3.3,10,215,4,1,1,7.3,5,22.74,Needs Improvement
3622,Laura Harrison,56,8.13,68,2.2,7,76,9,5,2,4.6,4,31.36,Needs Improvement
3623,Julie Griffin,53,9.67,97,1.5,8,220,9,2,1,3.7,10,17.98,Needs Improvement
3624,Katrina Cardenas,98,14.99,65,1.9,9,108,1,7,10,6.5,6,25.75,Needs Improvement
3625,Carrie Garrett,82,9.06,89,2.2,4,119,2,6,10,5.1,8,35.85,Needs Improvement
3626,Joseph Burns,57,9.34,98,2.6,9,210,1,2,10,4.5,7,21.23,Needs Improvement
3627,Megan Thomas,72,2.48,50,4.8,0,65,6,1,4,5.6,9,57.4,Needs Improvement
3628,Joshua Dickson,44,2.11,70,4.3,6,13,5,6,9,5.2,1,53.9,Needs Improvement
3629,Charles Hensley,79,2.53,75,1.2,4,154,3,8,6,9.6,7,60.19,Average
3630,Heather Cross,63,13.48,75,1.4,9,138,8,8,7,3.2,3,25.27,Needs Improvement
3631,Tamara Burnett,45,6.33,81,1.1,10,293,4,5,9,2.8,5,24.97,Needs Improvement
3632,Ronald Murphy,49,10.64,70,2.3,10,20,6,3,5,4.4,9,5.2,Needs Improvement
3633,Jamie Martin,86,1.7,89,2.8,6,3,5,8,10,5.6,10,50.65,Needs Improvement
3634,Kenneth Garcia,41,10.07,51,2.7,6,84,7,2,4,2.5,5,16.6,Needs Improvement
3635,Megan Deleon,87,7.75,77,4.3,8,150,3,6,5,2.3,3,35.98,Needs Improvement
3636,Daniel Myers,88,2.86,63,1.9,1,55,3,5,7,10.8,8,58.33,Needs Improvement
3637,Kayla Stark,55,6.51,73,2.0,9,118,2,9,8,8.3,7,40.94,Needs Improvement
3638,John Anderson,76,8.5,54,3.1,9,206,8,5,5,8.0,7,34.34,Needs Improvement
3639,Jasmine Wiley,55,5.03,78,4.5,2,279,7,3,4,5.5,4,70.57,Average
3640,Marisa Long,71,11.64,66,5.0,6,215,10,2,8,2.2,7,32.43,Needs Improvement
3641,Madeline Anderson,94,14.95,92,1.2,5,291,6,5,6,9.2,6,48.13,Needs Improvement
3642,Mrs. Courtney Miller,68,9.51,71,1.8,7,184,6,9,2,8.7,4,40.38,Needs Improvement
3643,Makayla Pham,70,10.28,50,2.3,0,289,3,4,9,11.5,5,51.15,Needs Improvement
3644,Amanda Hawkins,87,4.14,94,4.2,5,237,5,10,9,2.7,5,60.05,Average
3645,Sara Garcia,96,5.64,88,2.8,10,200,10,7,4,8.8,9,55.39,Needs Improvement
3646,Kayla Hernandez,89,4.31,90,2.6,3,175,2,7,7,7.4,8,67.82,Average
3647,Charles Warner,61,7.33,79,4.3,0,227,9,8,10,3.0,5,65.89,Average
3648,Deborah Robertson,79,4.27,79,2.5,3,26,6,3,10,11.2,4,74.98,Average
3649,Cassandra Rivera,76,14.33,97,2.7,9,279,4,7,7,11.2,10,38.49,Needs Improvement
3650,Kristen Estes,86,9.3,50,1.6,1,59,7,3,10,6.9,5,59.02,Needs Improvement
3651,Gary Brown,74,5.46,81,4.2,4,26,8,4,7,9.4,9,50.49,Needs Improvement
3652,Kevin Stephens,61,1.36,83,3.4,5,279,5,7,7,2.5,3,52.21,Needs Improvement
3653,Rachel Garza,94,8.14,61,3.2,1,54,1,9,3,3.8,9,43.16,Needs Improvement
3654,Kevin Morgan,75,12.21,72,3.1,0,196,4,6,8,7.4,8,54.84,Needs Improvement
3655,Steven Flores,67,8.54,100,3.9,3,189,3,3,6,5.1,5,52.33,Needs Improvement
3656,Larry Ramirez,67,11.46,66,4.3,1,39,2,1,10,8.4,2,57.81,Needs Improvement
3657,Javier Richardson,62,14.1,68,3.3,6,127,6,8,1,5.1,7,30.38,Needs Improvement
3658,Crystal Wiley,55,6.15,53,4.7,5,165,10,3,7,12.0,8,69.46,Average
3659,Ian Martinez,47,10.18,53,3.4,5,126,7,2,6,5.6,4,35.18,Needs Improvement
3660,Ashley Simmons,85,12.84,81,2.8,2,181,3,8,7,10.0,8,48.44,Needs Improvement
3661,Amanda Murphy,94,9.32,73,1.0,10,199,10,6,2,11.0,10,41.72,Needs Improvement
3662,Rachael Foster,45,5.13,50,1.1,0,188,7,1,1,6.5,6,31.82,Needs Improvement
3663,Michele Lopez,82,5.9,61,4.8,8,135,2,7,5,2.1,10,29.94,Needs Improvement
3664,Madeline Oconnell,43,2.25,90,4.1,3,104,8,10,4,3.9,4,59.05,Needs Improvement
3665,Christina Mccarthy,56,6.77,95,4.2,0,103,4,3,4,3.2,1,51.48,Needs Improvement
3666,Daniel Mendoza,66,12.87,73,3.0,6,240,3,8,2,10.1,4,44.6,Needs Improvement
3667,Nicholas Schmitt,87,6.32,56,1.9,6,251,8,7,4,8.3,7,48.81,Needs Improvement
3668,Beth Hughes,46,8.9,76,4.8,1,152,4,9,1,8.9,7,54.3,Needs Improvement
3669,Tina Pittman,91,13.29,56,2.7,8,36,5,2,5,10.4,2,38.48,Needs Improvement
3670,Deborah Stevens,68,12.82,61,4.8,4,204,10,4,7,5.4,10,42.19,Needs Improvement
3671,Steven Swanson,83,6.66,83,3.6,3,156,2,9,6,2.5,10,43.34,Needs Improvement
3672,Ann Smith,48,8.43,58,3.7,9,259,1,2,2,4.9,5,18.46,Needs Improvement
3673,Sarah Benjamin DDS,72,3.14,52,4.0,0,203,1,3,9,9.9,6,66.49,Average
3674,Faith Lewis,78,10.02,52,3.2,7,244,1,9,1,6.4,3,40.87,Needs Improvement
3675,Richard Rubio,61,7.65,54,2.0,2,21,5,7,2,5.2,6,39.29,Needs Improvement
3676,Ryan James,92,11.45,80,3.7,6,80,9,6,9,11.6,7,61.97,Average
3677,Ryan Doyle,91,7.9,79,1.7,3,54,3,6,2,2.6,4,36.92,Needs Improvement
3678,Raymond Beasley,84,13.98,71,1.9,7,267,8,1,8,4.9,1,34.05,Needs Improvement
3679,Cathy Andersen,90,5.87,68,4.2,7,100,1,1,9,4.8,9,34.69,Needs Improvement
3680,Anthony Lee,91,10.79,63,4.3,8,264,4,7,6,11.3,2,62.93,Average
3681,Shelby Herrera,46,8.61,74,3.3,10,237,8,4,10,8.0,4,47.27,Needs Improvement
3682,Taylor Smith,52,4.82,77,4.1,2,202,6,10,5,4.8,3,63.61,Average
3683,Tracy Cannon,55,2.09,67,1.1,6,283,10,3,8,8.0,1,50.59,Needs Improvement
3684,Kendra Riley,90,12.61,78,2.2,10,217,2,5,10,5.2,1,41.93,Needs Improvement
3685,Kimberly Pope,49,10.37,75,4.3,1,2,1,8,2,7.2,1,60.53,Average
3686,Jennifer Henderson,87,5.74,60,3.3,2,203,2,10,3,7.9,8,56.53,Needs Improvement
3687,Jennifer Smith,82,14.43,94,1.1,6,36,10,3,1,9.4,4,39.07,Needs Improvement
3688,Amanda Moore,88,6.06,72,1.4,1,131,7,5,3,7.8,6,56.64,Needs Improvement
3689,Joseph Rhodes,42,4.63,95,4.2,10,112,9,3,3,2.3,10,33.96,Needs Improvement
3690,Mindy Hodge,43,3.4,61,2.9,3,271,1,3,7,10.0,6,54.58,Needs Improvement
3691,John Alexander,98,11.6,65,3.4,9,283,6,2,2,11.4,8,48.95,Needs Improvement
3692,Diana Greene,59,8.88,88,1.3,6,161,1,8,3,9.4,8,30.0,Needs Improvement
3693,Emily Cox,93,4.36,68,4.3,6,111,8,8,3,10.5,9,67.5,Average
3694,Christina Dean,81,5.69,52,4.9,7,174,5,8,2,10.3,4,59.05,Needs Improvement
3695,Justin Lee,79,1.77,52,2.3,1,173,6,8,9,7.2,2,71.98,Average
3696,Kari Stewart,87,7.73,68,3.2,8,144,3,5,3,4.1,6,36.9,Needs Improvement
3697,Robert Hicks,57,1.05,70,3.8,9,144,3,6,5,8.4,2,44.98,Needs Improvement
3698,Billy Chapman,75,12.16,93,1.3,0,182,7,8,10,5.1,8,36.59,Needs Improvement
3699,Gregory Yoder,41,7.05,70,2.1,6,287,10,7,1,4.6,8,34.55,Needs Improvement
3700,Brandon Ortiz,86,6.78,85,1.4,6,121,7,5,1,6.6,7,45.77,Needs Improvement
3701,Stephanie Rodriguez,46,2.13,50,3.7,0,28,2,7,5,10.3,8,45.74,Needs Improvement
3702,Stephanie Cervantes,88,9.05,86,4.1,5,109,6,3,2,6.8,7,44.59,Needs Improvement
3703,Antonio Jones,44,4.71,66,1.5,10,32,9,8,4,9.3,1,44.38,Needs Improvement
3704,Tina Fields,89,13.05,81,3.7,7,154,10,8,9,9.2,10,52.7,Needs Improvement
3705,Janet Hess,60,13.67,81,1.0,7,223,2,4,5,9.8,3,31.21,Needs Improvement
3706,Abigail Tran,83,4.78,55,3.8,10,169,10,6,2,9.8,9,51.07,Needs Improvement
3707,Kendra Jordan,58,3.53,65,3.6,3,63,5,2,8,10.2,10,52.14,Needs Improvement
3708,Andrew Hess,75,2.02,72,4.6,10,10,2,10,5,11.8,6,56.68,Needs Improvement
3709,Micheal Wallace,74,1.85,72,1.4,9,258,10,7,9,4.6,8,52.17,Needs Improvement
3710,Anne French,82,3.63,56,1.5,8,55,2,4,1,11.8,4,44.2,Needs Improvement
3711,Linda Lopez,79,6.64,96,1.2,10,135,1,2,5,6.5,5,24.4,Needs Improvement
3712,David Sanders,41,9.62,71,1.3,9,258,8,3,10,6.1,7,20.03,Needs Improvement
3713,Kelly Holland,56,1.87,64,1.4,4,230,6,8,3,7.2,5,52.37,Needs Improvement
3714,Juan Smith,47,8.76,65,3.4,1,72,6,6,2,6.4,6,44.99,Needs Improvement
3715,Kevin Anderson,95,6.64,96,1.2,10,75,1,5,6,8.8,10,23.28,Needs Improvement
3716,Emily Martin,69,11.33,76,4.7,6,131,1,8,4,11.4,8,46.21,Needs Improvement
3717,Jeffrey Foster,79,6.81,96,3.2,2,293,9,5,9,11.1,1,82.98,Excellent
3718,Marc Jacobs,56,8.9,94,1.9,7,141,7,9,3,9.4,5,43.91,Needs Improvement
3719,Mark Smith,80,12.86,62,1.7,1,192,3,8,6,2.5,5,38.15,Needs Improvement
3720,John Osborn,83,7.8,69,4.1,8,153,10,6,1,2.7,9,38.43,Needs Improvement
3721,John Morrow,71,7.89,97,4.8,6,256,5,5,3,7.1,1,69.97,Average
3722,Richard Wilson,41,9.09,54,2.6,2,128,3,9,2,3.1,5,36.81,Needs Improvement
3723,Amber Cardenas,47,2.48,57,3.2,5,165,6,2,10,3.3,7,40.14,Needs Improvement
3724,John Carlson,48,10.35,97,2.9,7,196,7,5,4,6.8,3,42.46,Needs Improvement
3725,Brian Bennett,80,12.65,93,2.7,7,151,4,2,7,11.3,6,38.66,Needs Improvement
3726,Eric Miller,48,12.7,68,2.9,8,266,5,2,6,6.3,7,21.26,Needs Improvement
3727,Alicia Patel,79,10.56,73,4.3,6,251,9,10,4,4.2,4,47.96,Needs Improvement
3728,Ronald Cox,52,12.65,89,3.9,5,234,7,5,8,9.7,8,48.55,Needs Improvement
3729,Danny Mcbride,77,8.23,78,4.9,5,264,6,3,9,7.9,5,60.08,Average
3730,Susan Rivera,85,10.08,68,1.2,5,162,6,9,1,7.5,2,46.95,Needs Improvement
3731,Theresa Scott,67,2.33,59,2.2,9,151,10,7,2,7.2,1,58.88,Needs Improvement
3732,Meghan Adams,83,4.2,52,4.5,7,96,6,2,8,8.0,3,60.45,Average
3733,Karen Shields,59,14.14,92,2.3,8,81,8,4,8,8.8,7,31.8,Needs Improvement
3734,Nicholas Phillips,46,10.86,51,4.0,6,251,7,4,5,4.2,3,29.47,Needs Improvement
3735,Maureen Weber,93,14.24,59,2.1,4,131,3,7,5,5.4,1,45.84,Needs Improvement
3736,Kayla Drake,75,5.9,82,3.2,8,95,4,7,9,9.5,2,54.54,Needs Improvement
3737,Shane Simpson,61,6.68,100,2.4,10,272,10,8,9,8.8,6,41.34,Needs Improvement
3738,Helen Moody,63,1.05,97,3.8,9,201,5,6,7,9.9,9,68.24,Average
3739,Joseph Brown,88,2.58,83,3.9,0,236,3,10,5,8.0,4,89.6,Excellent
3740,Debra Bryant,90,8.01,76,1.8,2,98,4,4,7,8.2,2,61.58,Average
3741,Jeremy Lutz,40,14.91,69,3.3,0,146,7,7,8,2.7,2,41.47,Needs Improvement
3742,Tammy Swanson,40,11.92,86,3.4,7,118,3,8,4,8.6,9,24.59,Needs Improvement
3743,Elizabeth Ramos,85,13.79,74,2.7,5,243,1,8,10,6.9,4,44.92,Needs Improvement
3744,Lauren Taylor,57,3.06,86,2.3,7,189,2,8,8,11.7,10,43.71,Needs Improvement
3745,Richard Burnett,92,8.61,71,4.3,3,194,1,8,8,9.2,6,69.24,Average
3746,Brittany Miller,72,3.2,68,3.6,1,38,8,1,1,6.4,8,48.83,Needs Improvement
3747,Joseph Rodriguez,40,5.95,78,1.8,2,59,1,4,9,3.6,5,33.96,Needs Improvement
3748,Daniel Santana,85,4.09,74,3.8,8,193,10,2,9,5.7,5,53.6,Needs Improvement
3749,Joseph Hill,64,9.9,59,3.0,7,156,5,5,1,9.5,3,26.14,Needs Improvement
3750,Brian Pope,42,13.38,61,1.6,8,19,10,5,3,5.5,8,5.03,Needs Improvement
3751,Kevin Rios,58,6.91,93,4.9,0,103,1,10,3,11.6,4,78.49,Average
3752,Robert Torres,78,7.14,78,4.7,3,138,8,8,6,7.2,7,65.97,Average
3753,Kimberly Atkins,60,3.02,58,3.9,3,88,10,2,9,3.8,3,49.09,Needs Improvement
3754,George Green,71,13.92,58,1.2,0,167,6,2,3,7.4,2,37.87,Needs Improvement
3755,Danielle Erickson,98,13.01,95,4.4,6,281,5,10,6,9.1,2,76.91,Average
3756,Robert Martinez,41,8.2,90,4.5,6,152,3,8,1,2.6,6,25.21,Needs Improvement
3757,Richard Brock,54,8.22,89,3.5,10,184,9,7,1,10.5,2,57.61,Needs Improvement
3758,Melanie Ponce,44,14.66,70,2.6,0,277,5,3,9,11.5,7,55.51,Needs Improvement
3759,Jason Nelson,51,4.37,97,1.3,1,148,6,6,3,11.8,4,59.71,Needs Improvement
3760,Lee Mayer,83,2.38,72,2.6,9,93,2,10,4,11.4,5,57.34,Needs Improvement
3761,Karen Alexander,52,2.0,71,2.4,8,81,4,7,8,4.7,4,43.07,Needs Improvement
3762,Veronica Nelson,64,3.5,59,2.2,3,265,3,4,2,2.7,4,47.27,Needs Improvement
3763,Joshua Williams,62,7.56,84,2.5,7,37,3,8,6,4.0,9,26.37,Needs Improvement
3764,Katrina Schultz,93,4.44,85,2.2,6,166,2,2,10,10.8,2,66.1,Average
3765,Ryan Rodriguez,91,2.18,83,1.1,4,298,8,1,5,5.9,7,47.0,Needs Improvement
3766,Crystal Wilson,93,11.59,50,2.9,5,148,7,5,8,9.3,5,51.65,Needs Improvement
3767,Aaron Mejia,81,4.88,62,2.4,5,276,4,2,7,11.6,3,60.72,Average
3768,Chad May,65,9.34,92,1.8,3,167,4,10,2,2.5,3,48.33,Needs Improvement
3769,Kim Pittman,63,5.97,62,1.4,8,120,3,2,4,3.6,8,4.9,Needs Improvement
3770,Denise Padilla,60,12.36,77,1.1,1,299,5,4,10,8.9,8,43.96,Needs Improvement
3771,Brian Davis,72,8.23,52,4.2,5,138,10,6,6,9.8,3,53.26,Needs Improvement
3772,Kim Nguyen,57,5.94,66,4.4,4,159,5,1,9,9.1,6,53.62,Needs Improvement
3773,Robert Grant,78,4.22,63,1.1,1,235,3,6,5,11.6,2,67.21,Average
3774,Martin Robles,43,14.0,96,2.6,2,11,5,5,10,2.5,2,31.85,Needs Improvement
3775,Shawn Ray,44,7.7,66,4.8,0,7,3,9,10,12.0,9,58.81,Needs Improvement
3776,Dorothy Mcdowell,51,9.11,78,4.3,7,62,3,9,7,2.6,9,23.75,Needs Improvement
3777,Jennifer Pennington,73,9.63,69,1.1,1,262,6,9,4,10.3,9,54.29,Needs Improvement
3778,Lauren Cummings DDS,45,5.74,77,4.7,10,193,3,9,5,8.8,2,44.91,Needs Improvement
3779,Laura Wheeler,79,2.79,73,2.3,8,91,7,7,4,3.0,8,30.68,Needs Improvement
3780,Denise Bennett,68,2.9,51,3.9,7,102,8,7,7,4.1,2,58.26,Needs Improvement
3781,Charles Edwards,74,6.1,99,1.4,1,272,8,9,7,3.4,1,67.61,Average
3782,Victoria Johnson,82,7.1,92,3.0,10,162,5,4,1,3.7,10,29.86,Needs Improvement
3783,Frank Williams,80,1.29,69,1.6,9,214,3,10,3,10.0,6,54.54,Needs Improvement
3784,John Kline,51,11.41,86,4.8,3,111,9,8,9,5.1,8,55.41,Needs Improvement
3785,Jessica Sandoval,81,5.42,58,3.5,0,297,2,5,8,3.3,10,39.99,Needs Improvement
3786,Timothy Ritter,52,7.97,57,3.1,4,119,6,10,10,2.0,9,31.62,Needs Improvement
3787,Rhonda Wilson,60,4.58,94,4.3,8,55,3,9,1,7.6,5,45.68,Needs Improvement
3788,Jenny Flores,44,11.49,56,3.1,8,51,10,6,10,10.5,9,35.51,Needs Improvement
3789,April Smith,52,3.34,82,4.8,4,48,5,6,4,4.2,3,60.21,Average
3790,Teresa Contreras,54,9.0,88,4.3,2,172,1,4,3,5.7,9,27.88,Needs Improvement
3791,Kevin Bailey,66,11.92,76,3.4,7,251,8,10,2,4.3,3,42.39,Needs Improvement
3792,Kimberly Phillips,95,11.9,86,3.1,10,259,2,5,7,6.8,4,51.92,Needs Improvement
3793,Joseph Medina,43,2.39,90,3.8,9,186,8,7,1,6.4,4,58.95,Needs Improvement
3794,Erik Hayes,84,1.55,98,3.8,3,237,6,9,9,2.7,1,75.15,Average
3795,Dominique Frazier,55,3.29,91,3.3,2,250,5,5,10,6.6,2,68.92,Average
3796,Crystal Thompson,67,12.43,86,3.1,7,53,9,7,2,7.4,1,49.26,Needs Improvement
3797,Laura Cole,79,7.18,98,2.2,7,190,2,7,7,3.1,9,35.75,Needs Improvement
3798,Michael Carr,85,3.93,91,2.8,8,198,10,7,7,7.3,4,58.49,Needs Improvement
3799,Summer Townsend,91,13.89,69,2.7,5,179,1,7,7,11.8,10,41.05,Needs Improvement
3800,Natasha Fowler,69,14.59,67,4.2,9,61,6,2,10,11.3,9,28.09,Needs Improvement
3801,Jessica Bernard,86,4.6,81,4.4,2,80,8,3,4,9.2,3,74.4,Average
3802,Gregory Sims,41,10.89,79,1.4,1,268,4,1,1,6.9,1,49.05,Needs Improvement
3803,Christopher Cole,93,4.2,73,2.2,2,124,2,9,9,7.0,1,63.45,Average
3804,Raymond Brown,74,7.77,82,3.6,9,217,9,8,6,4.5,8,41.87,Needs Improvement
3805,Christine Walton,95,12.86,59,4.7,5,258,6,8,7,8.0,3,60.74,Average
3806,Timothy Myers,59,8.52,52,3.9,4,120,6,2,4,10.6,9,41.12,Needs Improvement
3807,Sandra Dixon,68,4.86,75,3.9,3,277,2,1,4,8.1,5,51.84,Needs Improvement
3808,Patricia Reyes,54,10.3,84,2.8,5,10,3,6,2,6.8,9,28.59,Needs Improvement
3809,Melissa Lee,94,7.83,58,4.3,9,16,2,10,3,11.6,4,51.64,Needs Improvement
3810,Jeffrey Meadows,72,1.88,72,2.5,7,169,3,7,1,8.3,3,53.11,Needs Improvement
3811,Katelyn Martin,64,1.42,98,2.2,5,272,10,1,2,7.3,3,62.45,Average
3812,Timothy Crawford,71,14.6,82,3.0,8,45,3,1,1,8.9,6,25.26,Needs Improvement
3813,Beverly Evans,40,6.9,61,1.5,3,266,4,4,10,3.1,8,29.71,Needs Improvement
3814,Garrett Mills,72,1.31,56,3.8,3,148,1,2,10,9.1,8,54.89,Needs Improvement
3815,Adrian Cruz,46,9.63,98,4.1,6,88,5,2,1,8.7,4,48.97,Needs Improvement
3816,Andrea Moore,64,9.59,72,4.7,8,112,2,6,3,9.6,7,49.88,Needs Improvement
3817,Patricia Townsend,44,11.01,78,2.4,8,169,6,5,8,8.7,4,31.83,Needs Improvement
3818,Nicholas Smith,71,3.65,70,1.3,5,200,5,2,3,9.2,3,52.95,Needs Improvement
3819,Stephen Smith,48,2.32,81,2.1,1,24,10,8,5,11.2,9,60.87,Average
3820,Francisco Thomas,80,6.45,70,3.3,2,13,7,8,4,3.1,10,42.59,Needs Improvement
3821,Jackson Nelson,91,10.56,86,4.5,7,94,10,6,10,11.7,4,72.78,Average
3822,Christina Roberts,45,4.86,93,1.0,7,85,4,2,6,2.6,3,25.57,Needs Improvement
3823,Melissa Barker,41,3.8,54,2.6,4,138,8,10,7,5.7,9,40.76,Needs Improvement
3824,Jeffrey Adams,74,14.38,88,4.0,4,163,6,8,2,11.1,3,62.86,Average
3825,Melinda Carter,89,6.15,61,1.5,4,154,10,9,8,2.0,1,53.69,Needs Improvement
3826,Steven White,49,7.85,50,1.9,8,293,7,5,9,8.1,5,41.13,Needs Improvement
3827,Nathan Garcia,61,11.35,86,3.1,4,138,5,5,1,4.4,1,50.46,Needs Improvement
3828,Candice Grant,94,6.83,64,2.2,8,60,8,5,10,11.2,9,53.75,Needs Improvement
3829,Edward Krueger,78,9.76,76,4.5,8,119,6,7,7,5.1,8,41.57,Needs Improvement
3830,Joanna Anderson,86,11.2,83,2.9,7,270,1,6,3,10.9,7,45.2,Needs Improvement
3831,Jennifer Powell,79,8.58,100,4.8,10,115,8,6,7,10.3,9,52.22,Needs Improvement
3832,Joanna Jones,62,1.87,99,4.0,6,71,1,10,5,2.4,2,54.57,Needs Improvement
3833,Marc Byrd,61,8.42,65,2.0,5,68,4,7,3,6.0,7,34.71,Needs Improvement
3834,Jacob Chandler,76,14.25,67,4.7,0,160,4,7,7,8.7,9,48.75,Needs Improvement
3835,Howard Tate,54,9.55,63,3.9,9,88,8,6,3,11.2,2,51.54,Needs Improvement
3836,Jim Mcdonald,95,5.76,98,1.6,7,24,9,1,10,5.1,1,55.1,Needs Improvement
3837,Angelica Torres,93,1.68,51,4.1,7,177,4,3,7,4.3,6,48.68,Needs Improvement
3838,Michelle Howell,43,2.29,74,4.1,7,245,2,10,7,8.1,9,54.44,Needs Improvement
3839,Edwin Huber,80,8.0,98,4.1,5,260,7,8,1,4.3,4,61.01,Average
3840,Rebekah Reynolds,66,8.19,63,1.8,3,257,7,8,9,4.5,4,47.03,Needs Improvement
3841,Joseph Miller,90,3.6,77,1.3,7,130,6,5,7,3.6,7,39.42,Needs Improvement
3842,Steven Williams,80,6.77,79,4.3,5,189,5,10,3,2.8,7,59.82,Needs Improvement
3843,Amy Anderson,45,12.73,95,2.2,3,264,9,5,7,11.3,6,52.8,Needs Improvement
3844,Andrew Munoz,83,8.81,62,3.1,10,217,3,5,1,4.9,9,30.47,Needs Improvement
3845,Kristen Allen,59,14.52,73,1.9,0,230,8,2,10,7.8,1,46.73,Needs Improvement
3846,Laurie Jackson,59,13.97,55,2.1,9,137,10,10,1,7.6,5,34.72,Needs Improvement
3847,Mary Taylor,42,4.99,69,1.5,2,138,1,8,10,3.1,9,35.04,Needs Improvement
3848,Mr. Jacob Miller MD,77,9.76,72,2.0,6,64,10,4,4,2.8,9,26.82,Needs Improvement
3849,Howard Marks,42,11.55,60,4.8,6,212,1,8,7,9.1,2,45.05,Needs Improvement
3850,Joshua Brown,82,9.58,86,2.8,6,94,6,7,10,9.5,9,50.22,Needs Improvement
3851,Scott Cook,52,3.4,100,4.1,6,75,8,1,5,2.4,8,44.51,Needs Improvement
3852,Robert Gentry,68,2.45,97,1.3,5,6,7,3,8,8.2,10,45.14,Needs Improvement
3853,Christopher Johnson,68,14.11,69,1.4,10,129,9,6,8,2.4,6,22.34,Needs Improvement
3854,Todd Campbell,88,10.5,96,2.8,2,40,10,3,9,10.6,1,70.84,Average
3855,Benjamin Smith,41,3.97,63,2.6,6,143,2,7,5,4.5,7,21.74,Needs Improvement
3856,Kelly Johnson,44,13.84,54,3.4,3,230,2,6,9,5.1,8,22.95,Needs Improvement
3857,Jeffrey Harris,55,10.25,81,3.1,4,216,9,4,1,8.9,9,38.1,Needs Improvement
3858,Donald Crosby,41,6.45,55,2.3,9,192,10,10,2,3.4,6,30.45,Needs Improvement
3859,John Sweeney,53,12.44,88,4.1,6,54,10,3,6,5.9,4,31.36,Needs Improvement
3860,Karen Chavez,45,6.11,52,2.5,8,227,7,9,4,11.1,7,42.35,Needs Improvement
3861,Christopher Davis,59,2.61,55,4.7,0,24,6,7,9,7.9,2,69.87,Average
3862,Kevin Brooks,94,5.36,58,3.8,9,275,5,6,1,11.1,9,58.35,Needs Improvement
3863,Allison Ford,56,10.43,55,4.4,0,93,7,8,8,8.3,1,69.7,Average
3864,Katherine Torres,64,10.91,91,3.5,6,163,8,7,5,6.8,3,50.41,Needs Improvement
3865,Matthew Bright,74,5.88,85,2.5,3,225,7,10,3,4.6,10,49.13,Needs Improvement
3866,Mary Bennett,59,8.52,58,1.1,10,61,3,8,3,4.7,4,6.28,Needs Improvement
3867,Carlos Campbell,86,10.28,69,4.0,8,16,9,9,7,6.4,9,38.34,Needs Improvement
3868,Elaine Stewart,84,14.5,87,1.3,6,189,4,2,4,10.1,2,38.18,Needs Improvement
3869,Melanie Anderson,42,8.97,53,3.2,10,19,3,8,3,7.2,8,17.05,Needs Improvement
3870,Lisa Brown,75,2.69,58,3.6,3,256,4,5,2,6.2,3,58.63,Needs Improvement
3871,Jeremiah Miller,100,1.04,73,4.1,10,27,2,9,6,7.7,8,48.4,Needs Improvement
3872,Eric Hunt,73,1.57,73,4.8,7,112,3,4,5,11.8,5,55.98,Needs Improvement
3873,Alex West,62,12.81,81,1.3,2,185,10,3,6,10.6,6,52.37,Needs Improvement
3874,Dale Lewis,55,1.18,93,3.3,4,194,2,2,2,7.3,4,58.87,Needs Improvement
3875,Steven Murphy,91,1.44,53,1.1,2,157,8,6,2,9.5,10,58.62,Needs Improvement
3876,Gregory Carter,86,1.84,61,4.8,2,77,2,2,3,3.1,10,50.13,Needs Improvement
3877,David Pratt,42,12.93,90,4.1,5,202,1,2,9,9.3,5,48.03,Needs Improvement
3878,Katherine Kent,44,1.81,58,1.1,10,28,3,10,4,10.5,9,33.65,Needs Improvement
3879,Jonathan Richard,84,2.66,84,3.3,4,291,4,8,6,4.8,6,57.31,Needs Improvement
3880,Jeremy Hoover,58,6.92,86,3.7,1,113,3,1,9,3.3,7,34.89,Needs Improvement
3881,Jessica Graham,57,7.36,89,1.8,2,227,7,5,5,10.3,4,64.17,Average
3882,Donna Adams,76,14.22,60,2.4,1,166,7,2,1,2.6,10,30.43,Needs Improvement
3883,Shannon Guerra,40,1.85,88,1.1,5,275,9,8,8,7.1,5,59.41,Needs Improvement
3884,Dawn Fox,79,2.64,86,4.6,6,254,6,2,10,3.2,9,55.28,Needs Improvement
3885,Charles Edwards,96,1.24,90,3.0,8,228,6,7,10,3.9,6,65.07,Average
3886,Ashley Austin,84,12.66,73,4.7,5,242,8,7,9,8.2,6,63.19,Average
3887,Amy White,86,10.32,83,2.5,5,35,9,3,2,11.3,1,49.45,Needs Improvement
3888,Danny Jackson,43,5.23,79,2.7,4,173,7,9,1,2.4,8,37.9,Needs Improvement
3889,Megan Mays,94,2.58,61,3.2,6,277,5,5,8,6.9,4,64.94,Average
3890,Jeffery Cruz,75,14.35,96,3.6,10,61,4,1,9,11.6,6,37.37,Needs Improvement
3891,Heather Garcia,40,3.63,80,1.5,6,129,8,5,10,8.3,10,37.96,Needs Improvement
3892,Shawn Burton,44,14.56,87,1.5,4,60,8,1,5,5.4,3,33.26,Needs Improvement
3893,Joe Rios,54,13.45,51,3.7,0,235,4,8,5,9.0,3,48.51,Needs Improvement
3894,William Wolfe,86,2.7,63,4.5,4,271,10,4,9,10.7,2,81.29,Excellent
3895,Kimberly Jackson,70,2.48,80,2.4,7,288,2,5,7,3.7,9,32.22,Needs Improvement
3896,Rachel Simmons,65,7.48,82,3.1,8,199,4,8,7,4.7,2,53.12,Needs Improvement
3897,Kelsey White,86,13.65,72,4.6,10,215,4,9,8,4.2,5,40.2,Needs Improvement
3898,Holly Hernandez,80,9.39,63,2.9,6,240,2,9,8,9.0,9,49.72,Needs Improvement
3899,Jonathan Miller,75,12.14,70,2.7,5,110,9,2,8,5.7,2,47.91,Needs Improvement
3900,Cynthia Berry,74,3.02,63,3.6,1,55,5,1,8,2.5,7,44.08,Needs Improvement
3901,Charles Hines,85,12.99,67,4.4,5,39,7,8,10,3.4,5,46.91,Needs Improvement
3902,Miguel Ortega,80,3.15,50,3.1,9,206,5,1,9,6.7,10,41.64,Needs Improvement
3903,Joseph Rodgers,96,3.25,87,4.1,1,219,7,2,4,7.7,7,82.26,Excellent
3904,Aaron Fischer,84,6.68,71,3.3,10,291,3,7,7,9.7,4,58.36,Needs Improvement
3905,William Franklin,55,4.73,74,2.3,1,42,3,1,9,11.6,6,43.44,Needs Improvement
3906,Steven Barber,74,13.26,55,2.9,8,177,7,2,1,5.0,8,16.06,Needs Improvement
3907,Laura Combs,74,13.7,78,1.1,6,178,4,10,2,10.2,1,47.87,Needs Improvement
3908,Randy Wallace,87,1.85,71,3.0,5,246,4,5,6,8.5,6,67.9,Average
3909,John Webb,90,1.25,89,1.7,5,112,2,6,3,7.6,1,57.76,Needs Improvement
3910,Daniel Young,99,4.66,81,2.6,10,198,7,5,4,9.7,2,58.07,Needs Improvement
3911,Brandy Hughes,40,14.15,72,4.2,6,186,9,10,6,6.0,9,37.31,Needs Improvement
3912,Kevin White,51,8.65,89,1.4,3,128,6,7,2,3.4,2,37.37,Needs Improvement
3913,Kyle Adams,81,13.53,82,3.9,3,81,8,6,9,4.6,2,58.98,Needs Improvement
3914,Amanda Joyce,64,8.95,76,3.6,7,62,8,3,4,11.7,6,50.0,Needs Improvement
3915,Diana Goodwin,78,3.76,95,4.8,6,292,9,3,3,9.8,4,72.93,Average
3916,Katie Booth,93,5.8,96,3.4,2,300,7,9,6,4.9,6,74.76,Average
3917,Jacqueline Tran,55,4.12,57,1.4,2,236,1,5,6,8.4,2,58.99,Needs Improvement
3918,Larry Wyatt,62,10.55,92,4.9,2,226,2,5,7,2.0,3,50.88,Needs Improvement
3919,Amanda Smith,46,2.9,100,4.7,2,300,6,1,9,9.5,7,67.26,Average
3920,Michael Gonzalez,44,5.92,75,2.0,4,216,4,8,3,7.1,9,29.75,Needs Improvement
3921,Adam Fisher,85,14.61,55,1.9,5,46,10,9,3,10.7,9,45.4,Needs Improvement
3922,Mr. John Taylor MD,79,5.65,90,3.4,2,36,3,2,3,3.1,9,40.72,Needs Improvement
3923,Travis Duke,96,1.11,82,3.0,1,185,5,6,8,2.6,2,73.18,Average
3924,Erin Harris,95,6.23,69,2.3,6,222,9,5,7,5.8,5,48.39,Needs Improvement
3925,Kristen Stewart,40,5.99,62,1.7,5,161,6,8,5,7.1,2,38.53,Needs Improvement
3926,Catherine Kim,50,12.02,94,5.0,9,120,6,8,8,10.2,2,55.16,Needs Improvement
3927,Jessica Evans,59,14.94,79,3.5,1,198,10,5,3,11.7,7,51.7,Needs Improvement
3928,Linda Davis,100,13.45,63,3.4,0,179,4,3,10,11.4,9,47.54,Needs Improvement
3929,Gabriel Taylor,42,7.39,90,1.4,4,2,9,8,9,7.2,8,42.85,Needs Improvement
3930,Michael Ellis,55,8.24,73,3.5,10,70,2,2,7,2.2,7,7.06,Needs Improvement
3931,Richard Wolfe,78,5.37,64,3.8,2,0,7,9,1,11.0,4,71.47,Average
3932,Tonya Duncan,68,14.58,87,4.2,10,226,4,1,7,8.8,2,29.71,Needs Improvement
3933,Gavin Espinoza,56,13.48,51,4.7,4,268,8,1,7,6.9,5,34.14,Needs Improvement
3934,Rebecca Gibson,82,6.44,52,3.9,6,170,10,6,3,7.3,2,53.04,Needs Improvement
3935,Lee Schmitt,75,13.98,52,3.0,7,75,8,1,5,8.9,10,14.12,Needs Improvement
3936,Walter Oneill,55,13.82,78,4.9,8,1,2,2,5,9.8,9,30.73,Needs Improvement
3937,Roger Phillips,46,14.49,68,1.9,2,251,8,2,7,4.4,2,34.23,Needs Improvement
3938,Margaret Ball,97,14.96,58,1.9,1,267,7,5,4,10.9,9,44.82,Needs Improvement
3939,Gloria Moore,64,11.64,94,1.2,10,70,8,8,9,6.8,6,34.81,Needs Improvement
3940,Paul Allen,68,9.11,53,3.5,5,219,10,6,2,6.1,3,49.72,Needs Improvement
3941,Donald Smith,63,13.26,83,2.2,6,91,5,10,9,12.0,3,47.17,Needs Improvement
3942,Rodney Torres,100,10.19,96,4.7,4,183,5,10,2,3.4,1,63.18,Average
3943,Joe Frey,65,7.13,69,2.6,5,245,5,6,3,11.7,2,47.66,Needs Improvement
3944,Joshua Hernandez,68,6.81,97,2.7,5,198,4,8,3,9.8,5,61.31,Average
3945,Sherry Dixon,77,5.52,68,3.1,2,22,1,4,3,7.9,7,44.45,Needs Improvement
3946,John Haley,50,9.79,74,3.9,2,236,7,8,5,7.0,7,55.8,Needs Improvement
3947,Melissa Marquez,41,2.14,87,2.1,9,168,7,7,8,3.4,1,40.94,Needs Improvement
3948,George Horton,52,2.16,100,4.8,10,36,5,8,10,9.0,7,54.38,Needs Improvement
3949,Natalie Alvarez,55,8.62,59,2.2,2,60,8,5,1,8.4,2,47.0,Needs Improvement
3950,Christina Washington,53,4.24,64,3.9,6,296,5,4,3,7.6,10,47.44,Needs Improvement
3951,Karen Gay,65,11.87,54,3.1,3,29,5,8,6,5.0,10,22.4,Needs Improvement
3952,Ronald Nguyen,62,2.28,85,3.9,4,249,8,8,10,2.4,7,56.75,Needs Improvement
3953,Stephen Garcia,65,6.77,72,2.6,2,216,8,9,5,11.5,3,67.1,Average
3954,Dennis Lopez,89,8.77,98,1.4,0,249,6,7,9,8.8,4,58.36,Needs Improvement
3955,Krista Silva,52,10.64,86,3.9,5,203,3,4,5,11.8,1,54.66,Needs Improvement
3956,William Santos,95,5.3,94,3.2,0,279,5,1,7,7.9,6,74.28,Average
3957,Samantha Green,42,14.59,55,1.1,2,195,4,9,8,7.6,10,19.17,Needs Improvement
3958,Jamie Garcia,83,4.41,73,4.8,1,272,1,9,5,2.5,2,70.12,Average
3959,Terry Hoover,67,6.94,63,2.2,10,85,1,6,10,3.3,7,13.63,Needs Improvement
3960,Henry Austin,45,2.17,77,2.9,9,2,5,5,10,3.9,9,22.79,Needs Improvement
3961,Michele Rivera,63,13.24,100,2.9,9,83,1,10,10,7.5,6,42.51,Needs Improvement
3962,Barbara Peck,82,4.72,66,2.2,3,163,2,6,6,5.5,7,47.2,Needs Improvement
3963,Travis Wilson,48,8.08,65,4.0,0,286,7,7,10,8.1,10,51.72,Needs Improvement
3964,Bradley Valentine,76,12.73,54,1.5,10,216,7,10,3,10.9,7,37.81,Needs Improvement
3965,Sean Bryant,86,14.79,86,4.1,3,143,10,9,1,11.7,3,62.21,Average
3966,Matthew Martin,77,12.27,68,3.3,0,216,10,2,4,11.1,8,64.54,Average
3967,Mrs. Anna Chang MD,63,10.93,58,4.2,7,246,2,1,9,6.1,1,47.4,Needs Improvement
3968,Rodney Washington,83,6.33,88,4.0,7,193,7,9,10,6.6,3,75.28,Average
3969,David James,64,1.84,95,2.3,1,45,3,10,7,9.8,9,64.94,Average
3970,Marcus Mclean,81,2.66,97,1.1,8,290,8,9,7,5.0,6,55.68,Needs Improvement
3971,Shelby Owens,45,6.34,68,3.9,8,8,4,9,2,9.3,5,38.45,Needs Improvement
3972,Andrew Stephens,87,8.48,82,4.5,4,57,9,3,10,11.7,2,76.36,Average
3973,Michael Vargas,65,14.43,90,4.2,10,176,4,5,2,4.4,9,27.3,Needs Improvement
3974,John Powers,88,9.13,70,2.3,3,71,6,1,1,5.7,4,45.0,Needs Improvement
3975,Matthew Cole,74,5.52,96,4.1,4,240,5,1,6,6.6,7,63.28,Average
3976,Caroline Butler,69,6.27,77,2.5,1,21,4,7,3,9.3,8,47.51,Needs Improvement
3977,Valerie Gonzales,78,9.22,50,4.6,8,0,5,4,6,7.1,9,24.46,Needs Improvement
3978,Anita Wallace,54,3.97,61,3.4,8,187,7,7,2,3.5,10,28.55,Needs Improvement
3979,Elizabeth Wilson,66,1.74,64,2.8,2,268,6,1,10,7.8,6,57.91,Needs Improvement
3980,Connor Benton,54,11.95,92,2.6,7,250,2,1,1,7.7,6,26.02,Needs Improvement
3981,Cole Wilson,79,10.87,55,2.9,7,38,4,3,7,4.4,6,24.47,Needs Improvement
3982,Linda Kelly,56,1.88,88,1.0,10,142,10,6,7,8.5,8,38.21,Needs Improvement
3983,Kaitlyn Simpson,44,3.4,51,1.8,4,120,5,6,10,3.5,6,32.62,Needs Improvement
3984,Patrick Miller,55,11.4,64,1.2,3,250,6,3,10,4.5,4,31.5,Needs Improvement
3985,John Bailey,49,8.63,70,4.0,8,227,1,10,7,5.4,5,48.08,Needs Improvement
3986,Garrett Hill,90,3.75,70,1.3,6,152,6,9,6,6.6,6,47.71,Needs Improvement
3987,Stacey Russell,80,11.13,81,1.2,4,234,5,10,8,5.3,7,41.96,Needs Improvement
3988,Jennifer Avery,97,13.09,69,3.9,9,38,9,1,10,4.5,9,31.2,Needs Improvement
3989,Linda Johnson,84,2.36,72,1.1,8,143,3,10,3,3.3,2,46.09,Needs Improvement
3990,Jennifer Hamilton,63,14.36,73,3.2,9,225,3,6,10,3.4,7,7.82,Needs Improvement
3991,Mary Li,51,2.26,85,1.9,7,250,7,3,3,5.7,7,43.21,Needs Improvement
3992,Jasmine Ramirez,57,9.45,51,4.8,9,242,2,3,4,10.0,5,35.44,Needs Improvement
3993,Erik Carr,79,10.83,77,1.3,3,278,6,6,10,5.6,8,47.34,Needs Improvement
3994,Bryan Green,82,3.49,52,1.2,6,294,7,5,8,3.8,3,39.5,Needs Improvement
3995,Kimberly Bennett,58,3.36,70,2.5,9,51,10,1,2,6.1,2,38.01,Needs Improvement
3996,Rachel Wilkinson,74,2.51,85,5.0,5,143,10,3,10,3.0,3,69.92,Average
3997,John Gilmore,95,4.43,93,1.9,8,256,3,4,6,2.8,2,50.42,Needs Improvement
3998,Roberta Barber,92,10.35,92,3.1,3,172,8,4,3,5.6,9,49.52,Needs Improvement
3999,Roy Alexander,96,3.99,78,2.3,0,91,2,8,6,5.1,7,56.79,Needs Improvement
4000,Cindy Warren,41,8.06,63,4.1,7,171,5,6,9,11.9,10,35.15,Needs Improvement
4001,Sean James,82,8.0,99,3.4,2,245,4,4,3,8.9,1,83.92,Excellent
4002,Joshua Duncan,41,10.21,69,4.3,3,53,7,1,10,9.6,3,48.32,Needs Improvement
4003,Kyle Jones,96,2.5,51,4.2,1,81,5,9,6,6.3,9,62.65,Average
4004,Ryan Floyd,50,14.24,98,3.0,8,5,1,6,3,10.8,2,28.44,Needs Improvement
4005,Jenny Wells,80,14.33,65,4.4,8,249,2,5,6,2.3,4,29.11,Needs Improvement
4006,Marcus Rojas,99,13.34,73,4.4,9,183,2,7,4,2.4,6,23.11,Needs Improvement
4007,Julie Washington,60,7.0,75,2.9,3,125,3,3,3,6.9,8,43.94,Needs Improvement
4008,Tamara Hammond DDS,61,1.54,61,2.2,9,117,3,5,8,4.6,9,18.09,Needs Improvement
4009,Michele Gonzalez,68,7.21,90,1.1,6,105,3,6,9,11.3,10,39.35,Needs Improvement
4010,John Kaiser,82,10.79,91,3.6,6,298,4,4,5,4.1,1,50.44,Needs Improvement
4011,Kimberly Roberts,68,4.85,86,2.4,2,224,2,6,6,4.9,5,59.31,Needs Improvement
4012,Alexander Alexander,82,7.45,78,4.6,2,135,10,10,9,11.2,8,78.49,Average
4013,Manuel Hayes,74,3.18,95,4.2,5,198,7,1,2,2.9,1,52.75,Needs Improvement
4014,Tracy Mueller,62,14.37,99,3.6,9,119,2,1,3,7.1,2,27.24,Needs Improvement
4015,Jimmy Becker,71,3.32,78,4.7,9,227,8,5,2,11.7,4,56.15,Needs Improvement
4016,Amy Lucas,88,13.64,94,3.7,9,56,6,4,2,3.8,8,22.77,Needs Improvement
4017,Jasmine Tran,62,2.29,65,3.6,7,39,1,5,7,5.7,1,42.39,Needs Improvement
4018,John Esparza,77,5.87,76,3.7,3,60,10,7,2,5.3,8,46.62,Needs Improvement
4019,Aaron Alexander,80,3.91,93,4.5,2,10,8,8,2,2.6,6,50.29,Needs Improvement
4020,Justin Cabrera MD,55,9.38,72,4.5,10,122,9,2,1,7.5,2,43.93,Needs Improvement
4021,Melanie Schultz,85,10.64,90,1.8,6,260,6,2,1,6.0,3,33.61,Needs Improvement
4022,Willie Medina,54,12.97,74,4.9,10,27,7,7,4,10.1,7,22.43,Needs Improvement
4023,Alexandra Hubbard,44,7.86,66,1.9,2,33,8,8,6,6.3,6,36.46,Needs Improvement
4024,Tiffany Poole,91,3.74,72,4.2,7,175,9,5,2,8.6,5,67.57,Average
4025,Darlene Conway,93,14.36,71,3.8,0,69,10,1,5,5.4,7,43.55,Needs Improvement
4026,Gina Pham,66,7.28,99,3.5,6,185,4,1,3,11.7,2,63.83,Average
4027,Meghan Stark,96,7.97,80,5.0,5,261,6,9,9,7.9,7,75.47,Average
4028,Blake Davis,96,4.69,71,2.1,1,26,3,3,4,2.2,7,36.44,Needs Improvement
4029,Joseph Lowery,100,14.78,62,4.3,1,192,5,7,9,2.4,1,52.16,Needs Improvement
4030,Jordan Wilson,45,7.74,59,2.4,3,36,1,1,8,7.6,10,15.18,Needs Improvement
4031,Briana Moyer,94,6.24,63,3.8,1,157,1,1,4,5.8,8,45.41,Needs Improvement
4032,Sherry Cardenas,48,6.63,56,1.1,3,2,4,4,3,9.4,10,26.0,Needs Improvement
4033,Crystal Ibarra,85,12.1,51,3.7,9,244,1,1,8,10.7,3,37.02,Needs Improvement
4034,Shelley Perry,91,6.31,53,4.8,5,150,6,6,7,4.1,5,51.45,Needs Improvement
4035,David Young,48,3.78,97,3.7,0,150,5,3,3,2.4,2,55.55,Needs Improvement
4036,Anthony Rhodes,52,4.83,65,1.7,6,226,4,9,1,5.7,7,31.31,Needs Improvement
4037,Holly Mendoza,84,13.52,69,3.6,3,67,9,6,3,4.4,8,34.57,Needs Improvement
4038,Arthur White,93,5.3,65,4.0,5,286,5,3,5,9.0,5,73.16,Average
4039,Cody Jordan,46,13.96,58,4.7,3,231,4,5,10,6.5,1,44.15,Needs Improvement
4040,James Cervantes,95,13.94,74,1.4,2,112,6,2,10,3.2,10,19.75,Needs Improvement
4041,Richard Lee,54,4.86,63,1.1,3,257,9,3,9,7.1,7,41.5,Needs Improvement
4042,Heather Reynolds,71,7.4,76,4.0,4,274,1,8,4,5.6,4,59.4,Needs Improvement
4043,Kelly Cabrera,88,5.22,100,4.1,9,244,9,9,2,6.5,7,52.05,Needs Improvement
4044,Sarah Brown,91,2.77,73,4.8,8,91,7,1,10,2.0,5,51.43,Needs Improvement
4045,Annette Perkins,57,2.22,94,1.5,8,62,2,4,5,8.7,7,33.86,Needs Improvement
4046,Jon Leach,66,9.93,98,2.5,6,287,1,1,2,7.0,6,47.69,Needs Improvement
4047,Mallory Rodriguez,57,5.26,87,4.8,1,68,10,6,8,11.9,7,76.77,Average
4048,Miss Julie Montes,56,10.67,65,1.4,8,121,3,2,2,6.8,10,16.75,Needs Improvement
4049,Julie Fields,61,14.19,62,2.4,10,159,1,10,10,5.9,3,26.26,Needs Improvement
4050,Richard Jackson,51,9.25,65,4.7,5,175,2,8,5,9.8,3,47.45,Needs Improvement
4051,Brittany Hanna,54,1.9,51,3.4,0,170,1,8,2,12.0,5,71.15,Average
4052,Amanda Gonzalez,100,3.64,75,4.5,9,267,5,10,10,3.3,8,62.05,Average
4053,Tanya Gonzalez,66,8.51,57,4.8,9,62,7,8,10,8.5,10,42.09,Needs Improvement
4054,Michael Wiley,79,6.28,98,3.0,6,220,9,7,9,10.6,10,68.51,Average
4055,Alexis Rosario,55,11.69,75,4.2,7,128,1,1,6,7.8,7,34.26,Needs Improvement
4056,Mark Stevenson,98,12.05,58,3.6,9,51,5,4,2,10.7,6,42.14,Needs Improvement
4057,Leslie Hill,40,12.78,60,3.4,8,300,1,10,7,4.8,5,30.42,Needs Improvement
4058,Julia Rice,72,14.07,77,4.1,10,250,8,10,7,5.2,6,41.48,Needs Improvement
4059,Isabella Brandt,96,4.78,77,2.0,4,208,7,6,7,2.5,7,45.48,Needs Improvement
4060,Jessica Scott,88,4.82,98,2.4,8,81,4,8,6,7.1,10,41.73,Needs Improvement
4061,Todd Ruiz,89,12.69,89,1.4,2,245,2,1,6,6.3,5,45.93,Needs Improvement
4062,Thomas Snyder,42,12.53,67,1.6,1,178,9,3,8,9.0,3,52.52,Needs Improvement
4063,Wayne Davis,49,10.71,79,3.8,9,98,8,3,4,10.2,1,49.36,Needs Improvement
4064,Angela Mcdonald,49,14.91,64,4.5,4,2,4,5,5,5.8,6,25.36,Needs Improvement
4065,Elizabeth Padilla,60,1.37,54,1.4,2,29,7,1,6,8.7,1,56.55,Needs Improvement
4066,Samuel Craig,97,9.03,66,3.1,10,150,1,8,8,4.3,2,35.37,Needs Improvement
4067,Peter Bowers,93,2.25,80,3.0,4,126,1,2,3,11.4,9,61.58,Average
4068,David Wright,85,7.28,50,1.4,3,178,10,8,9,8.2,4,62.15,Average
4069,Caitlin Flores,97,6.04,74,4.7,4,222,7,5,3,3.0,2,66.94,Average
4070,Donald Finley,66,9.3,54,2.8,10,76,5,1,8,2.2,10,9.65,Needs Improvement
4071,Shelley Perez,66,14.09,99,1.3,3,131,9,10,8,11.9,1,61.63,Average
4072,Susan Medina,78,6.68,94,3.1,6,198,9,6,10,6.7,9,54.98,Needs Improvement
4073,Jose Warner,90,5.67,79,1.4,10,160,7,3,4,3.0,10,21.45,Needs Improvement
4074,Tammy Porter,86,9.62,64,2.1,7,24,2,10,10,10.6,5,30.35,Needs Improvement
4075,James Mcgee,61,4.27,86,1.8,3,23,2,1,2,8.5,4,41.45,Needs Improvement
4076,Logan Scott,47,8.21,93,3.5,2,39,7,8,5,10.1,10,53.7,Needs Improvement
4077,Robert Branch,87,5.17,87,4.9,4,57,5,10,9,10.7,8,70.85,Average
4078,Kyle Wallace,65,6.44,55,2.4,5,82,6,2,2,7.5,8,32.31,Needs Improvement
4079,Ivan Smith,62,13.04,73,2.8,6,176,4,4,10,2.1,9,26.29,Needs Improvement
4080,Nicole Carrillo,69,6.16,56,3.4,0,59,2,6,4,6.3,6,53.1,Needs Improvement
4081,Amy Williams,48,3.09,67,2.5,10,181,6,8,2,7.7,1,47.83,Needs Improvement
4082,Shane Howard,69,7.5,83,4.1,0,224,9,3,8,3.8,7,53.78,Needs Improvement
4083,Nicole Bryant,100,12.56,51,2.5,9,75,7,2,9,2.1,7,35.31,Needs Improvement
4084,Mr. Carlos Kim,48,8.58,91,1.9,4,216,6,5,6,3.9,9,23.43,Needs Improvement
4085,Julie Quinn,60,9.09,71,3.3,0,5,8,3,1,5.6,4,34.66,Needs Improvement
4086,Christine Horn,88,7.18,73,3.6,6,14,7,7,5,3.5,10,34.3,Needs Improvement
4087,Miss Julie Dennis,90,5.79,56,4.8,6,238,9,6,5,4.7,10,47.06,Needs Improvement
4088,Rebecca Hernandez,68,11.71,50,2.2,5,262,10,5,8,8.9,10,40.97,Needs Improvement
4089,James Cortez,76,12.26,69,1.9,9,239,8,3,1,5.5,6,34.14,Needs Improvement
4090,Michael Espinoza,41,6.18,66,1.8,7,192,1,1,10,10.7,4,31.4,Needs Improvement
4091,Janice Johnson,40,4.27,52,4.2,4,248,9,9,8,5.6,9,53.52,Needs Improvement
4092,Derek Duarte,63,2.74,59,3.3,8,246,9,7,8,9.7,8,57.88,Needs Improvement
4093,Joy Bell,43,4.41,83,1.7,9,123,5,7,2,10.2,5,42.51,Needs Improvement
4094,Brett Jackson,65,1.34,95,3.4,3,296,2,6,2,4.0,9,59.46,Needs Improvement
4095,James Lucas,51,4.57,86,2.4,1,279,3,1,2,2.8,10,27.34,Needs Improvement
4096,Jonathan Foley,92,7.88,50,4.9,0,110,8,2,8,4.2,1,62.69,Average
4097,Jay Brown,43,6.01,87,3.2,8,100,10,7,9,7.6,1,54.54,Needs Improvement
4098,Harold Jones,94,1.29,52,1.2,2,257,3,6,10,8.3,8,62.78,Average
4099,Matthew Nguyen,84,11.24,81,2.8,8,115,4,7,3,9.6,10,34.4,Needs Improvement
4100,William Johnson,100,11.87,72,4.1,10,191,4,6,10,5.3,8,27.98,Needs Improvement
4101,Leslie Lambert,97,7.3,52,1.9,9,258,5,2,3,11.4,8,41.26,Needs Improvement
4102,James Morgan,90,1.82,84,3.7,3,117,3,8,4,2.8,8,53.41,Needs Improvement
4103,Sabrina Jacobs,41,11.37,52,3.5,2,61,8,10,7,10.9,1,57.48,Needs Improvement
4104,Joseph Schwartz,95,7.68,89,1.8,7,31,8,1,3,4.0,2,50.65,Needs Improvement
4105,Anthony Austin,68,12.61,92,2.5,1,30,5,3,9,11.0,3,50.13,Needs Improvement
4106,Brittany Bowen,60,7.9,83,4.9,2,261,6,6,5,8.8,9,69.17,Average
4107,Lynn Ferguson,50,11.2,62,4.6,7,10,3,9,7,11.5,7,45.36,Needs Improvement
4108,Crystal Whitehead,42,6.36,93,1.6,2,19,9,6,6,5.6,5,31.53,Needs Improvement
4109,Robin Park,57,2.03,60,2.3,9,237,4,10,9,8.3,10,38.46,Needs Improvement
4110,Corey Wright,43,4.9,62,2.6,10,292,8,10,1,8.9,1,50.62,Needs Improvement
4111,Olivia Patterson,75,14.06,73,2.6,9,287,10,2,5,5.0,2,32.8,Needs Improvement
4112,Gregory Cain,88,5.41,60,3.9,7,268,10,2,8,3.7,6,55.58,Needs Improvement
4113,Nathan Mckay,84,6.94,69,1.7,2,58,4,9,8,4.6,1,49.63,Needs Improvement
4114,Andres Hawkins,53,3.03,63,4.0,5,268,1,1,7,4.5,5,48.28,Needs Improvement
4115,Nicole Willis,40,6.93,94,4.2,1,185,4,6,4,10.2,3,56.51,Needs Improvement
4116,Stacey Brown,68,9.09,57,1.8,8,98,5,8,6,6.1,8,29.98,Needs Improvement
4117,Jason Rosario,84,10.1,84,1.8,8,148,3,9,7,9.1,8,45.39,Needs Improvement
4118,Laura Espinoza,54,2.33,100,4.0,4,129,7,8,4,8.1,8,59.66,Needs Improvement
4119,Steven Hill,65,6.44,86,3.4,8,252,8,5,4,2.5,6,48.98,Needs Improvement
4120,Kara Lee,84,11.85,66,3.1,5,146,6,7,7,10.8,2,64.74,Average
4121,Ashley Wallace,90,8.14,87,3.1,9,134,2,4,7,7.6,9,38.46,Needs Improvement
4122,Jonathan Martin,64,1.7,78,2.9,6,100,8,2,4,11.2,7,58.37,Needs Improvement
4123,Carla Hall,50,8.72,85,1.7,1,95,9,7,5,6.8,7,44.1,Needs Improvement
4124,Garrett Davis,74,6.32,74,1.2,10,3,4,3,8,6.1,1,32.01,Needs Improvement
4125,Suzanne Flores,74,10.87,61,1.8,10,283,7,6,1,5.5,4,31.04,Needs Improvement
4126,Rhonda Krause,75,14.5,88,4.6,5,18,7,4,3,6.7,6,43.71,Needs Improvement
4127,Christina Vaughn,93,7.89,62,1.4,5,259,2,3,4,5.2,1,46.79,Needs Improvement
4128,Ian Daniels,67,10.93,76,3.2,5,221,8,9,6,6.7,6,44.67,Needs Improvement
4129,Richard Lewis,61,4.99,55,3.1,3,185,1,2,1,5.7,8,33.46,Needs Improvement
4130,Alexander White,94,1.42,80,2.6,7,86,5,6,7,11.4,1,77.39,Average
4131,Susan Johnson,54,11.26,63,2.4,3,12,8,7,4,3.5,3,34.52,Needs Improvement
4132,Derek Blair,97,11.03,88,1.5,1,294,4,2,9,10.0,4,75.08,Average
4133,Bobby Roberts,49,7.78,69,4.0,1,104,1,5,2,5.6,7,41.81,Needs Improvement
4134,Justin Ray,80,10.18,65,4.9,2,32,6,4,8,5.8,7,49.5,Needs Improvement
4135,Sean Pearson,42,7.27,97,3.9,7,274,2,3,4,5.5,10,36.59,Needs Improvement
4136,Christine David,61,14.1,58,1.4,10,230,7,5,2,5.7,10,7.66,Needs Improvement
4137,John Phillips,68,11.54,82,1.3,9,37,2,1,1,6.5,5,15.8,Needs Improvement
4138,Mason Santiago PhD,84,4.15,55,4.9,4,252,4,4,10,10.4,2,74.61,Average
4139,Kristen Pierce,41,11.24,82,1.4,7,7,1,10,3,8.2,2,28.96,Needs Improvement
4140,Jessica Zhang,51,1.11,90,4.2,7,189,1,9,8,11.5,4,74.08,Average
4141,Terry Bryant,69,12.46,80,1.9,3,183,2,8,10,6.9,9,35.69,Needs Improvement
4142,Ryan Moore,84,11.68,100,3.2,4,84,1,7,7,7.2,8,45.78,Needs Improvement
4143,Diana Bradley,84,5.0,52,4.4,5,21,5,6,6,9.6,8,52.71,Needs Improvement
4144,Vincent Wilson,99,13.8,55,3.4,8,85,9,8,2,11.6,8,37.18,Needs Improvement
4145,Henry Jarvis,51,12.91,80,4.0,2,252,8,1,7,7.7,7,49.24,Needs Improvement
4146,Alexis Smith,97,11.62,97,3.6,0,202,9,6,9,8.8,4,74.12,Average
4147,Harold Robbins,42,3.04,65,3.2,8,198,3,8,9,6.7,1,47.18,Needs Improvement
4148,Dustin Kelly,75,6.35,74,4.6,7,0,6,6,5,3.3,3,43.8,Needs Improvement
4149,Patrick Collins,51,9.14,59,2.7,4,63,2,3,1,7.0,8,34.75,Needs Improvement
4150,Barbara Gordon,97,3.59,68,3.7,8,30,7,10,4,10.1,7,66.35,Average
4151,Randy Berg,45,6.48,100,2.3,10,266,4,9,1,10.2,4,53.44,Needs Improvement
4152,Dylan Horne,40,14.05,93,1.7,6,246,8,4,10,7.9,8,35.56,Needs Improvement
4153,Daniel Carr,85,5.45,75,2.0,2,122,4,2,3,5.1,2,43.84,Needs Improvement
4154,Taylor Johnson,68,13.71,58,4.6,8,4,5,4,3,5.6,9,15.52,Needs Improvement
4155,Trevor Wilkinson,43,7.02,54,2.8,7,77,8,10,6,4.9,2,32.4,Needs Improvement
4156,James Mcdaniel,63,12.14,62,3.8,8,88,3,5,7,11.3,7,29.97,Needs Improvement
4157,Anthony Thompson,90,2.11,88,4.3,8,290,8,6,7,7.8,7,64.07,Average
4158,Jorge Ferguson,74,14.71,71,4.0,3,263,8,10,6,5.0,8,59.74,Needs Improvement
4159,Curtis Morris,86,8.06,54,1.4,10,149,9,4,6,9.6,5,35.36,Needs Improvement
4160,Zachary Hess,42,7.72,81,1.9,7,215,5,1,1,3.9,2,31.47,Needs Improvement
4161,Jessica Hoffman,100,7.07,86,2.4,8,172,1,9,5,8.8,5,58.01,Needs Improvement
4162,Donald Martinez,81,13.86,70,3.9,9,212,1,9,3,11.0,10,30.62,Needs Improvement
4163,Randy Lane,58,2.33,92,3.4,3,223,2,7,5,6.8,2,62.01,Average
4164,Carl Guerra,58,14.5,93,2.7,3,134,2,6,9,5.4,4,32.61,Needs Improvement
4165,Laurie Stevens,96,14.1,85,4.7,8,137,3,6,1,5.7,3,42.51,Needs Improvement
4166,Angela Davis,72,11.8,51,3.5,4,91,3,8,6,6.7,2,35.95,Needs Improvement
4167,John Estrada,56,12.67,62,2.7,5,116,3,8,3,11.8,3,41.43,Needs Improvement
4168,Joseph Collins,48,1.61,75,3.8,3,138,3,10,2,11.1,2,70.26,Average
4169,Heather Gardner,53,5.05,54,2.6,2,158,9,1,10,9.8,3,55.56,Needs Improvement
4170,Brad Cannon,45,13.2,82,2.2,2,184,3,10,4,6.7,8,37.16,Needs Improvement
4171,Shane Obrien,59,5.42,92,2.3,7,131,6,10,2,8.1,9,39.63,Needs Improvement
4172,Shawna Moss,65,6.03,59,2.7,6,62,10,1,7,10.9,1,59.37,Needs Improvement
4173,Katherine Franklin,98,4.86,75,4.1,0,48,4,7,5,7.3,2,83.14,Excellent
4174,Tonya Hoffman,93,3.02,74,2.4,6,114,6,1,5,11.2,5,51.4,Needs Improvement
4175,Jessica Perez,53,2.52,95,1.4,1,99,6,10,8,9.2,9,62.23,Average
4176,Kimberly Glenn,95,7.93,76,2.6,10,0,8,2,1,8.8,8,32.71,Needs Improvement
4177,Aaron Watson,86,14.54,82,4.6,8,107,4,7,3,4.5,1,35.99,Needs Improvement
4178,Shane Randolph,71,11.77,62,2.1,8,18,4,5,8,7.3,3,34.05,Needs Improvement
4179,Angel Leonard,58,5.92,82,4.2,1,117,3,8,5,5.4,8,58.1,Needs Improvement
4180,Rachel Ward,62,9.95,67,3.9,5,114,3,10,2,4.9,5,29.54,Needs Improvement
4181,Victoria Sparks,67,8.99,70,4.4,7,61,3,6,5,4.9,6,40.37,Needs Improvement
4182,Aaron English,67,9.76,82,2.3,3,225,9,3,4,6.7,1,56.33,Needs Improvement
4183,Bryan Zimmerman,44,2.41,64,2.5,4,266,10,10,2,5.0,8,46.66,Needs Improvement
4184,Abigail Durham,71,5.87,83,3.6,10,260,1,5,5,7.6,6,45.38,Needs Improvement
4185,John Owens,87,12.98,73,1.4,0,168,6,9,2,12.0,5,57.57,Needs Improvement
4186,Alexis Cole,98,2.91,60,3.0,10,168,5,2,4,4.0,7,36.48,Needs Improvement
4187,Spencer Welch,49,10.7,89,4.2,1,299,9,1,5,3.4,3,53.48,Needs Improvement
4188,Rhonda Brown,49,12.19,90,2.5,7,122,9,9,3,11.1,3,46.9,Needs Improvement
4189,Catherine Paul,77,13.29,78,2.3,2,246,10,10,5,9.1,6,57.23,Needs Improvement
4190,Jennifer Jones,74,7.86,86,3.2,7,21,2,2,10,8.3,5,37.43,Needs Improvement
4191,Kelly Butler,88,2.58,95,4.6,7,155,5,3,3,10.9,1,88.24,Excellent
4192,Peter Sherman,41,12.59,95,3.7,4,208,2,2,7,9.1,7,24.53,Needs Improvement
4193,Zachary Shaw,45,9.76,74,4.2,2,203,9,9,5,4.3,1,59.56,Needs Improvement
4194,Susan Black,67,4.4,85,5.0,5,196,2,1,7,10.6,3,70.32,Average
4195,Daniel Waters,85,7.34,97,2.9,8,160,7,9,2,3.5,6,42.4,Needs Improvement
4196,Benjamin Torres,79,10.99,82,1.1,9,63,5,2,2,5.2,5,20.58,Needs Improvement
4197,Raymond Hamilton,90,12.89,58,2.7,8,218,10,4,5,9.5,1,57.42,Needs Improvement
4198,Melissa Wong,93,7.98,56,2.7,1,296,5,5,9,11.9,2,59.27,Needs Improvement
4199,David Becker,94,7.16,66,2.6,1,225,8,10,5,6.1,3,64.74,Average
4200,Alexandra Campos,81,14.64,68,3.6,1,262,7,7,4,3.2,8,45.2,Needs Improvement
4201,Lawrence Johnson,48,10.05,59,1.1,6,73,2,5,8,5.8,1,26.95,Needs Improvement
4202,Gregory Pugh,64,7.47,58,4.1,2,219,9,2,4,3.7,7,53.24,Needs Improvement
4203,Carol Long,85,4.37,77,1.6,5,19,6,1,6,3.5,10,27.07,Needs Improvement
4204,Melissa Johnson,96,10.98,69,1.8,0,215,6,7,7,7.7,4,58.57,Needs Improvement
4205,Steven Rhodes,69,4.04,80,2.6,2,244,10,9,5,5.4,7,65.81,Average
4206,Michael Gonzales MD,50,2.77,50,3.3,3,10,4,10,10,3.8,2,57.24,Needs Improvement
4207,Sabrina Cruz,61,8.56,58,4.5,2,82,5,6,4,2.7,3,47.55,Needs Improvement
4208,Jennifer Nelson,79,7.72,83,1.8,0,102,5,7,9,4.3,1,60.04,Average
4209,John Smith,49,12.63,87,1.7,1,34,10,5,7,5.1,3,37.58,Needs Improvement
4210,Sara Lambert,75,9.82,66,4.1,7,239,9,3,9,9.5,10,48.72,Needs Improvement
4211,Jordan Howard,43,3.89,62,3.0,6,268,6,10,3,9.1,5,61.58,Average
4212,Jennifer Lee,94,14.36,66,2.3,10,93,9,7,3,5.7,2,43.64,Needs Improvement
4213,Austin Davila,81,14.42,52,4.0,10,289,2,2,9,11.7,10,31.91,Needs Improvement
4214,Joseph Rodriguez,41,6.38,80,1.9,7,133,1,9,1,4.7,4,29.61,Needs Improvement
4215,Jason Carter,87,12.77,78,1.9,1,251,9,1,4,4.3,4,44.96,Needs Improvement
4216,Chris York,77,12.8,91,2.7,3,191,8,1,2,7.9,6,46.53,Needs Improvement
4217,Elizabeth Brown,60,7.05,91,2.6,1,184,2,1,2,3.7,6,44.2,Needs Improvement
4218,Jimmy James,56,6.62,61,4.7,1,48,7,3,3,9.7,10,52.57,Needs Improvement
4219,Jessica Jacobson,80,7.16,79,2.7,3,205,1,6,6,2.7,7,42.3,Needs Improvement
4220,Alfred Smith,46,3.66,71,1.4,9,265,5,1,6,5.1,5,35.3,Needs Improvement
4221,Matthew Norris,100,14.46,69,1.7,4,214,1,10,2,8.3,7,37.55,Needs Improvement
4222,Amanda Day,42,6.06,51,2.1,8,216,7,5,4,8.5,9,30.17,Needs Improvement
4223,Nicole Green,45,9.62,83,3.1,5,291,6,6,5,10.7,7,47.45,Needs Improvement
4224,Robert Curry,63,11.47,70,5.0,8,94,1,4,3,11.3,10,31.81,Needs Improvement
4225,Rebecca Miller,75,4.74,89,4.8,1,81,2,10,2,6.0,5,59.57,Needs Improvement
4226,John Gonzalez,55,12.78,70,4.7,6,222,5,8,9,2.3,5,43.74,Needs Improvement
4227,Cynthia Jones,41,13.41,71,3.9,3,208,6,1,10,10.3,1,52.88,Needs Improvement
4228,Jimmy Parks,72,14.16,54,3.9,10,279,6,5,1,5.3,10,25.44,Needs Improvement
4229,Alyssa Holland,68,12.91,84,2.1,9,126,7,4,3,11.8,6,35.87,Needs Improvement
4230,Annette Mcintyre,49,12.34,71,3.0,7,298,1,2,4,7.6,4,32.12,Needs Improvement
4231,Wanda House,49,12.91,92,1.6,6,183,8,2,1,4.0,6,22.27,Needs Improvement
4232,Rodney Pena,82,1.98,50,4.3,6,132,10,7,8,3.7,9,54.3,Needs Improvement
4233,Shelia Andrade,81,10.97,74,2.1,6,255,9,7,7,6.6,3,46.68,Needs Improvement
4234,Melissa Brown,100,6.06,52,1.6,1,247,9,9,1,2.9,9,48.37,Needs Improvement
4235,Cynthia Davis,40,13.23,69,4.4,8,144,8,6,1,3.7,4,14.03,Needs Improvement
4236,Brian Hoffman,72,14.23,53,4.5,0,219,6,9,9,3.5,7,53.77,Needs Improvement
4237,Robert Woods,97,4.7,62,2.9,0,29,9,6,10,2.7,4,61.8,Average
4238,Teresa Lamb,61,2.25,63,1.9,5,35,7,2,2,11.1,6,40.37,Needs Improvement
4239,Kristen Liu,64,12.91,58,4.8,8,64,2,8,7,2.7,8,35.58,Needs Improvement
4240,Jaime Taylor,74,6.72,68,3.6,0,67,9,1,7,10.2,7,64.25,Average
4241,Charles Crawford,52,4.87,68,2.0,9,12,1,2,9,5.0,2,20.48,Needs Improvement
4242,Debra Marquez,68,5.95,68,1.7,0,203,5,2,4,3.6,5,39.33,Needs Improvement
4243,Jennifer Krause,73,5.36,54,2.7,4,46,9,2,7,8.3,3,45.48,Needs Improvement
4244,Jennifer Morales,95,4.04,55,2.0,0,24,10,10,5,2.2,6,61.63,Average
4245,Chad Smith,82,10.59,94,3.9,9,121,9,3,3,10.2,7,46.52,Needs Improvement
4246,Rebecca Sanchez,62,11.32,70,5.0,7,45,2,6,10,3.3,2,31.18,Needs Improvement
4247,Jill Perez,44,7.44,52,4.7,7,171,10,9,1,6.4,7,40.06,Needs Improvement
4248,Elizabeth Hopkins,70,10.64,65,4.6,0,15,9,4,4,5.0,4,51.08,Needs Improvement
4249,Sarah Short,46,7.41,78,1.8,2,30,6,9,6,7.2,3,48.17,Needs Improvement
4250,Ricardo Cooper,62,12.53,67,3.8,10,5,8,1,10,10.1,5,29.5,Needs Improvement
4251,Christopher Ray,53,1.67,56,1.3,3,59,6,5,1,7.3,8,36.87,Needs Improvement
4252,Deanna Quinn,82,8.56,75,3.1,1,258,6,7,3,7.2,1,73.22,Average
4253,Elizabeth Green,76,11.38,97,1.8,2,138,7,3,2,4.7,4,43.48,Needs Improvement
4254,Rose Blackwell,41,12.2,54,3.0,5,11,4,8,9,10.7,1,31.41,Needs Improvement
4255,Scott Luna,60,9.61,86,4.2,4,148,5,1,6,6.5,6,50.13,Needs Improvement
4256,Eric Rogers,55,4.83,95,1.2,4,299,3,2,4,4.8,3,39.82,Needs Improvement
4257,Austin Smith,84,2.82,55,4.7,1,98,9,1,8,6.1,6,66.04,Average
4258,Shannon Johnson,99,13.29,89,4.0,3,118,7,6,7,6.1,9,48.38,Needs Improvement
4259,Christopher Davenport,100,13.64,62,4.4,6,178,10,1,7,3.5,9,34.55,Needs Improvement
4260,Gina Harris,95,5.01,65,1.9,1,15,9,9,2,6.8,2,59.6,Needs Improvement
4261,Tyler Roy,71,4.78,100,4.4,10,222,1,5,3,5.5,3,44.48,Needs Improvement
4262,Kyle Sanchez,84,2.74,53,2.6,3,71,8,2,7,7.4,5,51.33,Needs Improvement
4263,Thomas Webb,41,3.43,92,4.4,5,245,7,6,2,11.7,6,65.39,Average
4264,Christina Walsh,74,10.68,98,1.1,9,80,8,4,6,3.4,8,24.1,Needs Improvement
4265,Sherry Marshall,49,2.8,89,2.6,6,97,1,10,5,3.9,3,50.75,Needs Improvement
4266,Nicole Flores,100,14.93,56,4.3,2,169,3,2,5,6.6,10,43.23,Needs Improvement
4267,Amanda Scott,85,7.99,63,2.8,10,114,9,10,7,10.9,4,56.63,Needs Improvement
4268,Kenneth Romero,42,6.85,88,2.2,3,22,10,9,3,5.1,10,44.23,Needs Improvement
4269,Jennifer Hernandez,55,12.24,58,2.0,4,226,7,5,6,8.3,7,33.23,Needs Improvement
4270,Wendy Anderson,81,3.91,92,2.0,10,0,3,8,7,3.9,2,32.45,Needs Improvement
4271,Brandi Salazar,89,2.92,99,1.4,6,256,9,10,1,3.5,9,45.18,Needs Improvement
4272,Angela Mitchell,44,1.79,87,2.5,0,75,10,9,1,3.2,8,52.16,Needs Improvement
4273,Andrew Banks,55,3.17,57,2.4,1,257,9,7,8,11.9,10,56.71,Needs Improvement
4274,Jessica Gibson,54,14.18,97,3.3,1,259,10,3,1,5.3,5,51.35,Needs Improvement
4275,Amy Schwartz,45,12.94,92,4.2,3,6,8,3,4,3.1,9,24.82,Needs Improvement
4276,Nathan Baker,66,2.39,87,1.9,3,185,8,9,10,3.1,10,50.85,Needs Improvement
4277,Stephen Simpson,73,14.32,87,1.1,7,211,8,8,3,6.6,3,44.55,Needs Improvement
4278,Aaron Arnold,85,9.73,50,3.2,1,35,9,7,3,2.9,1,46.93,Needs Improvement
4279,Courtney Torres,69,10.39,68,2.0,7,248,9,7,10,2.4,8,28.35,Needs Improvement
4280,Virginia French,77,7.45,79,3.0,9,194,7,9,2,2.9,4,41.12,Needs Improvement
4281,Jennifer Harris,47,3.6,76,3.4,10,225,8,6,5,3.3,7,32.5,Needs Improvement
4282,Lindsay Smith,61,5.16,67,1.5,6,29,4,4,4,3.0,2,33.13,Needs Improvement
4283,Wanda Huffman,50,12.41,92,4.3,1,117,4,4,8,3.3,2,44.74,Needs Improvement
4284,Nicholas Taylor,92,14.43,61,3.8,7,257,7,5,9,10.3,9,45.89,Needs Improvement
4285,Jacob Baker,63,9.24,77,1.5,10,228,4,5,5,9.3,7,24.26,Needs Improvement
4286,Isaiah French,72,4.13,93,1.9,5,3,3,8,2,8.7,8,48.54,Needs Improvement
4287,Hannah Wilson MD,55,4.68,51,3.9,0,273,7,9,7,10.3,8,65.73,Average
4288,James Jones,68,13.41,95,2.0,9,74,2,8,2,3.1,2,22.35,Needs Improvement
4289,Mark Doyle,40,11.08,80,4.0,2,229,8,2,6,4.0,4,40.79,Needs Improvement
4290,Edward Morgan,66,4.63,55,4.6,2,33,9,9,7,11.1,8,66.09,Average
4291,Susan Tran,65,14.0,76,1.3,1,80,1,1,6,7.8,9,21.12,Needs Improvement
4292,Justin Daniel,81,1.16,96,3.7,5,187,8,1,8,3.6,1,74.53,Average
4293,Laurie Davis,51,4.65,62,1.7,7,298,1,8,10,3.6,8,24.51,Needs Improvement
4294,William Clark,55,8.77,65,3.9,2,50,8,8,7,6.3,5,56.27,Needs Improvement
4295,Jacqueline Saunders,49,5.14,68,2.3,7,8,1,4,6,5.5,6,28.66,Needs Improvement
4296,Erin Lindsey,42,1.19,51,4.3,4,217,4,2,5,2.3,8,34.75,Needs Improvement
4297,Tracy Bailey,83,3.35,86,4.5,5,294,8,4,4,8.0,2,83.61,Excellent
4298,James Torres,99,14.36,79,1.3,3,125,4,2,5,8.3,3,32.37,Needs Improvement
4299,Meagan Matthews,51,10.3,68,1.5,4,19,9,4,7,7.9,5,31.09,Needs Improvement
4300,Michelle Hunter,100,13.36,57,3.9,10,213,2,7,9,9.7,2,50.87,Needs Improvement
4301,Brett Beck,96,14.58,70,4.6,7,241,3,10,7,5.8,6,43.21,Needs Improvement
4302,Eddie Cervantes,98,6.8,91,5.0,2,68,3,7,2,10.6,2,83.8,Excellent
4303,Stephanie Williams,64,9.51,54,3.7,5,57,6,9,7,10.0,1,49.61,Needs Improvement
4304,Katie Wells,81,11.22,95,1.4,2,76,9,9,5,5.5,7,50.94,Needs Improvement
4305,Christopher Mcgee,78,3.56,87,4.6,0,293,7,4,4,8.2,1,87.2,Excellent
4306,Phillip Arnold,77,2.68,87,2.8,6,160,6,9,8,2.3,6,53.97,Needs Improvement
4307,Samantha Bean,59,2.52,78,3.5,6,208,6,7,1,5.2,10,47.61,Needs Improvement
4308,Daniel Gonzalez,65,14.87,93,4.2,6,66,2,5,10,10.9,6,35.39,Needs Improvement
4309,Crystal Wood,55,8.93,79,1.4,8,226,5,3,2,4.5,5,25.12,Needs Improvement
4310,Clayton Murray,97,8.69,56,2.0,1,136,4,1,9,5.1,2,44.3,Needs Improvement
4311,Ebony Stewart,48,6.28,50,4.4,1,240,10,1,7,7.3,3,51.52,Needs Improvement
4312,Brian Riddle,82,9.65,54,4.8,3,37,2,7,5,7.8,8,49.35,Needs Improvement
4313,Ryan Macias,59,12.9,95,4.4,10,287,4,9,5,9.6,4,50.28,Needs Improvement
4314,Louis Palmer,46,3.41,70,4.1,2,155,2,5,6,6.8,1,52.62,Needs Improvement
4315,Kevin Ballard,50,13.23,89,2.4,4,81,2,1,6,7.8,5,28.81,Needs Improvement
4316,Dr. Benjamin Schneider,56,3.54,86,2.4,2,7,3,4,7,7.2,9,47.3,Needs Improvement
4317,Emily Hoover,45,14.36,85,3.6,10,159,2,8,8,4.9,1,25.74,Needs Improvement
4318,Jeffrey Davis,97,9.56,66,2.9,5,126,4,10,5,2.6,2,44.44,Needs Improvement
4319,Eric Chapman,42,3.43,92,2.2,2,293,6,6,1,4.2,6,46.24,Needs Improvement
4320,Laura Patel,58,4.62,83,1.5,4,244,3,2,4,5.6,2,42.75,Needs Improvement
4321,Bobby Gray,68,7.55,52,4.4,6,262,4,7,1,9.9,8,47.05,Needs Improvement
4322,Vincent Love,42,6.56,81,4.0,0,109,3,4,6,3.0,8,38.74,Needs Improvement
4323,Laura Frye,80,2.03,63,4.1,1,47,6,6,7,10.4,1,79.28,Average
4324,Derrick Ramos,78,7.18,61,3.1,2,180,4,10,3,10.8,3,64.86,Average
4325,David Lee,96,4.83,58,1.9,2,164,8,9,3,4.1,2,73.67,Average
4326,Erin Mccarthy,45,14.31,91,1.2,4,188,8,2,7,4.4,4,23.59,Needs Improvement
4327,Thomas Buckley,54,10.27,69,3.1,7,115,5,6,9,6.3,2,33.76,Needs Improvement
4328,Timothy Giles,85,11.47,100,2.8,9,266,4,9,4,7.4,10,32.25,Needs Improvement
4329,Adrian Carr,47,9.18,81,3.8,5,261,2,9,6,7.0,10,39.58,Needs Improvement
4330,Thomas Avery,59,3.39,66,2.5,3,224,10,2,9,11.3,1,74.86,Average
4331,Felicia Collier,49,6.78,54,3.3,10,49,4,4,1,8.4,3,20.93,Needs Improvement
4332,Megan Hansen,84,11.8,93,3.4,4,174,3,8,1,10.4,2,67.58,Average
4333,Paul Dean,72,14.23,53,2.3,6,132,7,4,4,7.0,5,22.86,Needs Improvement
4334,Mr. James Garrett,45,1.94,54,1.2,3,230,6,1,9,9.8,10,42.55,Needs Improvement
4335,Elizabeth Schultz,50,4.59,71,3.4,3,249,3,2,9,9.6,10,51.51,Needs Improvement
4336,Mr. Anthony Brennan DDS,79,5.5,72,1.1,8,225,7,1,3,5.3,8,24.57,Needs Improvement
4337,Kimberly Jones,50,9.4,97,4.9,6,118,2,3,7,7.1,5,42.84,Needs Improvement
4338,Amy Gill,95,7.84,52,1.6,8,180,7,7,7,8.9,8,49.96,Needs Improvement
4339,Angela Smith,89,5.45,82,2.4,5,17,5,1,7,11.1,8,46.04,Needs Improvement
4340,Jennifer Howell,57,7.12,96,2.3,3,229,2,2,10,3.6,10,40.18,Needs Improvement
4341,Savannah Walker,52,4.7,99,2.9,10,167,9,6,2,11.2,10,54.92,Needs Improvement
4342,Brian Zimmerman,83,6.45,97,3.1,3,162,3,4,3,6.6,1,62.98,Average
4343,Connor Erickson,43,10.01,75,3.4,3,168,6,3,7,11.7,4,51.16,Needs Improvement
4344,Joseph Jackson,99,13.11,69,1.1,0,212,1,10,1,8.3,7,42.91,Needs Improvement
4345,Benjamin Garcia,87,10.79,71,1.0,8,209,7,4,10,6.9,6,40.71,Needs Improvement
4346,Melanie Martin,79,5.46,95,4.8,5,294,5,3,6,7.6,9,57.05,Needs Improvement
4347,Douglas Hebert,93,9.71,98,1.9,3,153,7,8,1,5.1,8,51.21,Needs Improvement
4348,Kathleen Martin,90,12.57,55,4.2,3,5,5,3,10,2.4,6,31.64,Needs Improvement
4349,Belinda Evans,44,1.72,66,1.5,8,22,7,1,2,7.5,8,28.78,Needs Improvement
4350,Deanna Gonzalez,100,4.09,91,2.8,5,222,9,7,3,2.7,2,62.28,Average
4351,Kristen Wheeler,84,14.99,94,1.7,3,296,5,5,7,11.9,1,70.32,Average
4352,Marc Fleming,76,13.09,53,2.6,9,116,5,10,10,4.7,2,30.51,Needs Improvement
4353,Taylor Murphy,66,4.19,60,4.8,2,235,7,8,6,4.4,3,63.71,Average
4354,Dr. Laura Scott,61,9.83,78,3.6,8,260,5,7,3,7.1,8,31.08,Needs Improvement
4355,Leslie Mckinney,41,3.51,72,2.2,10,23,9,8,7,3.5,1,37.51,Needs Improvement
4356,Bridget Everett,46,6.14,75,3.9,8,32,3,10,2,3.7,4,42.02,Needs Improvement
4357,Christine Green,57,12.4,74,1.5,3,299,9,2,6,3.0,3,39.8,Needs Improvement
4358,Anthony Contreras,44,14.69,83,1.1,10,74,2,10,10,8.2,1,14.31,Needs Improvement
4359,Donald Carlson,88,4.99,52,3.0,9,154,8,7,1,3.5,7,44.8,Needs Improvement
4360,Helen Adams,53,11.55,58,3.3,8,266,8,3,4,6.3,3,37.26,Needs Improvement
4361,Vanessa Brown,47,3.05,50,4.7,8,165,10,3,8,10.1,2,44.52,Needs Improvement
4362,Thomas Wells,63,7.53,52,2.4,7,75,2,8,2,11.8,4,42.94,Needs Improvement
4363,Jason Hill,99,8.87,98,1.7,0,44,10,8,8,4.4,2,67.71,Average
4364,Whitney Allen,90,11.96,79,2.0,10,205,4,4,1,3.5,5,12.57,Needs Improvement
4365,James Griffin,72,13.04,89,1.5,0,165,5,4,8,2.9,4,42.12,Needs Improvement
4366,James Reed,88,5.32,79,5.0,7,72,10,8,9,4.6,2,62.34,Average
4367,Corey Jones,42,8.85,86,1.8,2,90,3,10,10,4.4,8,37.36,Needs Improvement
4368,Hannah Williams MD,80,10.22,86,2.0,1,202,10,1,2,11.5,5,54.52,Needs Improvement
4369,Kimberly Estrada,65,6.69,70,1.2,5,295,3,2,1,3.9,4,29.57,Needs Improvement
4370,Richard Allen,49,4.45,93,4.1,9,144,3,5,10,7.7,8,47.32,Needs Improvement
4371,Lori Sims,79,8.56,69,3.4,2,215,4,10,9,3.0,10,43.29,Needs Improvement
4372,Michael Hunter,86,2.9,97,1.9,8,190,9,9,7,6.5,2,58.85,Needs Improvement
4373,Mrs. Kristi White,64,5.42,67,2.5,7,34,2,6,6,6.0,7,35.92,Needs Improvement
4374,Tami Carr,86,6.99,71,2.4,10,218,8,10,7,3.6,6,39.17,Needs Improvement
4375,David Church,79,8.02,69,4.5,2,117,1,2,4,9.4,9,53.62,Needs Improvement
4376,Brittney Key,94,10.63,72,2.5,5,6,6,2,6,7.2,2,43.7,Needs Improvement
4377,Thomas Garcia,40,10.01,59,4.5,3,72,9,3,10,11.3,3,55.92,Needs Improvement
4378,Savannah Larson,44,2.3,100,3.6,1,179,9,2,4,2.1,2,60.65,Average
4379,Douglas Smith,92,7.9,53,2.0,9,186,5,9,5,9.7,9,37.28,Needs Improvement
4380,Cameron Flynn,60,14.54,91,2.2,0,93,2,2,4,2.5,6,25.69,Needs Improvement
4381,Nicole Mayo,82,5.4,57,4.9,2,80,4,3,8,2.3,9,46.3,Needs Improvement
4382,Laura Howard,61,8.93,84,3.8,0,116,1,2,8,10.8,10,47.46,Needs Improvement
4383,Thomas Williams,54,7.21,97,2.1,0,167,3,4,10,11.4,2,67.31,Average
4384,Maria Potts,100,7.42,58,1.1,3,142,7,2,10,9.8,7,43.92,Needs Improvement
4385,Cameron Mills,61,14.16,85,4.8,0,200,1,2,2,10.4,5,51.26,Needs Improvement
4386,Brianna Everett,66,4.02,93,3.0,8,15,9,2,5,2.5,5,39.67,Needs Improvement
4387,Jordan Taylor,52,11.41,78,3.4,7,191,6,7,9,5.5,5,43.89,Needs Improvement
4388,Kristine Davis,90,2.07,83,1.7,2,163,5,3,6,9.2,8,64.76,Average
4389,Beth Cunningham,43,4.11,54,3.5,6,274,3,1,2,10.9,9,39.53,Needs Improvement
4390,Eric Thompson,91,12.53,56,1.9,10,188,4,7,10,6.6,7,25.32,Needs Improvement
4391,James Peters,83,1.89,50,2.0,2,280,6,4,10,10.3,2,83.65,Excellent
4392,Daniel Harrison,77,7.58,97,2.9,8,45,9,5,10,4.9,3,51.06,Needs Improvement
4393,Robin Gordon,47,10.66,92,1.2,1,218,9,10,9,6.2,4,52.76,Needs Improvement
4394,Jeremy Ray,78,9.92,93,2.9,2,149,5,2,9,11.7,6,59.82,Needs Improvement
4395,Teresa Hamilton,48,14.34,91,4.5,2,94,5,6,3,9.9,10,44.94,Needs Improvement
4396,Joshua Owen,42,4.79,90,3.5,5,74,9,9,6,2.3,3,52.28,Needs Improvement
4397,Jennifer Phillips,72,13.63,94,2.5,0,206,6,5,7,9.9,8,58.77,Needs Improvement
4398,Eric Barber,93,12.71,96,2.8,1,194,4,1,9,6.6,4,52.69,Needs Improvement
4399,Bobby Garza,56,10.63,99,1.2,10,187,2,7,4,10.5,4,34.54,Needs Improvement
4400,Erin Higgins,65,3.84,100,1.9,7,67,9,8,7,4.1,2,56.25,Needs Improvement
4401,James Webster,91,5.06,86,1.7,0,280,5,10,3,6.0,5,75.0,Average
4402,Cynthia James,72,2.29,88,3.1,10,143,8,7,5,3.2,6,41.48,Needs Improvement
4403,Michael Hess,75,11.89,77,1.4,10,145,7,7,8,6.6,9,25.52,Needs Improvement
4404,Brian Rodriguez,41,9.42,93,4.7,6,50,1,8,8,5.6,10,28.0,Needs Improvement
4405,Cynthia Harris,88,14.18,69,3.0,7,39,7,5,6,8.6,3,33.26,Needs Improvement
4406,Christopher Thompson,78,8.07,81,4.0,7,122,5,5,6,10.0,5,48.87,Needs Improvement
4407,Matthew Johnson,60,11.46,66,4.7,6,85,10,2,2,3.2,9,28.41,Needs Improvement
4408,Karen Taylor,45,12.69,86,3.8,8,76,7,5,2,10.1,7,33.2,Needs Improvement
4409,Benjamin Flores,67,3.85,61,4.4,6,2,9,8,10,10.8,2,79.42,Average
4410,Joseph Sweeney Jr.,43,5.92,87,2.3,1,91,2,9,5,10.0,6,57.26,Needs Improvement
4411,Christine Romero,42,6.38,61,1.7,7,40,2,5,2,5.2,4,24.99,Needs Improvement
4412,Timothy Osborn,46,3.35,59,2.4,7,117,8,5,10,8.5,6,41.14,Needs Improvement
4413,Kristi Miles,82,2.84,94,2.3,7,148,2,6,3,10.3,6,57.54,Needs Improvement
4414,Joseph Dean,77,14.88,68,1.5,5,152,6,7,2,5.5,5,22.6,Needs Improvement
4415,Dustin Allen,89,12.95,91,4.6,3,173,9,8,10,3.5,5,68.06,Average
4416,Theresa Christian,68,7.61,69,4.1,10,254,5,6,4,5.5,10,34.12,Needs Improvement
4417,Mallory Thompson,84,5.34,65,3.7,6,147,5,3,5,2.1,4,48.23,Needs Improvement
4418,Katherine White,68,9.92,83,3.6,3,133,3,7,3,3.7,9,40.53,Needs Improvement
4419,Joshua Smith,62,4.26,86,3.9,8,70,9,7,4,6.9,3,56.1,Needs Improvement
4420,Abigail Owens,76,14.37,53,3.1,9,95,1,7,3,7.7,9,19.52,Needs Improvement
4421,Felicia Lee,54,2.8,56,2.3,3,115,7,2,5,4.9,2,47.29,Needs Improvement
4422,Mrs. Betty Romero MD,95,1.97,94,3.4,4,271,3,1,4,3.0,7,57.17,Needs Improvement
4423,John Norton,91,4.86,50,3.9,10,260,7,8,8,9.9,2,63.04,Average
4424,Nicole Dunn,92,11.83,93,1.2,0,293,3,8,1,11.5,6,66.72,Average
4425,Adam Robinson,72,7.23,98,4.6,10,211,8,2,6,3.0,1,42.67,Needs Improvement
4426,Christine Le,56,11.22,74,2.3,10,187,4,9,10,9.5,5,25.6,Needs Improvement
4427,Renee Smith,88,11.93,79,4.3,0,66,2,10,1,4.0,3,57.93,Needs Improvement
4428,Martin Drake,47,11.2,77,3.2,9,283,5,1,6,10.0,4,43.03,Needs Improvement
4429,Eric Hansen,91,7.73,73,3.5,8,8,5,8,8,11.9,4,65.11,Average
4430,Joel Williams,95,10.73,50,4.0,3,163,3,2,9,9.2,3,59.24,Needs Improvement
4431,Tracey Phillips,59,5.29,50,2.5,10,165,2,6,7,8.5,6,31.08,Needs Improvement
4432,Tamara Walker,73,8.62,81,4.1,10,36,7,7,4,3.2,6,23.06,Needs Improvement
4433,Alexander Edwards,84,12.96,74,3.8,9,238,8,1,2,7.7,4,45.74,Needs Improvement
4434,Kenneth Greene,94,3.41,87,1.9,5,186,8,6,5,5.9,1,62.71,Average
4435,Michael Garrett,53,3.16,100,1.8,2,101,9,10,5,3.0,9,39.16,Needs Improvement
4436,Daniel Brady,96,14.53,53,3.1,1,111,3,9,10,11.3,3,66.27,Average
4437,Debra Sanchez,62,10.1,56,2.0,6,238,1,6,3,8.0,4,35.11,Needs Improvement
4438,Timothy Brown,67,1.93,64,1.6,7,225,8,1,3,3.5,7,31.35,Needs Improvement
4439,Bailey Watkins,72,4.31,68,2.9,1,258,4,7,7,6.7,10,48.71,Needs Improvement
4440,Noah Randall,57,8.75,93,4.5,5,122,4,3,1,6.7,9,29.39,Needs Improvement
4441,Ryan White,94,5.6,95,1.7,6,273,8,10,8,11.8,10,64.1,Average
4442,Wesley Lewis,63,14.45,74,3.2,3,124,8,7,9,9.1,8,44.6,Needs Improvement
4443,Caroline Burton,95,7.94,81,3.8,8,88,1,3,6,11.8,7,48.68,Needs Improvement
4444,Philip Chang,83,13.08,94,2.9,9,248,1,10,7,2.6,3,26.67,Needs Improvement
4445,Mark Taylor,82,7.96,74,4.6,7,90,7,6,3,10.1,4,64.77,Average
4446,Austin Cannon,94,7.14,94,2.8,0,186,9,3,3,9.3,8,71.67,Average
4447,Elizabeth Ballard,54,8.73,77,2.5,3,236,5,3,4,10.3,1,44.86,Needs Improvement
4448,Steven Mendoza,52,10.97,59,1.9,5,222,3,3,10,2.2,5,24.4,Needs Improvement
4449,James Cox,95,4.85,94,2.8,1,13,7,3,8,6.4,4,75.19,Average
4450,Gregory Lee,95,8.08,90,4.5,2,85,6,2,8,7.9,4,69.2,Average
4451,George Spencer,44,11.32,79,2.6,6,244,2,10,3,9.3,1,41.81,Needs Improvement
4452,Jeffrey Tyler,93,8.73,80,4.3,2,110,10,1,2,8.1,4,74.16,Average
4453,Russell Beard,46,10.33,74,1.1,5,36,10,1,4,7.7,9,20.49,Needs Improvement
4454,Andrea Arnold,58,2.3,79,3.8,10,57,9,3,3,12.0,3,57.73,Needs Improvement
4455,Tyler Morse,73,9.68,68,2.7,0,94,1,8,1,6.8,8,46.41,Needs Improvement
4456,Christy Padilla,44,12.73,80,1.0,7,44,4,5,5,2.2,9,1.07,Needs Improvement
4457,Bruce Mason,48,7.54,76,1.6,7,64,7,4,1,7.0,8,35.61,Needs Improvement
4458,Christopher Clayton,69,8.81,95,4.5,1,275,4,3,5,8.9,4,66.85,Average
4459,David Lang,77,8.65,67,4.9,9,0,1,2,4,7.8,5,39.49,Needs Improvement
4460,Norma Kane,80,2.36,75,2.3,0,227,4,4,7,2.6,5,56.41,Needs Improvement
4461,Sandra Russo,76,2.85,54,3.1,10,243,9,8,5,10.1,5,66.75,Average
4462,Kimberly Mcfarland,82,14.28,93,3.5,0,229,5,2,6,7.9,8,65.11,Average
4463,Claire Sanchez,71,1.81,90,4.8,2,228,9,9,8,9.0,5,93.34,Excellent
4464,Amy Cantrell,70,8.99,79,3.4,9,173,6,7,9,3.6,3,44.67,Needs Improvement
4465,Joshua Steele,51,8.33,94,4.2,9,100,4,8,3,4.5,4,30.49,Needs Improvement
4466,Diane Warren,75,1.15,58,4.1,10,52,3,2,6,9.1,1,60.35,Average
4467,Christopher Mills,46,3.5,61,2.7,6,141,1,1,2,2.4,3,23.92,Needs Improvement
4468,Douglas Russell,99,7.54,78,1.8,8,52,3,1,1,6.7,3,33.76,Needs Improvement
4469,Shelley Bishop,82,4.09,63,3.5,4,291,10,6,6,11.8,2,86.44,Excellent
4470,Aaron Garcia,66,2.22,50,3.4,2,285,1,4,7,6.2,4,51.99,Needs Improvement
4471,Michael Wood,80,13.0,87,2.0,1,54,7,8,10,9.4,8,43.58,Needs Improvement
4472,William Hunter,47,14.36,78,3.2,8,51,1,4,5,10.9,8,28.74,Needs Improvement
4473,Timothy Owen,76,10.48,90,4.6,7,284,3,9,6,10.9,4,72.04,Average
4474,Elizabeth Kelly,78,7.99,59,4.0,7,95,8,7,1,9.6,9,54.73,Needs Improvement
4475,Willie Estes,99,5.09,90,1.2,9,273,7,8,5,8.0,4,49.88,Needs Improvement
4476,Paige Hicks,48,14.25,73,3.3,6,21,2,6,2,10.4,2,37.59,Needs Improvement
4477,Melissa Haynes,85,12.57,60,3.1,0,20,1,9,5,9.6,3,59.17,Needs Improvement
4478,Cindy Palmer,76,12.92,75,4.9,5,293,9,3,5,6.0,6,57.16,Needs Improvement
4479,Brian Mayer,59,7.6,78,4.6,7,34,9,4,1,8.0,5,45.16,Needs Improvement
4480,Joshua Sanchez,94,12.58,96,1.3,10,243,5,4,6,10.0,1,58.07,Needs Improvement
4481,Timothy Jones,81,8.95,82,2.6,1,295,10,1,3,6.3,3,62.24,Average
4482,Eric King,55,3.23,67,2.5,2,184,9,2,8,11.8,2,74.13,Average
4483,Cynthia Young,50,8.48,52,2.1,7,140,6,1,2,10.9,2,33.72,Needs Improvement
4484,Emily Townsend,82,13.08,75,3.9,1,188,9,5,7,8.4,2,65.12,Average
4485,Michael Wallace,42,6.61,82,4.5,3,145,9,6,9,8.5,2,54.85,Needs Improvement
4486,Edward Hunt,82,11.02,70,2.2,0,87,8,1,8,7.1,3,51.12,Needs Improvement
4487,Michael Lopez,50,2.17,50,4.8,3,91,5,3,7,5.3,6,56.32,Needs Improvement
4488,Janet Cox,94,5.77,83,3.8,3,198,6,2,4,6.2,6,60.11,Average
4489,Sonya Mitchell,68,1.16,83,1.3,2,20,6,5,1,5.5,7,41.25,Needs Improvement
4490,Jocelyn Ramirez,61,14.44,92,3.0,10,240,10,6,5,2.6,6,26.39,Needs Improvement
4491,Taylor White,100,12.88,57,3.2,1,176,8,6,9,9.6,8,46.95,Needs Improvement
4492,Anne Lee,62,9.71,71,3.6,8,212,4,6,10,8.1,5,50.13,Needs Improvement
4493,Cynthia Johns,99,9.5,57,2.6,4,144,5,5,5,11.4,9,55.6,Needs Improvement
4494,Angela Crawford,80,4.83,71,1.6,1,93,1,3,4,7.4,5,47.52,Needs Improvement
4495,Kimberly Garcia,41,13.49,78,2.4,5,139,5,2,7,11.3,10,19.96,Needs Improvement
4496,Dr. Curtis Hebert,62,5.58,73,1.2,5,188,3,5,2,8.5,6,42.05,Needs Improvement
4497,David Jones,40,8.17,65,4.0,10,75,5,5,6,11.6,10,26.32,Needs Improvement
4498,Molly Harmon,87,12.71,51,3.0,9,56,6,7,4,6.8,5,35.2,Needs Improvement
4499,James Green,66,1.56,79,2.0,6,47,7,1,7,8.2,4,51.87,Needs Improvement
4500,Jermaine Reed,87,7.89,89,2.0,7,142,5,7,3,7.1,10,34.22,Needs Improvement
4501,Dustin Hopkins,73,9.59,99,3.0,10,185,2,3,5,9.5,9,29.94,Needs Improvement
4502,Kimberly Henderson,44,6.29,60,4.3,7,215,4,1,4,4.0,9,22.11,Needs Improvement
4503,Angela King,97,10.37,73,3.8,1,233,3,8,9,3.7,5,63.16,Average
4504,Jermaine Henson,56,6.58,71,2.2,9,27,4,9,1,7.3,5,34.59,Needs Improvement
4505,Brian Young,77,6.61,76,1.7,2,63,9,4,6,10.8,3,56.16,Needs Improvement
4506,Mrs. Maria Jones,61,11.36,52,2.9,7,235,1,9,8,10.5,9,32.88,Needs Improvement
4507,Ashley Romero,54,12.64,99,3.6,10,94,8,6,9,8.8,5,47.68,Needs Improvement
4508,Austin Moreno,76,3.23,72,1.5,9,101,1,3,8,5.4,4,38.93,Needs Improvement
4509,Michele Burke,71,5.81,60,1.9,10,13,4,4,9,6.2,4,26.1,Needs Improvement
4510,Theodore Flores,68,8.22,79,1.3,10,212,7,2,8,11.5,6,43.7,Needs Improvement
4511,Christopher Lane,42,6.32,83,3.9,5,166,9,6,6,8.9,10,44.8,Needs Improvement
4512,Gina Lynch,71,5.95,62,1.5,2,131,1,5,2,9.2,10,35.95,Needs Improvement
4513,Sheryl Walter,45,14.55,98,4.9,3,280,1,7,9,5.8,7,41.81,Needs Improvement
4514,Nancy Casey,84,6.64,90,4.8,1,96,3,2,5,6.4,9,57.46,Needs Improvement
4515,Tanya Baker,59,11.34,50,2.5,3,141,1,5,10,4.1,7,24.11,Needs Improvement
4516,Christine Goodman,74,5.42,76,4.9,10,9,8,9,7,11.8,8,60.21,Average
4517,Ivan Collins,48,6.73,87,1.5,5,221,6,2,9,4.0,10,29.76,Needs Improvement
4518,Deborah Woodward,69,9.59,58,1.0,6,231,10,5,10,2.7,6,23.31,Needs Improvement
4519,Christopher Williams,99,6.76,81,1.0,0,121,4,8,9,2.0,4,57.18,Needs Improvement
4520,Sandra Wagner,60,8.12,98,2.8,4,187,1,2,6,7.9,5,43.77,Needs Improvement
4521,Stephen White,80,1.3,62,3.1,8,205,1,3,2,6.2,7,40.87,Needs Improvement
4522,Kyle Choi,99,9.39,83,1.1,5,66,6,6,4,10.3,2,53.28,Needs Improvement
4523,Alexandria Wright,61,2.19,51,4.5,5,48,6,8,8,6.1,4,47.25,Needs Improvement
4524,Marissa Martinez,93,8.55,86,4.0,10,158,6,10,7,5.2,4,54.55,Needs Improvement
4525,Robert Thomas,67,7.77,89,1.5,0,131,2,10,5,7.4,7,47.47,Needs Improvement
4526,Rachel Baker,68,3.82,64,3.8,6,36,9,7,4,11.6,2,69.96,Average
4527,Jonathan Mcmahon,54,10.11,86,2.9,6,248,10,9,6,5.5,8,47.47,Needs Improvement
4528,Charles Davies,79,3.57,54,4.2,2,184,9,3,10,11.6,2,72.95,Average
4529,Paula Pena,92,8.99,56,3.6,7,115,3,9,8,6.3,7,40.98,Needs Improvement
4530,Margaret Chandler,95,6.24,69,4.0,6,98,3,4,10,6.5,1,65.17,Average
4531,Rebecca Davis,97,5.88,88,1.8,10,164,2,2,6,7.1,9,30.43,Needs Improvement
4532,Stacy Johnson,73,14.06,77,4.2,7,181,7,10,6,7.3,10,41.58,Needs Improvement
4533,Michael Middleton,97,14.32,87,2.4,8,66,7,3,4,4.0,10,20.21,Needs Improvement
4534,Alex Flores,47,4.45,63,1.5,6,123,3,8,3,5.5,10,23.97,Needs Improvement
4535,Scott Watson,49,13.11,83,4.3,2,115,4,4,10,6.2,3,42.67,Needs Improvement
4536,Scott Murphy,61,2.76,82,4.8,4,165,5,3,3,6.3,4,58.81,Needs Improvement
4537,George Manning,75,4.57,53,3.5,2,153,3,6,1,10.2,9,58.34,Needs Improvement
4538,Luis Gomez,87,1.09,52,4.0,10,243,8,7,10,7.8,7,58.55,Needs Improvement
4539,John Levy,61,2.73,69,4.7,1,203,6,1,7,5.8,1,75.1,Average
4540,William Jacobson,86,4.84,80,1.1,6,78,4,2,8,9.5,4,48.26,Needs Improvement
4541,Cynthia Ellis,67,5.54,56,1.9,6,30,10,5,6,2.5,6,27.09,Needs Improvement
4542,David Allen,52,12.06,63,4.5,7,98,5,6,7,2.5,2,29.31,Needs Improvement
4543,Todd Jennings,47,10.18,85,4.8,2,73,10,8,9,3.9,4,58.23,Needs Improvement
4544,Lauren Alvarez,66,4.24,91,3.8,8,25,10,6,1,11.7,8,48.08,Needs Improvement
4545,Eric Barr,69,8.84,72,2.5,5,210,5,4,5,11.4,4,53.66,Needs Improvement
4546,Lisa Hawkins,46,3.32,75,4.4,9,275,3,7,8,6.3,1,58.62,Needs Improvement
4547,Kenneth Moon,78,2.18,57,1.3,5,251,5,6,10,6.0,3,60.75,Average
4548,Victoria Meadows,85,3.0,91,4.3,10,90,8,9,6,11.4,1,69.82,Average
4549,Christian English,50,11.88,78,4.5,9,178,7,3,6,11.0,10,32.99,Needs Improvement
4550,David Martinez,76,14.59,57,3.5,7,224,4,9,2,3.4,4,38.63,Needs Improvement
4551,Luis Jordan,56,13.51,65,1.4,0,36,10,3,5,3.0,4,31.75,Needs Improvement
4552,Christopher Key,64,6.39,79,3.9,3,110,8,9,6,3.2,6,58.56,Needs Improvement
4553,Rachel Curry,56,4.05,96,1.4,0,250,8,8,5,11.5,2,86.1,Excellent
4554,Tabitha Morgan,44,3.49,72,3.9,9,269,8,9,8,10.9,2,61.06,Average
4555,Joseph Blake,94,6.23,85,1.8,10,212,9,2,2,7.6,4,48.4,Needs Improvement
4556,Mr. Zachary Gonzalez,80,9.75,86,2.5,0,206,7,8,8,6.6,4,64.38,Average
4557,Allen Martin,80,8.3,63,4.1,8,43,5,5,9,10.6,5,42.4,Needs Improvement
4558,John Taylor,65,11.0,66,1.5,10,17,3,4,2,11.5,4,22.0,Needs Improvement
4559,Jeremy Henson,96,5.77,74,2.1,2,95,1,1,3,11.0,8,49.83,Needs Improvement
4560,Wesley Rodriguez,47,13.74,83,3.4,9,218,6,3,7,5.9,8,16.13,Needs Improvement
4561,Gregory Compton,69,3.46,56,2.1,4,272,5,6,7,5.2,6,50.62,Needs Improvement
4562,William Reid,61,11.3,92,4.2,2,214,9,1,5,2.3,5,49.53,Needs Improvement
4563,Darren Gonzalez,68,1.24,73,3.0,10,132,2,6,3,6.9,3,50.67,Needs Improvement
4564,Randy Austin,48,9.13,82,3.2,10,10,5,10,3,9.5,5,33.03,Needs Improvement
4565,Tara Barber,79,14.1,100,4.4,1,94,2,3,9,9.0,4,53.7,Needs Improvement
4566,Mary Montes,47,2.46,86,2.4,3,67,10,8,9,2.3,4,54.95,Needs Improvement
4567,Anthony Mitchell,83,13.84,95,4.5,7,289,4,4,10,3.3,7,37.49,Needs Improvement
4568,Maria Buchanan,89,12.97,75,2.5,6,24,1,3,9,2.9,7,15.91,Needs Improvement
4569,Andrew Faulkner,42,13.8,73,3.3,5,255,4,2,7,9.1,10,29.6,Needs Improvement
4570,Lawrence Carroll,69,10.2,57,1.7,9,118,6,5,10,9.9,8,35.66,Needs Improvement
4571,Christopher Nunez,72,7.22,97,1.9,9,106,10,2,8,7.3,6,38.64,Needs Improvement
4572,Sierra Leonard,83,7.84,81,3.4,7,171,5,4,5,9.0,1,53.74,Needs Improvement
4573,Angel Deleon,63,11.92,98,3.5,7,258,9,6,3,6.1,7,40.95,Needs Improvement
4574,Erin Johnson,90,6.3,80,4.0,0,116,3,1,9,2.7,4,56.78,Needs Improvement
4575,Robert Thompson,67,7.41,67,3.0,3,276,1,5,10,2.1,10,39.62,Needs Improvement
4576,Deborah Morrison,64,7.87,61,1.2,9,132,10,4,3,5.2,8,19.93,Needs Improvement
4577,Jacob Barker,76,4.14,73,3.6,5,232,5,1,8,9.6,3,68.34,Average
4578,Maria Ford,62,13.01,72,2.5,6,148,5,9,3,3.5,1,36.95,Needs Improvement
4579,Joseph Rogers,53,8.17,67,2.2,5,131,1,5,3,7.2,2,34.1,Needs Improvement
4580,Ryan Schroeder,92,12.75,75,1.7,8,245,1,8,7,2.2,10,17.81,Needs Improvement
4581,Tonya Lloyd,44,4.67,62,4.8,2,222,10,8,7,11.3,9,76.59,Average
4582,Nicole Winters,40,6.38,84,4.3,7,93,1,4,4,4.2,7,29.84,Needs Improvement
4583,Erin Gordon,43,1.4,92,2.4,6,136,6,4,4,3.5,3,49.69,Needs Improvement
4584,Brooke Moore MD,74,13.42,96,1.1,8,170,2,3,4,7.7,9,22.33,Needs Improvement
4585,Joel Ruiz,100,13.47,90,1.5,4,254,4,6,10,11.2,5,65.43,Average
4586,Susan Dominguez,65,4.24,85,3.6,8,87,6,2,9,8.2,6,50.21,Needs Improvement
4587,Cynthia Waters,60,10.41,85,3.0,2,282,7,2,10,3.6,1,54.82,Needs Improvement
4588,Mrs. Megan Clark MD,73,11.3,100,3.2,7,107,4,8,5,3.9,4,39.32,Needs Improvement
4589,Joseph Miller,73,9.64,66,2.3,8,259,2,2,10,7.9,4,34.8,Needs Improvement
4590,Neil Diaz,88,1.31,70,3.7,10,140,9,2,8,5.1,3,51.96,Needs Improvement
4591,Tracy Myers,81,12.02,63,1.3,0,110,1,10,4,4.0,2,53.82,Needs Improvement
4592,Eric Davis,58,12.07,77,1.8,6,205,2,1,2,7.2,10,14.61,Needs Improvement
4593,Danielle Quinn,86,3.85,89,3.0,8,47,5,1,9,9.2,10,49.88,Needs Improvement
4594,Destiny Allen,96,7.87,95,1.0,3,167,6,6,4,10.9,6,60.71,Average
4595,Kenneth Hughes,54,6.16,95,3.9,3,96,9,1,5,4.9,10,46.77,Needs Improvement
4596,Heidi Ramirez,58,3.92,56,4.7,7,70,7,4,8,11.2,1,68.07,Average
4597,Cody Williams,44,9.75,80,3.8,4,215,10,6,1,8.3,9,57.82,Needs Improvement
4598,Thomas Johnston,93,13.89,77,3.8,4,199,1,8,2,2.2,3,31.11,Needs Improvement
4599,Anthony Bennett,92,2.87,90,1.6,4,298,1,3,5,9.4,8,56.04,Needs Improvement
4600,Leah Meyer,63,4.66,55,3.6,7,19,5,6,3,10.5,2,57.43,Needs Improvement
4601,Jerry Rivera,86,11.8,72,4.6,0,62,4,9,5,6.5,6,55.67,Needs Improvement
4602,Jonathan Adams,93,2.7,75,4.2,8,274,10,7,4,6.7,10,62.28,Average
4603,Andrea Washington,58,11.3,52,4.6,5,26,9,8,10,11.5,2,54.35,Needs Improvement
4604,Charles Strong,62,6.09,50,3.9,6,269,1,6,10,5.8,1,48.52,Needs Improvement
4605,Nicole Rodriguez,55,7.77,97,3.0,3,114,7,5,5,8.2,7,56.02,Needs Improvement
4606,Rhonda Wright,74,4.54,83,4.8,4,38,10,3,2,7.0,7,63.95,Average
4607,Ryan Daniels,54,10.07,68,3.8,10,198,1,6,2,9.0,3,32.75,Needs Improvement
4608,Stephanie Hogan,40,13.41,77,1.6,10,77,1,7,10,6.5,8,19.33,Needs Improvement
4609,Samuel Simpson,65,7.88,68,3.0,1,61,2,1,3,2.9,8,35.26,Needs Improvement
4610,Steven Alexander,80,8.09,58,4.7,9,228,6,4,6,3.4,3,38.33,Needs Improvement
4611,Anthony Roberts,58,8.84,97,3.3,7,87,3,7,9,11.1,1,60.75,Average
4612,Thomas White,99,7.14,94,1.3,9,98,3,2,10,3.9,7,32.53,Needs Improvement
4613,Scott Harris,70,11.69,79,1.0,9,54,4,4,2,6.4,5,20.23,Needs Improvement
4614,Jonathan Thompson,46,1.59,53,2.7,9,201,5,4,3,11.1,9,39.83,Needs Improvement
4615,William Harper,87,13.15,85,2.4,0,244,1,9,7,8.2,9,48.7,Needs Improvement
4616,Michelle Bush,89,11.61,74,3.7,7,21,5,5,6,4.7,8,27.41,Needs Improvement
4617,Dr. Wesley Tyler,85,5.9,87,3.2,10,181,9,10,7,2.1,7,48.77,Needs Improvement
4618,Teresa Pearson,87,12.04,94,3.8,5,218,2,5,1,11.3,10,44.06,Needs Improvement
4619,Angela Walters,69,13.58,80,4.4,3,201,2,9,7,4.4,6,41.32,Needs Improvement
4620,Traci Smith,91,1.55,52,3.0,8,27,3,3,10,3.3,2,49.8,Needs Improvement
4621,Sara Knight,58,11.86,94,3.7,7,125,2,9,4,3.8,4,29.11,Needs Improvement
4622,Dustin Stewart,42,13.26,51,2.3,8,211,4,9,3,6.6,2,27.8,Needs Improvement
4623,Christine Johnson,67,5.65,79,4.3,4,47,7,1,10,5.4,6,50.06,Needs Improvement
4624,Ronald Thompson,40,9.74,84,1.0,4,118,9,1,9,2.7,6,20.06,Needs Improvement
4625,Lori Foster,71,9.37,79,2.3,4,255,3,4,6,5.4,2,50.74,Needs Improvement
4626,John Pollard,94,12.93,69,3.3,8,185,7,1,1,8.0,7,27.57,Needs Improvement
4627,Patrick Buck,51,9.92,62,1.7,0,26,8,9,5,3.4,6,37.34,Needs Improvement
4628,Laura Smith,48,6.34,52,2.0,5,211,4,8,3,6.2,4,44.05,Needs Improvement
4629,Martha Gray,45,5.49,59,2.0,10,290,8,1,10,3.0,1,39.2,Needs Improvement
4630,Mary Ortiz,61,13.25,74,1.7,4,287,2,3,10,2.4,2,18.72,Needs Improvement
4631,Thomas Landry,47,8.15,62,1.6,9,25,6,6,7,9.4,3,32.84,Needs Improvement
4632,Pamela Soto,42,10.58,100,1.0,2,176,8,6,5,7.7,8,39.4,Needs Improvement
4633,Daniel Nelson,74,10.07,59,2.2,8,71,8,9,8,10.7,6,30.62,Needs Improvement
4634,Joseph Phelps,70,6.64,93,4.0,6,49,7,4,6,4.6,8,41.79,Needs Improvement
4635,Anthony Haynes,96,4.9,86,2.7,9,213,10,6,6,5.6,6,51.83,Needs Improvement
4636,Daniel Lang,75,2.71,56,1.5,3,33,2,7,2,11.3,6,63.13,Average
4637,Stanley Velasquez,91,6.47,83,4.1,9,241,8,7,9,9.8,7,63.86,Average
4638,Gary Smith,92,5.44,72,4.7,4,75,6,7,5,11.1,5,74.05,Average
4639,Alexander Dixon,46,3.79,50,4.6,6,30,8,7,7,4.7,9,44.46,Needs Improvement
4640,Jennifer Lawrence,59,13.46,63,1.3,1,124,1,7,2,5.0,1,32.22,Needs Improvement
4641,Ian Tanner,42,13.15,79,1.1,0,31,9,3,6,4.5,2,35.09,Needs Improvement
4642,Craig Hobbs,42,11.27,83,3.8,4,285,2,1,3,10.6,4,41.6,Needs Improvement
4643,Christine Wagner,80,12.6,82,2.8,5,192,2,9,1,4.3,2,50.93,Needs Improvement
4644,Karen Cherry,65,1.26,90,3.1,8,238,7,6,9,8.9,6,63.36,Average
4645,Seth Weber,68,2.79,74,3.2,1,199,10,6,3,8.1,2,77.74,Average
4646,Steven Jones,56,13.97,75,3.8,4,127,6,10,9,8.8,4,50.85,Needs Improvement
4647,Jeremy Taylor MD,41,2.36,89,3.0,7,38,9,2,4,3.5,9,33.13,Needs Improvement
4648,Stephanie Hayes,95,10.07,61,2.3,5,122,3,5,3,10.4,3,43.97,Needs Improvement
4649,Alexander Bennett,83,6.77,62,4.3,0,20,2,9,2,2.4,3,58.32,Needs Improvement
4650,Christine Lopez,69,12.1,64,2.4,3,220,2,1,8,11.2,2,52.14,Needs Improvement
4651,Brian Baker,83,13.06,87,4.4,5,89,1,4,1,8.9,9,31.97,Needs Improvement
4652,Sara Johnson,71,13.52,70,2.9,0,276,1,7,3,9.5,6,46.35,Needs Improvement
4653,Sarah Lucas,87,12.14,74,2.4,0,283,4,7,4,6.2,5,53.63,Needs Improvement
4654,Amanda Crawford,70,3.39,54,3.5,3,300,4,2,3,4.0,8,47.34,Needs Improvement
4655,Kyle Reese,53,14.35,78,3.7,6,2,8,6,8,11.1,5,38.94,Needs Improvement
4656,Susan Sullivan,63,1.77,80,3.0,9,82,8,8,7,2.2,7,38.43,Needs Improvement
4657,Jason Shelton,77,4.42,70,2.1,9,217,10,9,2,11.7,3,59.06,Needs Improvement
4658,James Perry,69,10.64,57,2.0,3,111,5,5,2,9.7,7,35.52,Needs Improvement
4659,Brittany Harris,86,4.74,100,1.4,5,296,8,8,3,2.9,1,60.85,Average
4660,Karen Campbell,78,9.69,65,4.4,2,297,6,2,8,4.4,4,66.97,Average
4661,Judy Long,63,7.83,67,3.9,5,285,2,3,10,8.0,5,49.68,Needs Improvement
4662,Karen Collins,70,14.36,97,4.7,8,25,6,7,1,8.5,1,57.18,Needs Improvement
4663,Laura Cantrell,70,13.94,67,2.8,4,53,9,6,10,9.7,1,45.32,Needs Improvement
4664,Kayla Henry,85,11.16,92,3.8,2,280,9,7,2,8.7,7,79.53,Average
4665,Roger Carter,87,4.54,63,5.0,5,288,8,6,9,11.4,7,82.26,Excellent
4666,Diane Thompson,93,8.88,69,3.8,7,149,6,3,7,11.0,8,54.33,Needs Improvement
4667,Kyle Greene,54,5.54,80,4.3,0,91,5,3,3,9.6,1,77.26,Average
4668,Andrew Johnson,69,10.48,98,1.5,3,233,8,10,2,4.0,5,49.56,Needs Improvement
4669,John Richards,73,14.11,71,3.4,10,148,4,7,5,11.4,7,33.87,Needs Improvement
4670,Thomas Pollard,70,12.36,89,3.3,8,186,6,8,10,8.2,4,50.05,Needs Improvement
4671,Carol Berry,52,8.54,55,2.9,0,166,7,6,2,10.5,2,60.66,Average
4672,Barbara Richard,98,6.09,70,1.1,10,44,10,7,8,7.3,5,40.74,Needs Improvement
4673,Julia Holland,59,13.45,51,1.9,4,262,8,10,4,11.9,7,43.51,Needs Improvement
4674,Robin Dawson,82,13.86,79,3.0,6,116,4,6,9,3.9,4,32.38,Needs Improvement
4675,Ronnie Mejia,100,10.83,95,2.8,10,146,3,6,5,5.5,10,35.38,Needs Improvement
4676,Michael Ewing,75,14.66,75,1.1,8,267,9,5,3,4.7,9,25.57,Needs Improvement
4677,James Campbell,64,2.49,96,4.5,1,116,7,7,6,3.9,6,71.68,Average
4678,Taylor Simmons,70,5.58,52,3.5,9,189,1,4,5,3.0,1,31.6,Needs Improvement
4679,Sheryl Howard,70,13.48,70,4.4,4,287,9,5,1,6.5,5,42.61,Needs Improvement
4680,Michael Martin,54,12.37,59,3.1,5,239,1,5,5,11.4,2,47.09,Needs Improvement
4681,James Harrington,46,14.29,66,1.4,0,160,8,7,6,11.5,9,42.95,Needs Improvement
4682,Lisa Murphy,41,11.17,63,4.7,2,9,8,7,8,11.5,6,53.68,Needs Improvement
4683,Bradley Lopez,79,3.45,58,3.2,0,37,8,2,1,3.4,2,52.07,Needs Improvement
4684,Nicholas Fox IV,84,12.6,74,2.4,2,27,6,9,1,3.9,5,32.28,Needs Improvement
4685,Heather Lewis,71,5.84,92,3.1,1,166,6,4,6,9.6,1,81.61,Excellent
4686,Brittany Rogers,42,12.62,54,4.2,7,197,2,6,6,10.2,9,34.18,Needs Improvement
4687,Renee Smith,59,9.79,64,2.4,0,14,6,2,4,10.6,7,43.43,Needs Improvement
4688,Brandon Weaver,85,9.64,91,4.6,0,143,7,1,3,10.2,5,72.13,Average
4689,Aaron Mason,86,8.14,65,2.0,5,67,10,3,10,3.8,10,41.83,Needs Improvement
4690,Tiffany Stafford,65,12.15,78,4.0,6,267,7,10,6,4.1,3,58.75,Needs Improvement
4691,Abigail Cole,42,14.38,82,2.3,2,130,10,6,9,10.7,10,51.2,Needs Improvement
4692,Peter Miller,71,10.58,67,3.6,0,153,5,9,8,6.7,8,47.29,Needs Improvement
4693,Alexander Gonzales,90,9.36,93,1.2,2,244,3,9,1,10.5,3,62.9,Average
4694,Jamie Lee,41,6.21,91,1.9,6,193,10,10,2,3.2,6,43.75,Needs Improvement
4695,Rebecca Lee,41,12.27,66,1.2,0,284,7,7,8,3.6,7,33.11,Needs Improvement
4696,Jose Gutierrez,72,7.07,61,4.2,8,228,7,2,4,3.1,9,26.91,Needs Improvement
4697,Rebecca Harris,77,5.25,61,2.9,7,92,9,10,2,10.9,7,57.79,Needs Improvement
4698,Lisa Franco,59,10.68,70,4.0,2,201,1,3,5,5.3,6,47.23,Needs Improvement
4699,Dominique Mooney,67,14.07,55,4.0,0,265,2,1,9,2.6,10,26.24,Needs Improvement
4700,Dawn Evans,46,3.37,80,2.4,7,194,8,3,4,10.9,4,52.3,Needs Improvement
4701,Phillip Wilson,92,8.0,53,4.5,3,266,1,5,8,2.6,4,48.53,Needs Improvement
4702,Kiara Beasley,52,12.81,64,1.5,10,8,8,3,2,5.3,9,0.5,Needs Improvement
4703,Luke Little,76,5.95,96,4.2,4,247,6,8,3,6.4,3,78.41,Average
4704,Dylan Carpenter,41,6.7,67,4.2,4,150,9,1,10,2.3,6,45.15,Needs Improvement
4705,Bonnie Gilbert,45,11.03,76,3.8,7,16,10,10,6,9.0,7,34.43,Needs Improvement
4706,Kara King,50,12.44,62,1.8,0,202,10,10,9,4.1,9,42.5,Needs Improvement
4707,Shawn Ramsey,75,14.88,70,4.9,5,75,7,9,6,6.3,2,57.28,Needs Improvement
4708,Jonathan Moran,75,14.77,53,2.2,5,164,7,1,8,4.8,10,14.07,Needs Improvement
4709,Scott Grant,94,9.07,53,1.1,6,110,6,5,5,9.5,7,32.25,Needs Improvement
4710,Rachel Goodwin,76,14.51,76,3.6,3,270,10,4,7,8.7,1,78.73,Average
4711,Gregory Edwards,46,6.04,91,4.0,7,36,7,8,7,10.2,10,46.4,Needs Improvement
4712,Jessica Kennedy,51,3.37,55,2.8,6,204,10,7,7,5.8,6,49.58,Needs Improvement
4713,Ebony Vasquez,95,4.0,90,4.4,1,63,8,3,4,5.0,8,69.38,Average
4714,Stephen Taylor,64,2.35,51,1.5,0,21,10,10,8,4.7,9,58.33,Needs Improvement
4715,George Wells,54,13.45,68,2.4,7,172,1,1,2,8.6,9,19.29,Needs Improvement
4716,Adam Smith,57,4.13,100,1.9,2,43,5,6,5,2.8,3,51.27,Needs Improvement
4717,Beverly Bowman,89,10.38,90,3.9,5,31,9,5,7,4.4,5,55.11,Needs Improvement
4718,Lonnie Stewart,42,8.51,77,2.4,9,82,5,5,10,10.6,9,20.61,Needs Improvement
4719,Christopher Marquez,91,12.99,53,3.6,8,279,8,8,1,3.2,4,40.2,Needs Improvement
4720,Alexis Hines,44,1.39,59,5.0,4,201,6,5,1,9.5,4,61.02,Average
4721,Michelle Knight,89,14.23,94,2.5,8,163,5,9,9,9.1,1,56.08,Needs Improvement
4722,Kristina Lee,47,10.85,92,2.4,9,168,10,8,3,6.8,3,39.8,Needs Improvement
4723,John Montgomery,68,12.74,53,2.9,3,1,7,5,7,10.1,2,48.93,Needs Improvement
4724,Jose Curtis,56,14.95,100,3.7,4,228,9,10,1,2.1,6,45.01,Needs Improvement
4725,Allison Hendrix,64,2.69,93,2.7,7,106,6,5,8,6.8,6,49.56,Needs Improvement
4726,Marie Garza,41,5.79,52,1.3,1,163,5,10,9,4.9,10,38.49,Needs Improvement
4727,Christina Hernandez,56,3.83,98,4.4,2,207,3,7,1,9.7,9,63.22,Average
4728,Susan Harper,98,8.47,86,2.3,2,21,2,3,2,4.7,5,45.55,Needs Improvement
4729,Brenda Hernandez,65,6.01,69,4.3,5,57,2,1,5,4.5,5,33.35,Needs Improvement
4730,Justin Ramirez,48,12.36,76,4.9,10,189,2,9,2,4.7,8,30.79,Needs Improvement
4731,Todd Davis,41,5.27,88,3.8,4,45,3,6,7,5.6,8,45.98,Needs Improvement
4732,Alexandra Mcdonald,69,12.9,84,3.4,4,50,2,5,8,11.6,3,45.19,Needs Improvement
4733,Antonio Lawson,83,2.62,68,3.6,9,79,1,1,5,11.2,1,59.36,Needs Improvement
4734,Dr. Tyler Marsh,91,2.23,90,2.7,1,96,5,1,4,8.1,2,66.94,Average
4735,Peter West,61,8.14,78,4.4,4,103,5,9,2,2.2,7,44.2,Needs Improvement
4736,Alyssa Conrad,57,12.02,89,2.4,6,48,10,6,7,9.4,9,40.28,Needs Improvement
4737,Erica Byrd,94,10.1,62,4.4,5,232,10,3,3,9.5,7,58.86,Needs Improvement
4738,Ms. Jacqueline Evans PhD,98,3.8,60,3.5,3,70,4,5,8,2.2,9,37.41,Needs Improvement
4739,Jessica Haney,81,2.15,64,2.8,2,19,8,8,2,2.3,3,48.54,Needs Improvement
4740,Anna Peck,72,12.32,93,1.7,8,198,2,2,10,3.7,6,21.23,Needs Improvement
4741,Christopher Young,63,11.45,94,1.3,10,82,1,1,2,2.8,6,0.0,Needs Improvement
4742,Michael Robinson,40,11.68,64,2.0,6,192,9,9,10,8.1,2,55.38,Needs Improvement
4743,Jessica Bailey,89,4.25,57,2.2,1,94,5,7,4,4.8,4,55.02,Needs Improvement
4744,Elizabeth Reid,83,12.04,55,3.5,5,86,10,1,6,3.1,9,29.04,Needs Improvement
4745,Charles Wheeler DVM,86,8.49,85,1.7,8,254,2,10,6,6.1,1,51.35,Needs Improvement
4746,Jerry Jefferson,72,4.46,86,1.1,2,131,5,2,1,8.9,6,44.1,Needs Improvement
4747,Daniel Gonzales,70,14.31,80,3.7,4,147,3,2,3,4.7,1,30.29,Needs Improvement
4748,Rick Miller,73,11.36,63,2.8,9,19,4,7,2,10.8,4,34.77,Needs Improvement
4749,Andrea Lindsey,51,8.72,91,2.6,6,69,9,8,2,2.5,3,36.57,Needs Improvement
4750,Cameron Ward,69,14.31,55,4.9,1,275,1,1,1,5.9,9,38.22,Needs Improvement
4751,Gregory Johnson,43,3.2,62,4.6,8,281,1,7,9,4.0,2,45.71,Needs Improvement
4752,Beth Novak,70,8.29,70,2.2,6,151,9,5,2,8.1,5,44.76,Needs Improvement
4753,Jose Harris,44,3.29,97,1.3,7,31,5,3,9,9.1,8,28.48,Needs Improvement
4754,Stacy Cross,78,3.07,79,3.9,4,191,2,2,4,11.3,8,60.69,Average
4755,Tanya Nelson,74,1.98,55,4.8,6,171,9,10,5,5.5,5,70.08,Average
4756,Jacqueline Rush,88,13.34,71,3.6,3,180,9,2,3,6.0,8,34.67,Needs Improvement
4757,Joshua Andersen,48,9.82,70,1.6,0,187,2,4,4,4.6,9,25.52,Needs Improvement
4758,Justin Braun,86,5.35,97,2.5,1,237,10,5,5,2.2,2,63.59,Average
4759,Dr. Matthew Johnson MD,63,4.89,65,3.1,10,182,4,3,1,5.5,8,25.18,Needs Improvement
4760,Edward Holloway,43,3.98,52,4.7,0,72,5,2,6,6.9,6,59.65,Needs Improvement
4761,Kathryn Robbins,64,12.51,64,4.0,7,51,8,4,9,8.2,7,36.97,Needs Improvement
4762,Julia Medina,66,12.92,92,1.6,5,98,2,6,10,3.6,9,21.02,Needs Improvement
4763,Steven Fletcher,80,13.86,66,3.7,9,279,3,1,3,4.5,9,22.04,Needs Improvement
4764,Scott Gomez,55,12.83,94,2.6,10,154,3,2,10,4.8,3,24.37,Needs Improvement
4765,Cindy Reed,51,8.6,61,4.9,10,24,9,7,2,9.6,9,31.53,Needs Improvement
4766,Julie Vargas,55,9.86,79,2.4,2,66,7,3,10,5.0,4,37.6,Needs Improvement
4767,Sabrina Richardson,61,6.14,91,1.3,7,2,10,3,5,4.0,7,28.14,Needs Improvement
4768,Jonathon Anderson,96,4.38,83,3.6,6,225,8,8,9,5.6,9,67.31,Average
4769,Dr. Matthew Ferrell,69,2.83,94,2.4,9,17,2,8,3,10.5,2,47.42,Needs Improvement
4770,Steven Hill,88,6.6,55,3.2,5,33,3,9,3,11.3,10,50.41,Needs Improvement
4771,Megan Dunn,94,3.15,62,2.4,10,152,4,10,10,10.4,2,62.47,Average
4772,Joel Park,62,11.88,93,1.9,0,180,2,1,6,10.7,4,47.32,Needs Improvement
4773,Tammy Washington,40,9.58,88,4.1,5,23,7,7,8,8.7,7,48.84,Needs Improvement
4774,Julia Harvey,99,12.02,68,2.7,1,47,9,2,6,11.9,6,68.59,Average
4775,Alexis Hawkins,75,9.31,84,2.9,4,202,2,6,7,8.5,4,55.07,Needs Improvement
4776,William Lewis,63,6.38,83,2.7,2,284,4,4,7,9.0,9,53.32,Needs Improvement
4777,Kristin Jackson DDS,60,9.61,59,2.0,8,129,6,3,8,5.5,6,13.68,Needs Improvement
4778,Donna Gregory,51,11.36,56,2.1,7,141,4,6,7,10.9,10,31.38,Needs Improvement
4779,Sharon Long,42,9.38,76,3.1,10,99,8,3,8,5.3,7,32.27,Needs Improvement
4780,Maria Perez,79,3.73,52,2.1,0,79,7,2,5,11.5,3,75.83,Average
4781,Alexandra Watson,100,11.66,57,3.6,6,251,6,2,6,10.3,4,55.55,Needs Improvement
4782,Kaitlin Ortiz,42,3.79,88,4.4,5,205,2,9,8,8.0,5,60.99,Average
4783,Tammy Rogers,66,2.55,97,1.6,8,162,8,1,10,8.0,10,45.06,Needs Improvement
4784,William Johnson,94,11.92,53,1.7,5,185,6,1,3,2.3,1,38.15,Needs Improvement
4785,Rhonda Keller,88,14.8,83,1.1,3,86,2,2,7,5.3,3,33.3,Needs Improvement
4786,Sarah Carpenter,68,12.28,68,2.0,8,115,10,6,5,5.5,4,27.36,Needs Improvement
4787,Walter Baker,46,13.33,60,2.3,8,68,9,7,1,4.6,5,17.43,Needs Improvement
4788,Misty Hunter,51,8.0,86,2.0,2,89,8,6,3,7.7,10,39.48,Needs Improvement
4789,Tony Smith,47,6.09,78,4.6,5,112,4,10,3,5.8,4,58.37,Needs Improvement
4790,Walter Burgess DDS,55,13.43,65,4.8,7,283,7,6,8,7.5,9,38.35,Needs Improvement
4791,Isaiah Campos,41,12.95,75,4.7,10,182,9,5,6,6.5,6,27.57,Needs Improvement
4792,Jordan Randall,75,5.45,73,2.3,8,71,3,4,1,11.3,9,28.2,Needs Improvement
4793,Erik Parker,60,10.15,55,3.8,2,2,1,9,7,8.9,1,41.97,Needs Improvement
4794,Dr. Corey Manning,78,6.65,86,3.3,2,204,4,10,6,8.5,2,77.15,Average
4795,Amy Vasquez,94,8.0,51,4.6,1,231,4,7,8,7.0,8,54.24,Needs Improvement
4796,Christy Brooks,91,11.7,57,2.3,6,39,6,2,8,2.2,4,16.12,Needs Improvement
4797,Debra Lester,75,11.11,90,3.5,6,211,10,8,5,4.8,10,42.53,Needs Improvement
4798,Christopher Mays,84,8.44,51,2.3,9,285,5,5,9,10.0,6,46.73,Needs Improvement
4799,Jason Charles,54,7.29,67,1.1,5,169,9,5,3,3.5,8,35.67,Needs Improvement
4800,Susan Chavez,46,10.4,60,1.2,0,214,1,4,6,3.3,5,33.36,Needs Improvement
4801,Victoria Morrison,49,2.74,60,2.4,10,70,5,5,6,8.1,5,28.32,Needs Improvement
4802,Morgan Madden,66,7.76,66,3.1,7,127,8,9,10,3.0,6,39.75,Needs Improvement
4803,Michael Caldwell,71,11.5,57,1.1,9,217,10,8,3,9.8,9,32.86,Needs Improvement
4804,Angela Thomas,62,14.53,86,4.6,8,10,4,10,2,5.5,4,41.23,Needs Improvement
4805,Vincent Bass,58,3.96,62,2.9,1,241,7,7,3,7.0,7,57.32,Needs Improvement
4806,Ralph Mccoy,100,10.31,92,2.8,2,51,1,3,3,2.2,4,44.94,Needs Improvement
4807,Patricia Riley,76,4.18,66,2.9,3,49,10,6,2,5.2,2,56.25,Needs Improvement
4808,Danielle Hobbs DDS,99,9.07,98,2.7,6,268,8,3,8,4.5,10,53.46,Needs Improvement
4809,Dominique Hart,60,8.78,100,1.7,10,120,1,1,2,5.9,6,16.94,Needs Improvement
4810,Steven Fisher,55,12.51,59,2.5,8,175,1,7,9,9.9,4,37.34,Needs Improvement
4811,Jane Mccall,92,1.18,75,1.8,2,183,2,9,4,11.6,7,81.35,Excellent
4812,Shawn Clark,95,13.7,93,2.1,1,209,7,6,9,6.7,5,64.34,Average
4813,Christy Shaffer,76,8.65,77,1.1,6,123,7,4,6,8.2,6,38.14,Needs Improvement
4814,Abigail Jackson,66,4.45,53,2.8,9,278,2,4,9,9.6,9,41.62,Needs Improvement
4815,Elizabeth Andrade,72,4.72,82,3.8,3,258,10,2,5,5.1,8,56.12,Needs Improvement
4816,Donna Le,60,2.8,76,2.7,9,34,2,7,10,3.8,4,38.5,Needs Improvement
4817,Mrs. Michelle Scott,56,6.58,52,1.8,3,166,2,1,6,2.8,3,17.69,Needs Improvement
4818,Austin Pace,90,11.49,97,4.5,8,192,4,4,5,10.8,1,61.02,Average
4819,Jeffrey Kelley,67,6.61,73,3.8,2,147,4,6,4,5.1,5,55.72,Needs Improvement
4820,Christy Mendoza MD,99,4.79,71,2.6,10,20,1,1,1,7.0,5,34.48,Needs Improvement
4821,Lori Obrien,70,10.53,99,4.0,5,165,8,2,7,11.9,10,58.8,Needs Improvement
4822,Hannah Reed,69,12.24,100,1.6,6,288,3,3,6,2.7,2,41.05,Needs Improvement
4823,Ronald Anderson,59,12.93,70,3.5,3,83,4,4,5,5.9,1,37.3,Needs Improvement
4824,Mario Haynes,73,7.7,57,1.5,9,16,8,8,7,9.4,5,32.39,Needs Improvement
4825,Leslie Thompson,67,10.56,65,3.4,5,213,7,4,8,9.7,6,49.2,Needs Improvement
4826,Rachel Price,56,13.11,91,4.6,6,258,8,8,7,4.4,8,40.53,Needs Improvement
4827,Cindy Lyons,60,8.68,56,3.8,10,27,3,3,10,10.3,3,38.63,Needs Improvement
4828,Janice Sheppard,94,3.74,59,1.2,1,181,10,7,8,6.3,6,63.77,Average
4829,Courtney Barton,45,4.1,90,1.3,10,132,3,1,2,11.5,10,23.45,Needs Improvement
4830,David Johnson,49,7.31,95,4.6,10,73,4,5,5,9.7,10,38.16,Needs Improvement
4831,Shannon Morales,96,5.94,55,4.0,6,46,6,4,3,7.1,3,54.62,Needs Improvement
4832,Kelsey Matthews DDS,61,8.0,57,1.3,1,93,3,9,4,3.1,5,32.74,Needs Improvement
4833,Matthew Riley,67,6.88,65,3.6,6,20,2,7,6,5.1,2,45.32,Needs Improvement
4834,Caitlyn Shannon,60,8.18,92,3.7,9,266,2,2,1,10.3,5,42.38,Needs Improvement
4835,Mr. Benjamin Lewis,75,3.98,76,4.2,1,80,2,10,6,10.4,4,76.02,Average
4836,Derrick Smith,71,3.29,95,2.2,5,213,1,1,4,6.9,3,52.62,Needs Improvement
4837,James Sullivan,66,12.95,50,3.5,10,209,4,6,3,9.8,4,36.08,Needs Improvement
4838,Karen Olson,61,6.74,71,1.5,10,33,2,2,7,9.0,8,19.47,Needs Improvement
4839,Robert Perez,47,3.89,53,3.3,2,9,2,10,9,2.5,7,41.26,Needs Improvement
4840,Clayton Villa,90,13.53,95,1.8,8,139,1,2,2,5.9,4,30.16,Needs Improvement
4841,Amber Mckenzie,78,4.08,82,3.2,7,90,10,3,9,5.5,5,48.75,Needs Improvement
4842,Terri Lucas,65,10.73,67,1.5,4,245,9,8,10,8.6,9,45.11,Needs Improvement
4843,Scott Sanchez,81,3.35,92,1.2,8,155,8,3,9,6.1,5,48.34,Needs Improvement
4844,Gregory Jones,71,7.17,83,2.5,10,95,10,3,7,2.3,2,33.11,Needs Improvement
4845,Clinton Bright,66,4.66,59,4.0,8,76,9,6,3,8.4,4,55.75,Needs Improvement
4846,Mary Rogers,44,1.65,93,2.3,8,153,4,8,9,6.8,8,50.85,Needs Improvement
4847,Theresa Maxwell,44,3.59,63,3.4,4,132,6,10,8,5.3,3,56.68,Needs Improvement
4848,Brandon Austin,73,7.03,69,1.4,4,251,5,7,2,2.5,5,38.16,Needs Improvement
4849,Tiffany Silva,86,14.52,99,2.3,10,202,6,1,7,11.6,3,49.52,Needs Improvement
4850,Daniel Garcia,100,11.25,51,1.0,5,109,7,4,8,4.0,6,36.86,Needs Improvement
4851,Samuel Diaz,78,1.39,76,2.7,4,256,9,3,2,6.6,4,69.57,Average
4852,Victor Cox,94,9.59,52,1.8,9,219,6,1,5,3.3,4,25.56,Needs Improvement
4853,Kyle Gomez,53,11.45,56,4.5,4,240,9,8,7,4.9,2,56.81,Needs Improvement
4854,Madison Hester,42,8.91,63,4.3,10,286,5,9,10,4.4,9,21.26,Needs Improvement
4855,Richard Gomez,91,4.37,69,3.3,7,291,3,3,1,9.7,5,62.87,Average
4856,Sandra Baker,67,13.41,87,4.2,7,47,3,2,6,3.7,2,36.52,Needs Improvement
4857,Ebony Fleming,90,8.17,98,4.8,8,150,5,8,9,8.2,9,52.37,Needs Improvement
4858,Ariel Dawson,74,13.02,79,3.0,2,28,9,2,5,5.3,5,38.34,Needs Improvement
4859,Mrs. Kathleen Smith,60,11.32,75,2.2,1,269,2,9,1,6.3,5,46.58,Needs Improvement
4860,Dana Miller,98,14.59,69,3.8,5,226,3,9,9,7.9,4,57.79,Needs Improvement
4861,Shannon Kaiser,75,14.58,97,2.4,10,95,4,3,6,10.8,3,38.83,Needs Improvement
4862,Jessica Branch,57,8.0,72,4.8,10,43,1,8,2,6.3,4,33.75,Needs Improvement
4863,Ryan Myers,86,9.72,86,2.8,7,276,7,5,6,7.6,10,43.29,Needs Improvement
4864,Brandon Murphy,72,9.89,56,4.1,6,218,5,10,9,7.0,3,57.02,Needs Improvement
4865,Mr. William Williams DDS,69,5.21,56,2.0,1,217,6,9,9,9.4,6,62.62,Average
4866,Cesar Gill,93,8.14,55,2.1,0,80,5,10,8,10.9,3,77.22,Average
4867,Christopher Curry,57,4.92,79,2.0,8,240,5,9,4,9.8,7,58.6,Needs Improvement
4868,Rodney Steele,68,4.86,79,1.4,6,47,7,2,7,2.8,9,28.83,Needs Improvement
4869,Derrick Williams,93,11.7,92,2.3,1,229,6,9,2,7.9,9,59.78,Needs Improvement
4870,Amy Griffin,60,5.37,83,4.3,6,11,7,5,7,6.1,5,46.23,Needs Improvement
4871,Jennifer Woods,67,2.73,51,3.4,1,159,3,6,9,6.2,3,63.61,Average
4872,Mrs. Brenda Payne DDS,100,12.75,87,3.4,2,175,10,6,10,4.9,8,68.6,Average
4873,Matthew Murray,93,9.75,78,3.5,9,140,6,6,6,11.4,4,56.6,Needs Improvement
4874,Todd Campbell,63,6.2,99,3.6,0,254,1,3,6,8.8,6,65.28,Average
4875,Colleen Lucas,63,10.26,98,4.8,0,272,3,10,2,10.7,10,68.9,Average
4876,Michele Moreno,95,4.73,58,3.8,3,64,8,9,9,7.9,8,56.98,Needs Improvement
4877,Crystal Griffith,72,5.63,88,2.8,7,32,5,3,7,8.8,1,48.83,Needs Improvement
4878,David Rangel,48,5.97,72,2.2,0,254,2,4,6,6.5,2,50.0,Needs Improvement
4879,Robin Howard,71,7.82,74,2.2,9,117,3,4,10,2.8,5,22.06,Needs Improvement
4880,Rachel Dickson,64,12.77,83,2.7,1,199,2,4,3,6.0,6,35.63,Needs Improvement
4881,Samuel Rogers,71,11.15,61,2.4,8,226,1,8,7,10.6,10,30.56,Needs Improvement
4882,Kelly Davis,55,12.56,58,3.2,4,180,6,1,9,4.2,3,42.32,Needs Improvement
4883,Daniel Flores,77,1.02,89,1.2,5,203,10,7,10,11.1,9,57.7,Needs Improvement
4884,Ashley Davis,80,6.51,72,3.0,1,96,4,4,5,7.4,1,61.8,Average
4885,Theodore Morgan,86,9.82,81,4.4,3,0,3,9,10,7.1,3,68.71,Average
4886,Mark Donaldson,89,2.12,65,4.4,6,236,8,10,6,7.9,9,63.04,Average
4887,Lisa Davis,77,8.72,80,4.0,8,79,2,3,8,5.9,6,34.74,Needs Improvement
4888,Steven Yu,94,13.08,91,4.7,2,23,3,10,6,6.1,7,60.78,Average
4889,Mariah Johnson,72,9.78,56,2.2,4,93,2,6,2,9.6,8,31.54,Needs Improvement
4890,Matthew Clark,59,5.16,89,4.0,8,154,3,8,8,4.4,10,39.44,Needs Improvement
4891,Matthew Bowen,75,13.95,94,2.4,9,82,2,7,8,4.9,9,19.37,Needs Improvement
4892,David Williams,58,5.37,95,4.2,0,148,6,7,3,9.1,7,73.16,Average
4893,Thomas Gutierrez,95,11.26,86,4.5,7,242,4,1,1,4.2,6,51.4,Needs Improvement
4894,Gary Santiago,74,7.03,96,2.3,9,237,1,4,6,7.0,10,39.71,Needs Improvement
4895,Stephanie Young,46,6.6,67,1.6,10,9,8,3,6,7.9,2,33.05,Needs Improvement
4896,Hannah Ray,99,4.72,63,3.6,9,165,2,1,10,4.7,2,53.77,Needs Improvement
4897,Julia Smith,60,4.93,60,2.0,2,175,8,2,10,2.6,5,39.59,Needs Improvement
4898,Peter Mack,66,7.13,80,5.0,5,183,9,1,5,2.4,10,42.67,Needs Improvement
4899,James Brewer,73,6.15,56,3.7,8,237,10,5,7,9.0,4,54.97,Needs Improvement
4900,Jennifer York,85,5.66,52,1.9,6,248,7,1,9,6.2,5,53.26,Needs Improvement
4901,Thomas Avila,82,3.33,80,2.6,8,291,3,6,8,11.0,5,63.08,Average
4902,Kristina Wu,45,8.14,62,1.4,5,77,5,3,8,4.0,2,23.32,Needs Improvement
4903,Angela Howell,50,6.41,83,3.4,6,249,1,10,6,4.7,3,46.85,Needs Improvement
4904,Matthew Johnson,95,2.25,72,2.0,5,188,3,6,3,10.8,3,68.2,Average
4905,Robert Velasquez,99,4.4,77,1.2,2,102,1,10,3,8.5,2,70.41,Average
4906,Wendy Robinson,80,7.1,62,1.8,6,213,1,6,1,10.0,6,43.15,Needs Improvement
4907,Paul Miller,66,6.65,70,3.2,9,46,2,7,10,5.6,8,31.2,Needs Improvement
4908,John Nicholson,90,7.33,99,2.8,0,18,4,7,4,4.4,2,57.49,Needs Improvement
4909,Joshua Andrews,71,4.44,63,2.0,9,113,7,8,3,10.6,9,37.98,Needs Improvement
4910,Dr. Susan Sweeney,73,11.31,66,1.5,1,249,4,10,7,11.8,1,66.7,Average
4911,Mark Moore,83,10.49,85,3.5,5,244,4,2,10,5.5,6,47.95,Needs Improvement
4912,Alexander Willis,65,3.22,70,4.7,8,153,4,2,1,4.7,7,32.34,Needs Improvement
4913,Shannon Meyer,52,13.18,92,1.1,9,55,8,2,1,9.0,1,26.67,Needs Improvement
4914,Elizabeth Arias,64,8.5,88,2.7,10,300,3,8,8,8.9,7,51.81,Needs Improvement
4915,John Short,72,12.65,64,4.1,3,211,7,1,5,7.3,6,44.04,Needs Improvement
4916,Stephanie Malone,89,7.59,58,4.9,1,253,7,9,3,6.8,6,71.42,Average
4917,Oscar Frye,83,3.75,66,1.3,3,40,10,3,3,10.0,6,53.53,Needs Improvement
4918,Amanda Molina,44,12.02,94,4.8,10,134,3,5,7,6.2,9,28.31,Needs Improvement
4919,Sheila Wilkerson,80,13.17,71,1.9,3,2,9,5,8,11.4,1,63.17,Average
4920,Sheila Anderson,80,3.18,96,3.8,10,94,4,6,2,6.0,2,51.91,Needs Improvement
4921,Rachel Harrington,83,6.01,97,3.2,2,18,3,3,6,5.6,7,55.19,Needs Improvement
4922,Austin Jones,46,13.39,79,1.3,9,282,6,8,7,6.9,1,31.43,Needs Improvement
4923,Taylor Washington,54,3.39,83,3.3,3,14,3,2,8,5.9,7,50.26,Needs Improvement
4924,Kimberly Bass,71,9.44,81,4.6,4,36,3,8,8,5.9,4,57.02,Needs Improvement
4925,Samantha Carrillo,93,13.6,88,1.4,9,217,7,3,3,3.5,4,30.7,Needs Improvement
4926,John Santos,79,10.9,96,3.7,3,75,3,8,1,4.1,10,46.22,Needs Improvement
4927,John Galloway,72,4.43,84,4.3,1,88,5,3,9,4.5,10,57.84,Needs Improvement
4928,Cheryl Phillips,61,9.49,82,2.2,4,39,5,5,5,7.4,7,40.12,Needs Improvement
4929,Erica Marshall,41,4.52,60,2.3,6,32,9,10,4,2.9,1,43.6,Needs Improvement
4930,Donald Norman,63,10.89,80,1.4,2,279,6,2,5,10.7,9,43.49,Needs Improvement
4931,Sandra Morgan,90,3.69,57,4.0,6,186,4,9,2,5.6,4,64.71,Average
4932,Natalie Bass,92,1.99,76,2.0,5,50,9,3,3,7.5,3,57.05,Needs Improvement
4933,Charles Cole,44,14.67,90,4.4,8,29,3,8,3,5.0,1,28.96,Needs Improvement
4934,Lisa Pope,47,12.79,65,3.9,4,296,3,5,6,8.9,2,43.41,Needs Improvement
4935,Katherine Floyd,60,12.36,50,3.3,3,240,2,5,7,2.5,5,24.39,Needs Improvement
4936,Anthony Savage,46,7.75,91,4.0,10,293,2,9,2,9.7,2,53.0,Needs Improvement
4937,Thomas Green,81,4.77,53,1.6,8,201,3,9,8,5.1,1,49.77,Needs Improvement
4938,Jason Vincent,94,2.08,81,3.3,2,289,4,6,6,6.3,9,71.02,Average
4939,Travis Gonzalez,95,10.43,68,3.8,4,188,9,4,8,5.4,5,55.61,Needs Improvement
4940,Mary Martin,67,5.87,59,1.9,1,250,6,9,8,9.4,3,52.43,Needs Improvement
4941,Terrence Rhodes,62,14.14,76,1.9,6,250,7,1,1,2.2,3,20.34,Needs Improvement
4942,Luis Fields,92,11.75,70,2.8,9,111,10,10,6,11.6,10,49.03,Needs Improvement
4943,Madison Jenkins,51,11.71,89,3.1,10,219,8,1,9,7.6,6,29.61,Needs Improvement
4944,Jerry Cox,65,2.47,67,3.4,0,130,2,6,3,5.3,9,50.08,Needs Improvement
4945,Sharon Tucker,48,1.1,76,2.6,1,122,6,4,10,7.0,10,46.39,Needs Improvement
4946,Erik Palmer,88,9.57,78,2.9,7,1,6,4,8,8.0,9,39.81,Needs Improvement
4947,Luis Liu,54,10.17,92,3.4,10,179,10,3,2,2.2,9,18.88,Needs Improvement
4948,Thomas Smith,92,9.37,79,2.1,5,284,5,8,5,9.2,3,66.09,Average
4949,Alicia Doyle,58,3.02,91,3.0,6,17,9,6,6,8.1,1,58.88,Needs Improvement
4950,Matthew Ayers,56,9.44,81,1.1,8,143,2,4,3,6.9,1,30.42,Needs Improvement
4951,Teresa Johnson,79,9.43,66,2.7,3,9,4,5,5,7.0,9,40.88,Needs Improvement
4952,Jeremy Khan,48,1.22,61,1.0,3,137,1,1,1,11.7,3,47.21,Needs Improvement
4953,Randy Hughes,75,1.76,78,3.6,10,266,9,10,9,11.6,2,75.74,Average
4954,Taylor Herrera,64,9.81,58,2.5,1,118,9,2,8,12.0,5,58.38,Needs Improvement
4955,Jason Grimes,88,2.43,72,2.4,6,3,10,6,6,5.5,10,47.28,Needs Improvement
4956,Patricia Rangel,79,14.28,83,2.6,4,185,7,7,1,5.9,3,40.53,Needs Improvement
4957,Steven Taylor,70,10.75,78,4.7,10,33,7,10,5,6.5,10,31.1,Needs Improvement
4958,Jeremy Morris,68,2.76,59,2.8,2,83,1,7,3,9.2,7,51.97,Needs Improvement
4959,Jeffrey Todd,83,1.33,89,4.3,9,287,9,10,5,9.9,1,90.08,Excellent
4960,Christina Lee,48,2.53,75,1.2,9,95,7,8,10,10.9,4,48.55,Needs Improvement
4961,Christopher Hammond,72,14.41,78,1.2,2,110,6,10,3,7.7,4,40.69,Needs Improvement
4962,James Douglas,44,11.73,100,3.4,2,290,4,9,9,6.1,2,60.65,Average
4963,Kaylee Mccann,67,13.2,73,4.5,5,101,6,9,1,10.5,1,52.16,Needs Improvement
4964,Michael Mays,58,3.05,89,5.0,7,227,5,10,9,11.8,2,90.71,Excellent
4965,Katherine Scott,64,12.07,72,4.9,1,243,1,3,6,8.0,7,53.22,Needs Improvement
4966,Ryan Perez,67,11.3,69,4.5,10,207,5,3,2,4.9,8,27.31,Needs Improvement
4967,John Price,52,3.88,95,4.6,8,290,3,1,4,11.1,2,58.94,Needs Improvement
4968,Tyler Landry,98,13.57,100,3.5,5,171,2,8,5,7.3,3,51.82,Needs Improvement
4969,Kayla Moran,43,1.74,73,3.6,7,203,5,1,9,8.9,9,41.09,Needs Improvement
4970,Timothy Hernandez,46,13.3,61,4.1,8,53,2,6,3,10.7,8,19.78,Needs Improvement
4971,Ashley Carlson,82,6.08,97,1.7,0,223,5,10,10,11.2,3,85.43,Excellent
4972,Aimee Stewart,81,9.54,68,2.6,5,83,1,7,7,11.2,2,46.17,Needs Improvement
4973,Michael Travis,59,5.45,76,4.0,9,49,1,9,3,5.3,7,36.08,Needs Improvement
4974,Megan Hayes,78,10.08,93,1.1,0,181,6,3,5,7.1,8,44.13,Needs Improvement
4975,Paul Phillips,80,13.59,86,4.5,4,63,4,2,7,6.3,8,33.94,Needs Improvement
4976,Christina Baker,91,1.31,71,4.0,3,51,7,1,3,8.5,2,70.06,Average
4977,Brandi Mccann,41,5.91,62,1.7,2,271,9,9,3,5.3,9,35.44,Needs Improvement
4978,Jamie Scott,60,3.74,96,4.3,1,88,2,5,9,10.6,3,71.57,Average
4979,Matthew Lopez,65,1.39,90,5.0,3,290,7,9,4,7.7,2,91.08,Excellent
4980,David Hamilton,92,9.98,76,1.9,0,142,3,2,4,5.3,7,47.46,Needs Improvement
4981,Rebecca Elliott,57,7.22,93,3.3,9,205,5,8,5,7.8,8,42.75,Needs Improvement
4982,Steven Rodgers,75,14.37,70,1.3,3,142,2,6,6,10.5,1,50.51,Needs Improvement
4983,Rebecca Hickman,77,12.35,97,5.0,0,20,9,3,2,8.0,3,57.11,Needs Improvement
4984,Kara Franklin,95,11.23,80,3.4,2,234,4,5,7,3.1,6,40.52,Needs Improvement
4985,Jose Williams,77,7.76,52,3.2,8,141,9,7,9,9.7,7,47.2,Needs Improvement
4986,Thomas Mason,53,8.53,100,4.7,7,99,1,5,10,11.9,9,55.65,Needs Improvement
4987,Dylan Larson,58,11.98,100,2.3,6,287,5,5,4,2.9,8,32.86,Needs Improvement
4988,Matthew Price,64,6.99,66,4.4,1,97,6,10,9,9.1,8,60.93,Average
4989,Jeremy Palmer,41,8.34,53,2.0,0,78,1,6,8,4.0,5,37.62,Needs Improvement
4990,Kelly Bailey,61,8.33,93,3.8,9,33,3,5,4,4.7,1,40.14,Needs Improvement
4991,Stephanie Huerta,72,12.72,96,4.9,1,92,8,10,4,6.5,2,64.99,Average
4992,Sean Charles,75,6.91,83,3.2,2,154,3,6,5,9.2,9,49.14,Needs Improvement
4993,Sydney Hunt,95,1.01,80,2.5,5,94,8,6,6,11.3,3,68.79,Average
4994,Frances Vasquez,46,11.03,61,3.7,3,59,1,8,2,8.1,7,36.47,Needs Improvement
4995,Ashley Clark,87,11.89,56,2.7,1,242,7,2,4,3.2,7,45.39,Needs Improvement
4996,Amy Johnson,91,3.58,56,4.7,8,157,7,4,9,4.2,8,50.33,Needs Improvement
4997,Joshua Harrell,41,3.22,86,2.1,5,64,7,10,1,10.3,9,54.95,Needs Improvement
4998,Paul Navarro,88,3.37,70,4.2,8,155,5,2,1,7.7,2,62.65,Average
4999,Jason Bonilla,63,14.45,80,4.9,8,35,5,5,2,8.6,9,23.7,Needs Improvement
5000,James Thomas,92,7.5,66,4.8,1,5,7,2,2,9.2,7,64.63,Average
5001,Jenna Houston,80,5.14,81,3.0,8,246,8,9,3,4.2,8,46.62,Needs Improvement
5002,Gavin Jones,90,5.26,74,4.4,4,1,7,6,6,3.7,1,65.82,Average
5003,Jennifer Hall,45,11.06,85,2.9,8,137,8,8,2,4.7,1,37.05,Needs Improvement
5004,Michelle Diaz,76,12.3,69,2.1,0,227,4,6,8,3.6,6,35.12,Needs Improvement
5005,Brooke Trujillo,90,11.12,77,2.1,1,210,9,10,9,9.0,10,65.97,Average
5006,Amanda Wyatt,88,9.86,72,1.3,2,275,9,10,4,2.7,7,53.42,Needs Improvement
5007,Lindsey Carney,44,12.09,51,2.9,9,223,5,6,9,8.1,5,23.69,Needs Improvement
5008,Jesse Duran,99,5.37,85,4.4,9,184,9,8,2,10.4,6,68.43,Average
5009,Anthony Avery,89,11.82,71,5.0,0,246,7,7,5,4.7,7,56.57,Needs Improvement
5010,Eric Burns,73,5.44,73,1.7,3,175,10,9,5,7.2,1,66.66,Average
5011,Marcus Oconnor,56,4.43,63,2.7,5,20,3,3,2,3.2,1,30.22,Needs Improvement
5012,Timothy Wilson,48,8.76,94,1.2,2,234,3,3,6,2.4,3,41.54,Needs Improvement
5013,Morgan Adams,92,1.42,85,3.9,8,292,5,7,3,6.9,6,60.95,Average
5014,Bryan Smith,67,9.42,100,3.8,5,33,9,6,5,9.0,3,65.48,Average
5015,Morgan Burnett,54,12.81,90,2.3,10,20,4,4,2,4.4,6,7.03,Needs Improvement
5016,Dorothy Scott,49,13.85,61,1.0,9,183,2,1,9,7.5,7,4.14,Needs Improvement
5017,Shawn Perez,56,5.53,91,4.5,6,293,4,3,5,11.0,3,64.94,Average
5018,Charles Morris,71,10.05,79,2.1,0,109,7,5,4,11.4,2,59.32,Needs Improvement
5019,Matthew Smith,82,1.48,97,1.7,2,195,5,4,8,7.0,1,76.58,Average
5020,Nancy Ford,51,4.94,58,1.9,3,140,10,1,10,7.4,7,44.89,Needs Improvement
5021,Samantha Reeves,47,2.41,71,2.6,3,163,7,1,10,9.1,1,64.99,Average
5022,Elijah French,59,8.61,65,3.2,0,162,2,1,9,4.1,6,38.68,Needs Improvement
5023,Jennifer Jones,63,4.31,81,4.7,8,194,10,8,6,2.4,1,64.85,Average
5024,Brooke Russell,65,1.18,66,3.2,4,252,6,9,8,11.0,3,74.84,Average
5025,Austin Taylor,40,11.19,87,4.5,4,285,9,7,2,10.2,9,52.38,Needs Improvement
5026,Mark Olson,64,7.3,68,1.6,9,187,10,3,8,11.0,9,34.92,Needs Improvement
5027,Jeremiah Smith,90,8.33,74,3.1,3,280,6,4,4,9.0,3,63.47,Average
5028,Jennifer Gonzalez,72,13.9,81,3.4,2,207,1,2,3,4.7,2,42.98,Needs Improvement
5029,Joseph Miller II,52,4.65,92,3.9,0,130,4,6,5,5.6,2,59.55,Needs Improvement
5030,Ryan Hamilton,99,12.03,76,3.6,6,181,10,2,7,4.2,8,43.59,Needs Improvement
5031,Heather Watson,77,13.4,91,1.5,5,160,7,2,6,5.2,3,28.68,Needs Improvement
5032,Kimberly Hansen MD,81,13.77,61,3.6,2,8,6,8,4,9.7,9,43.83,Needs Improvement
5033,Tyler Jones,46,7.5,60,4.8,2,234,10,7,5,4.0,8,54.63,Needs Improvement
5034,Jimmy Lambert,100,7.22,79,4.1,7,104,2,8,7,8.0,6,53.33,Needs Improvement
5035,Jerry Reed,48,12.84,57,2.1,6,186,1,10,3,4.5,6,11.55,Needs Improvement
5036,Lisa Aguirre,51,8.57,81,3.7,1,176,7,9,8,7.4,10,57.83,Needs Improvement
5037,Caitlin Lawson,78,3.64,79,4.3,8,296,5,5,6,6.5,8,50.61,Needs Improvement
5038,Gregory Gonzalez,98,13.37,82,3.2,4,134,10,9,8,9.6,2,59.9,Needs Improvement
5039,Jaime Cain,60,3.29,76,4.1,3,272,5,2,2,5.9,2,62.91,Average
5040,Joseph Reid Jr.,89,6.15,94,4.1,3,290,3,3,1,8.8,7,60.34,Average
5041,Daisy Gilmore,42,5.34,59,4.9,1,233,5,2,9,2.8,1,59.11,Needs Improvement
5042,Dr. Patrick Reeves,41,11.23,74,3.2,0,94,8,5,9,12.0,4,64.26,Average
5043,Derek Zuniga,53,1.29,86,4.1,2,34,1,8,10,8.2,1,73.26,Average
5044,Jason Patel,72,3.73,98,4.5,6,265,9,9,1,5.9,3,75.43,Average
5045,Christine Bryant,94,2.81,56,4.0,2,59,7,1,9,10.7,2,73.88,Average
5046,Steven Vance,65,7.52,83,3.2,8,39,10,6,9,9.0,1,52.98,Needs Improvement
5047,Kathleen Park DVM,60,8.32,96,4.6,7,75,6,7,2,4.2,7,36.01,Needs Improvement
5048,Benjamin Obrien,61,13.21,91,2.2,0,242,2,3,2,8.8,4,50.24,Needs Improvement
5049,Deborah George,84,6.63,99,4.7,5,79,4,10,3,9.4,10,61.7,Average
5050,Luis Callahan,88,12.69,50,2.7,8,270,5,7,3,7.9,3,41.96,Needs Improvement
5051,Andrew Graham,81,7.29,72,2.3,3,166,3,4,10,9.3,8,53.24,Needs Improvement
5052,Ashley Beasley,64,2.47,85,3.7,8,111,1,9,8,8.5,2,63.55,Average
5053,Dustin Sanchez,87,11.34,90,3.3,1,232,4,5,8,5.7,1,69.28,Average
5054,Yolanda Meyer,49,5.5,75,4.3,3,7,3,2,10,9.8,4,52.21,Needs Improvement
5055,Jennifer Marsh,51,4.09,68,4.4,5,14,5,2,6,4.3,5,38.3,Needs Improvement
5056,Nicole Warner,62,12.04,73,4.9,4,53,5,7,4,11.2,3,61.29,Average
5057,Tiffany Blevins,95,12.68,93,3.8,7,180,9,3,5,8.0,4,51.04,Needs Improvement
5058,Michael Williams,81,11.7,96,2.8,3,37,1,1,4,6.2,7,30.38,Needs Improvement
5059,David Peterson,72,14.28,71,2.2,5,180,5,9,3,7.9,2,46.31,Needs Improvement
5060,Mr. David Mathews,49,5.27,79,4.7,2,116,10,1,9,10.4,7,54.67,Needs Improvement
5061,Aimee Jones,94,7.87,53,3.7,4,85,10,7,5,5.9,9,47.71,Needs Improvement
5062,Karina Obrien,57,14.32,96,1.5,5,262,3,5,6,11.0,6,40.26,Needs Improvement
5063,Mr. Richard King II,45,14.32,61,3.5,3,69,9,10,3,11.3,6,51.06,Needs Improvement
5064,Michael Reese,100,3.46,77,2.3,2,238,10,5,3,10.0,1,86.21,Excellent
5065,William Shah,98,4.28,76,1.9,3,166,6,4,3,8.6,4,63.46,Average
5066,Mark Hill,63,1.17,69,4.4,4,255,9,8,2,5.7,2,75.9,Average
5067,Jesse Golden,49,4.23,83,4.8,4,300,6,7,5,7.8,8,69.17,Average
5068,Matthew Bell,70,5.32,78,1.4,9,215,4,8,7,11.3,5,46.6,Needs Improvement
5069,Tammy Klein,85,4.76,97,3.9,10,54,2,1,9,3.3,5,35.91,Needs Improvement
5070,Stephen Lopez,91,13.71,62,2.5,8,5,4,10,5,8.7,4,36.91,Needs Improvement
5071,Kristina Rodriguez,91,10.6,62,1.6,2,244,4,10,9,8.5,5,59.29,Needs Improvement
5072,Kristen Berry,68,12.8,77,3.4,7,274,6,1,5,11.0,3,52.12,Needs Improvement
5073,William Barr,41,9.82,51,2.1,6,126,9,3,7,10.2,6,34.73,Needs Improvement
5074,Anna Morrison,92,3.79,71,2.4,1,32,1,3,2,7.2,10,43.87,Needs Improvement
5075,Robert Drake,71,10.67,77,3.7,4,253,3,10,6,9.3,8,51.22,Needs Improvement
5076,Denise Salinas,42,4.99,90,1.6,1,94,10,10,2,11.2,10,55.93,Needs Improvement
5077,Michael Andrews,51,14.92,90,4.7,5,150,3,1,2,10.6,10,33.74,Needs Improvement
5078,Ruth Trevino MD,75,6.9,99,1.2,4,236,5,2,6,5.5,6,50.44,Needs Improvement
5079,Craig Smith,85,1.32,97,1.3,0,199,1,7,6,3.6,5,66.81,Average
5080,Katherine Knight,88,1.37,83,3.2,0,112,4,10,10,2.4,7,55.84,Needs Improvement
5081,Dana Guerra,81,12.46,99,4.8,8,277,1,6,4,10.3,3,50.96,Needs Improvement
5082,Jimmy Johnson,66,4.53,52,2.7,5,169,3,3,4,5.0,5,42.66,Needs Improvement
5083,Linda Robinson,70,2.18,58,4.0,4,222,1,9,2,7.8,10,52.5,Needs Improvement
5084,Melissa Williams,96,13.29,71,2.4,8,277,2,8,1,9.2,10,43.76,Needs Improvement
5085,Erin Martin,42,1.02,79,1.7,9,284,4,3,1,11.0,5,50.4,Needs Improvement
5086,James Thomas,47,11.76,54,1.4,1,70,1,10,1,8.9,8,31.23,Needs Improvement
5087,Howard Ortiz,70,1.94,60,4.6,8,221,6,1,6,3.2,5,51.69,Needs Improvement
5088,Derrick Jackson,48,2.48,95,1.5,1,286,3,3,3,6.7,9,49.74,Needs Improvement
5089,John Simpson,96,9.92,82,2.1,2,176,6,4,8,2.9,5,52.45,Needs Improvement
5090,Crystal Gross,72,11.79,59,4.4,2,50,7,7,5,8.7,9,41.77,Needs Improvement
5091,Kenneth Ramirez,87,9.66,96,3.1,9,25,2,1,1,7.7,9,24.98,Needs Improvement
5092,Jennifer Nicholson,71,1.12,100,1.6,1,214,4,7,10,8.9,10,64.97,Average
5093,Kevin Taylor,59,13.08,72,1.5,5,81,1,10,9,5.4,2,22.13,Needs Improvement
5094,Shawna Wu,58,5.88,76,4.2,0,107,4,1,4,5.1,7,45.96,Needs Improvement
5095,Antonio Fuentes,93,7.77,77,1.3,3,283,4,1,5,6.4,5,48.19,Needs Improvement
5096,Mercedes Bates,44,8.85,60,2.6,9,218,3,3,10,8.8,9,19.08,Needs Improvement
5097,Jeanne Johnson,56,11.06,89,2.5,5,50,1,3,4,4.2,4,18.82,Needs Improvement
5098,Michael Guerrero,96,6.5,88,3.9,6,155,6,1,9,8.5,4,53.05,Needs Improvement
5099,Michael French,92,4.93,67,3.4,6,132,7,1,3,5.5,2,50.11,Needs Improvement
5100,Carrie Whitehead,42,9.89,73,4.8,8,58,9,7,4,10.9,2,57.21,Needs Improvement
5101,Andrea Johnson,60,10.17,98,4.9,2,251,5,4,3,10.7,10,68.56,Average
5102,Vanessa Cole,41,12.8,62,1.5,7,219,8,9,2,6.2,10,19.63,Needs Improvement
5103,Tiffany Elliott,61,12.29,71,3.7,4,62,2,8,1,3.6,1,30.76,Needs Improvement
5104,John Horton,57,5.55,92,3.2,1,87,3,2,6,6.8,9,45.62,Needs Improvement
5105,Lisa Armstrong,50,8.69,70,2.1,5,2,3,3,5,3.0,9,20.93,Needs Improvement
5106,Javier Miller,95,4.94,50,2.9,9,20,10,3,4,10.2,9,43.67,Needs Improvement
5107,Christine Robles,52,2.98,65,2.2,8,46,2,8,9,4.5,9,24.77,Needs Improvement
5108,Mrs. Jessica Grant,52,1.67,76,2.6,1,62,4,7,10,6.2,2,64.94,Average
5109,Randy Olson,81,10.68,88,3.1,10,177,3,4,5,5.4,9,26.62,Needs Improvement
5110,Daniel Howell,100,2.35,92,1.8,0,149,6,4,2,9.3,1,72.74,Average
5111,Mary Downs,95,14.37,92,3.1,10,80,10,5,4,8.8,2,40.37,Needs Improvement
5112,Leslie Day,47,9.44,69,4.0,2,181,1,5,4,9.3,6,46.98,Needs Improvement
5113,Victoria Kelly,48,11.82,61,3.0,0,143,6,4,6,5.5,3,45.05,Needs Improvement
5114,Jacob Monroe,64,14.58,54,3.5,9,175,9,6,5,9.4,5,40.74,Needs Improvement
5115,Frances Erickson,89,10.36,56,4.5,6,255,8,1,9,11.9,1,60.23,Average
5116,Jerry Wagner,90,11.06,81,4.7,6,251,3,7,9,5.3,4,50.02,Needs Improvement
5117,Billy Doyle,46,13.79,83,1.6,4,100,1,2,10,5.8,3,16.27,Needs Improvement
5118,William Cortez,66,11.5,77,3.9,10,8,9,6,4,7.0,9,23.55,Needs Improvement
5119,Alexa Andersen,66,14.7,99,3.4,10,67,3,10,6,8.0,8,20.86,Needs Improvement
5120,Alexandra Wilkins,41,3.32,89,1.5,7,56,4,10,4,4.8,3,31.17,Needs Improvement
5121,Angelica Hopkins,90,8.5,62,4.9,1,45,4,2,8,2.6,10,31.71,Needs Improvement
5122,Diamond Valdez,42,9.21,67,3.2,3,48,4,8,9,3.2,6,32.41,Needs Improvement
5123,David Raymond,59,9.63,50,2.3,3,27,2,10,9,7.8,3,29.51,Needs Improvement
5124,Cody Brown,47,6.29,82,4.1,9,8,6,10,6,3.6,7,29.25,Needs Improvement
5125,Andrea Mitchell,42,6.57,96,4.4,2,1,3,1,10,8.3,2,53.53,Needs Improvement
5126,Philip Barker,67,13.29,60,3.9,3,112,6,8,10,8.6,1,51.74,Needs Improvement
5127,Mitchell Jones,43,9.29,69,4.7,2,284,5,10,2,4.3,3,59.25,Needs Improvement
5128,Mary Chapman,40,5.01,73,2.9,1,280,4,1,9,11.2,6,60.14,Average
5129,Dr. Stephen Carter PhD,77,3.32,51,3.6,3,275,9,7,10,2.0,5,54.57,Needs Improvement
5130,Jennifer Moore,62,4.83,99,2.2,8,227,2,7,9,2.5,1,57.06,Needs Improvement
5131,Matthew Thompson,72,11.77,81,3.0,5,124,5,9,2,9.5,3,46.17,Needs Improvement
5132,Bailey Frost,100,14.3,74,3.9,8,6,8,3,1,8.6,1,45.48,Needs Improvement
5133,William Campbell,75,7.4,66,3.4,8,47,5,9,9,4.4,3,38.82,Needs Improvement
5134,Miss Maria Haney,97,2.99,69,3.1,7,202,10,6,1,4.3,5,61.02,Average
5135,Elizabeth Moran,59,11.45,84,2.8,5,153,6,10,8,2.9,7,32.04,Needs Improvement
5136,James Marsh,94,3.02,55,2.1,8,284,6,3,9,7.8,8,48.56,Needs Improvement
5137,Lisa Watson,80,11.54,94,3.0,9,268,7,4,1,11.2,3,59.49,Needs Improvement
5138,Jesse Weber,98,6.82,57,2.8,0,122,3,8,4,2.7,7,45.25,Needs Improvement
5139,Zachary Guzman,63,7.32,97,4.3,9,8,7,1,8,2.5,4,36.03,Needs Improvement
5140,Catherine Russell,65,10.17,93,4.3,2,51,1,10,8,9.5,2,58.59,Needs Improvement
5141,Tamara Phillips,90,14.9,93,2.2,6,27,3,2,8,9.0,7,38.17,Needs Improvement
5142,Ann Dixon,47,4.22,99,2.7,0,104,7,8,8,7.4,7,62.52,Average
5143,Aaron Bowman,40,9.95,57,1.7,0,193,10,10,9,11.3,8,58.99,Needs Improvement
5144,George Myers,78,7.41,51,1.3,10,291,8,1,9,10.8,8,29.1,Needs Improvement
5145,Clarence Terry,97,6.0,72,1.5,0,267,4,2,8,4.5,9,41.18,Needs Improvement
5146,Rhonda Jimenez,68,6.27,90,2.7,7,151,5,6,1,6.0,9,34.67,Needs Improvement
5147,Brittany Hicks,51,10.72,54,3.8,8,24,3,7,3,10.2,4,30.23,Needs Improvement
5148,Mark Nelson,52,13.73,59,3.6,1,125,2,4,3,9.7,5,44.69,Needs Improvement
5149,Patrick Fernandez,67,5.02,64,3.7,5,209,6,6,4,10.4,2,64.33,Average
5150,Howard Watson MD,90,13.04,80,4.6,10,144,4,4,1,3.5,5,28.28,Needs Improvement
5151,Geoffrey Burnett,72,9.19,56,2.4,4,55,9,1,6,2.6,2,37.13,Needs Improvement
5152,Mark Brewer,72,3.14,91,1.7,4,224,9,7,6,5.7,8,59.76,Needs Improvement
5153,Joseph Harvey,75,13.41,78,3.0,7,179,3,10,4,6.0,6,28.12,Needs Improvement
5154,Mark Ramsey,57,9.22,99,3.8,10,134,1,3,8,3.5,6,27.14,Needs Improvement
5155,Kelly Hood,99,11.55,67,3.6,8,79,1,1,10,5.2,6,31.91,Needs Improvement
5156,Isabella Lang,42,2.47,93,4.2,7,242,10,5,5,5.3,3,60.1,Average
5157,Dr. Lynn Stevens DDS,90,6.36,70,4.4,7,45,5,4,2,8.2,4,48.36,Needs Improvement
5158,Sergio Sims,99,6.8,60,4.6,4,111,9,7,1,6.7,3,69.72,Average
5159,William Dorsey,48,3.94,62,2.8,8,276,7,10,9,8.4,8,52.02,Needs Improvement
5160,Rhonda Walters,61,5.82,87,5.0,6,103,8,2,10,5.7,2,51.4,Needs Improvement
5161,David Kelly,74,9.3,68,1.2,9,41,4,2,6,10.6,5,25.72,Needs Improvement
5162,Megan Perez,54,2.63,84,4.1,0,144,1,9,4,11.6,9,73.01,Average
5163,Devin Arias,84,8.57,73,3.5,5,17,6,1,5,9.7,2,53.41,Needs Improvement
5164,Andrew Noble,63,6.92,73,1.5,3,164,9,2,7,10.3,10,49.07,Needs Improvement
5165,Summer Ward,89,4.59,73,2.9,4,213,7,3,5,3.1,6,44.91,Needs Improvement
5166,Courtney Cain,81,1.6,97,3.8,3,201,10,8,1,5.2,7,72.22,Average
5167,Kevin Fuller,61,11.53,73,3.7,0,163,2,5,1,8.1,2,60.27,Average
5168,Ashley Rodriguez,54,3.75,95,4.2,7,123,5,7,7,10.6,3,64.18,Average
5169,Walter Grant,98,13.77,68,2.1,3,268,6,4,5,5.6,3,48.86,Needs Improvement
5170,Richard Chambers,65,7.41,52,2.4,4,106,1,2,2,10.6,6,36.13,Needs Improvement
5171,Jeffrey Johnston,79,13.2,78,3.6,9,109,10,6,4,9.4,9,40.46,Needs Improvement
5172,April Ross,73,6.89,59,3.0,6,216,5,8,4,11.2,9,56.12,Needs Improvement
5173,Sean Cooper,57,1.44,75,4.8,6,155,5,5,7,2.8,10,47.74,Needs Improvement
5174,Jonathan Byrd PhD,40,10.41,80,2.0,3,68,10,10,1,9.8,2,49.35,Needs Improvement
5175,Terry Scott,77,8.11,51,4.6,4,236,2,9,2,10.7,9,59.67,Needs Improvement
5176,Laura Ferguson,96,5.87,59,3.4,2,17,8,4,6,7.5,9,54.92,Needs Improvement
5177,Carrie Weber,54,5.3,62,2.2,8,174,6,2,1,4.5,9,16.43,Needs Improvement
5178,Eric Sanchez,81,10.6,95,3.3,6,242,9,7,3,8.8,3,58.77,Needs Improvement
5179,Kelsey Rodriguez,96,9.74,78,1.1,0,248,5,5,5,3.9,2,50.73,Needs Improvement
5180,Joshua Jones,62,10.14,83,4.6,0,50,6,7,2,2.7,8,40.74,Needs Improvement
5181,Doris Mcbride,82,13.63,87,4.1,8,200,9,2,10,3.6,7,36.21,Needs Improvement
5182,Dustin Miller,65,1.81,92,4.1,3,87,9,9,10,2.3,4,72.66,Average
5183,Brandon Anderson,40,7.28,87,2.7,2,108,8,10,9,8.5,6,52.63,Needs Improvement
5184,Carolyn Turner,75,7.12,69,2.6,3,220,7,7,1,7.3,1,53.35,Needs Improvement
5185,Sabrina Mullins,72,11.06,75,2.5,7,95,9,4,9,8.7,10,37.57,Needs Improvement
5186,Scott Diaz,67,1.44,97,3.4,5,293,2,1,4,11.5,7,64.55,Average
5187,Carolyn Powell,46,12.78,86,1.7,3,220,5,4,3,10.4,2,34.2,Needs Improvement
5188,Dana Wood,64,6.63,82,2.0,0,184,6,5,5,12.0,2,64.43,Average
5189,Lauren Fischer,74,9.68,95,4.9,7,158,1,6,1,4.9,8,49.7,Needs Improvement
5190,Casey Barry,70,8.46,76,2.2,8,121,3,1,2,11.5,10,32.68,Needs Improvement
5191,Randall Berg,78,3.2,69,3.6,0,138,6,8,2,6.4,2,70.01,Average
5192,Renee Wilson,75,8.69,96,1.4,6,228,8,2,3,5.8,5,34.32,Needs Improvement
5193,Christie Scott,76,1.5,50,4.7,10,272,5,2,3,9.9,10,62.91,Average
5194,Zachary Jackson,73,13.51,61,4.4,9,48,3,5,3,7.3,5,30.9,Needs Improvement
5195,Katie Leonard,53,4.32,56,1.5,2,186,2,5,2,10.0,4,44.88,Needs Improvement
5196,Samantha Gonzales,51,10.68,72,1.6,8,95,4,10,1,7.8,7,21.13,Needs Improvement
5197,Laura Anderson,93,4.45,69,3.7,2,288,10,8,8,7.6,1,85.31,Excellent
5198,Emily Fuller,64,14.83,55,2.0,8,196,1,9,10,11.2,7,26.4,Needs Improvement
5199,Jeremy Obrien,87,9.15,86,4.4,6,287,7,4,2,5.7,9,49.66,Needs Improvement
5200,Kimberly Smith,68,8.16,73,3.1,9,249,2,10,4,9.2,1,45.04,Needs Improvement
5201,Amy Rice,47,11.92,59,3.5,5,30,6,3,6,3.5,9,19.98,Needs Improvement
5202,Michele Mitchell,44,3.67,85,2.1,7,200,8,10,3,2.7,8,39.49,Needs Improvement
5203,Bianca Cook,42,9.76,63,2.9,6,154,7,4,2,9.7,5,36.84,Needs Improvement
5204,Brian Rodriguez,54,3.99,93,2.6,0,81,6,3,2,4.3,4,52.13,Needs Improvement
5205,Kelly Mills,84,9.73,90,1.1,2,225,5,9,1,6.1,8,53.09,Needs Improvement
5206,Yvette Williamson,60,9.39,97,1.1,9,232,1,7,9,6.2,6,32.41,Needs Improvement
5207,William Taylor,49,8.34,52,3.8,4,47,7,5,8,11.3,2,47.33,Needs Improvement
5208,Scott Johnson,81,11.3,73,3.8,4,16,7,9,3,3.9,9,35.14,Needs Improvement
5209,Amy Parrish,84,13.22,95,4.0,6,137,6,2,7,11.6,6,61.22,Average
5210,Colleen Lee,49,10.7,58,2.9,1,276,3,6,2,11.3,9,52.3,Needs Improvement
5211,Rebecca Brown,59,1.11,57,3.7,6,14,5,3,8,4.9,4,51.28,Needs Improvement
5212,Carol Fields,80,6.65,94,3.2,9,253,3,10,7,9.2,2,64.32,Average
5213,Anthony Powell,41,9.4,88,4.5,1,164,3,3,1,5.3,4,39.96,Needs Improvement
5214,Derek Baker,67,6.65,87,2.1,4,297,1,2,9,9.5,6,50.79,Needs Improvement
5215,Ricardo Clark,76,14.38,82,5.0,9,166,7,9,3,4.8,1,46.41,Needs Improvement
5216,Mark Lang PhD,41,10.34,92,2.6,0,88,10,3,1,4.5,6,32.6,Needs Improvement
5217,Brian Tucker,79,10.24,99,2.3,5,31,5,5,3,11.3,7,43.45,Needs Improvement
5218,Michael Massey,85,3.76,63,2.7,10,176,3,5,2,4.9,10,19.39,Needs Improvement
5219,Kiara Pearson,66,4.22,68,4.0,0,79,8,9,5,9.3,8,69.5,Average
5220,Alice Yates,58,8.2,76,2.2,9,250,1,9,7,11.0,5,41.42,Needs Improvement
5221,Harold Oliver,89,13.01,77,2.4,9,99,4,4,2,11.1,9,35.88,Needs Improvement
5222,Miguel Robinson,94,2.37,100,1.3,2,54,7,5,8,7.4,4,74.36,Average
5223,Natalie Jordan,50,4.96,99,4.2,10,47,4,6,6,7.2,2,44.45,Needs Improvement
5224,Benjamin Espinoza,67,12.23,88,3.2,6,190,3,1,1,3.1,7,31.88,Needs Improvement
5225,Yvonne Pitts,89,10.74,96,3.9,7,244,9,3,2,8.1,5,52.13,Needs Improvement
5226,Donald Kelly,83,5.05,61,2.0,5,98,7,1,1,10.9,4,55.31,Needs Improvement
5227,Shelly Medina,62,4.63,95,2.1,7,180,1,3,8,5.3,7,38.16,Needs Improvement
5228,Linda Poole,54,2.4,70,4.4,9,232,1,5,7,7.2,10,36.95,Needs Improvement
5229,James Dyer PhD,50,13.62,70,2.8,5,181,4,5,8,2.2,5,23.26,Needs Improvement
5230,Robert Moore,83,7.38,85,3.5,5,288,7,7,5,8.2,4,56.48,Needs Improvement
5231,Melinda Drake,67,7.64,68,3.0,10,140,8,8,3,5.3,5,25.44,Needs Improvement
5232,Jose Smith,61,2.72,88,4.7,9,243,6,7,7,7.5,10,47.96,Needs Improvement
5233,Kevin Zuniga,97,3.57,61,3.2,2,199,1,8,5,7.8,4,65.01,Average
5234,Mario Gonzalez,98,4.93,76,3.6,3,99,3,10,5,5.8,3,65.83,Average
5235,Kimberly Fields,53,12.69,52,3.2,5,231,1,1,8,11.1,3,42.16,Needs Improvement
5236,Christopher Reed,81,3.26,88,1.9,5,293,9,4,5,9.9,1,74.74,Average
5237,Seth Nolan,75,4.31,51,3.3,2,291,8,10,6,3.3,3,63.55,Average
5238,Paula Ochoa,51,1.74,61,3.0,6,232,3,4,8,10.4,3,61.63,Average
5239,Sara Johnson,88,3.95,75,4.5,6,147,8,3,1,6.3,6,50.53,Needs Improvement
5240,Matthew Mendoza,99,3.22,50,2.6,6,76,7,5,7,7.9,9,50.48,Needs Improvement
5241,Jennifer Cross,93,14.5,64,4.0,6,158,6,5,3,10.0,6,49.71,Needs Improvement
5242,Maria Richards,57,5.99,94,2.7,1,286,9,3,1,11.7,10,63.17,Average
5243,Henry Watkins,90,3.66,75,4.5,0,199,10,4,10,6.0,10,67.6,Average
5244,Erika Garner,56,2.35,69,1.0,7,69,9,6,5,3.4,4,29.34,Needs Improvement
5245,Bradley Knapp,74,11.94,74,3.2,0,133,8,7,5,7.0,1,68.3,Average
5246,Beverly Young,94,12.31,94,4.6,8,123,2,7,8,2.5,5,36.12,Needs Improvement
5247,James Gilbert,96,14.42,90,3.9,4,125,2,6,1,5.0,7,39.39,Needs Improvement
5248,Mrs. Tiffany Patterson DVM,97,13.1,82,4.3,0,215,8,3,10,7.5,2,71.54,Average
5249,Donald Andrade,96,14.81,90,3.3,5,138,1,7,4,8.2,1,46.84,Needs Improvement
5250,Karina George,66,5.35,83,2.7,6,25,2,8,6,11.8,2,54.99,Needs Improvement
5251,Ashley Graham,43,7.28,89,1.7,0,130,3,1,9,8.8,1,66.73,Average
5252,Brian Clark,87,7.84,88,4.9,7,138,6,8,10,7.1,10,61.33,Average
5253,Kyle Lang,71,6.24,89,1.7,8,297,10,10,10,11.3,7,63.11,Average
5254,Daniel Woodard,71,10.12,69,3.6,0,173,1,4,9,11.2,9,54.67,Needs Improvement
5255,Robert Harper,70,10.69,71,4.8,0,191,10,5,4,9.2,6,64.91,Average
5256,Erica Estrada,54,1.54,83,4.7,7,161,8,6,3,4.1,7,58.94,Needs Improvement
5257,Samuel Phillips,83,10.82,86,1.8,5,16,1,8,8,4.0,8,33.1,Needs Improvement
5258,David Pittman,55,3.68,64,2.5,3,94,5,1,4,2.8,8,33.27,Needs Improvement
5259,Christopher Andrade,46,14.45,80,4.8,7,278,2,10,4,2.1,9,26.78,Needs Improvement
5260,Jacqueline West,95,14.8,76,2.1,8,201,6,9,1,5.7,4,36.44,Needs Improvement
5261,Carolyn Pope,57,2.27,82,2.2,0,138,10,10,6,10.9,8,79.3,Average
5262,Jennifer Adams,56,6.12,68,4.2,6,43,2,3,5,2.3,2,29.19,Needs Improvement
5263,Savannah Heath,40,2.45,93,1.0,5,225,2,4,6,10.7,8,53.32,Needs Improvement
5264,Charles Coleman,69,13.66,55,3.2,9,69,8,8,7,2.1,6,20.08,Needs Improvement
5265,Austin Benjamin,77,2.64,92,2.5,6,245,6,4,5,2.8,1,52.03,Needs Improvement
5266,Katie Delgado,59,13.53,96,1.8,9,23,8,2,6,6.1,1,19.64,Needs Improvement
5267,Michael Ramirez,91,7.41,55,3.6,2,208,5,8,3,5.0,9,50.96,Needs Improvement
5268,Allison Brown,54,12.81,94,2.2,10,8,4,1,2,2.8,2,17.0,Needs Improvement
5269,Colleen Hamilton,45,5.0,73,3.6,4,166,2,7,5,7.6,5,52.52,Needs Improvement
5270,Eric Johnson,72,10.35,96,2.6,1,171,7,7,3,2.5,3,48.08,Needs Improvement
5271,Margaret Smith,87,7.21,86,1.3,3,207,4,8,1,5.4,3,63.99,Average
5272,Charles Anderson,98,12.35,58,1.0,0,210,6,2,5,6.5,5,38.91,Needs Improvement
5273,Morgan Morales,60,13.59,70,3.2,8,257,1,4,10,6.6,9,26.8,Needs Improvement
5274,Dustin Parker,98,8.52,55,2.7,10,253,9,8,4,6.2,5,47.21,Needs Improvement
5275,James Hall,98,11.13,96,1.7,4,111,2,5,10,6.4,6,43.51,Needs Improvement
5276,Jeffrey Nixon,72,4.81,56,1.4,10,14,4,6,10,3.9,9,21.2,Needs Improvement
5277,Tracy Nguyen,70,8.92,81,2.0,2,184,8,10,9,6.4,2,59.29,Needs Improvement
5278,Keith Riley,59,3.69,87,1.3,1,228,10,10,9,9.1,4,72.3,Average
5279,Nicholas Cobb,96,14.86,94,3.7,1,94,10,9,5,6.4,8,61.93,Average
5280,Adrian Lyons,92,7.26,74,1.3,9,275,6,5,3,8.8,1,41.93,Needs Improvement
5281,Ashley Wilson,53,6.41,68,3.8,1,264,4,7,9,10.9,3,69.14,Average
5282,William Turner,92,4.66,52,4.5,8,144,7,9,5,4.0,10,41.48,Needs Improvement
5283,Tracy Fry,75,11.43,63,4.3,4,299,3,6,1,7.0,6,50.65,Needs Improvement
5284,Heather Thomas,72,4.37,79,4.8,7,88,2,1,1,7.1,7,42.47,Needs Improvement
5285,Andrew Garcia,68,10.19,68,4.4,8,153,2,10,2,2.1,8,25.95,Needs Improvement
5286,Jessica Allen DDS,44,12.69,83,2.8,7,106,4,3,5,10.7,10,24.86,Needs Improvement
5287,Aaron Duran,77,6.39,60,1.9,3,145,10,4,10,4.8,3,57.24,Needs Improvement
5288,William Randolph,95,11.4,55,3.4,3,287,6,1,2,6.2,10,42.86,Needs Improvement
5289,Michael Summers,59,2.06,94,4.5,1,263,5,8,9,4.6,9,67.48,Average
5290,Mathew Hawkins,98,2.14,77,1.8,3,214,4,7,2,4.3,9,56.19,Needs Improvement
5291,Johnny Villarreal,82,3.46,85,2.3,2,291,3,4,1,7.3,9,60.48,Average
5292,Robert Vargas II,83,13.31,66,2.7,8,3,3,4,1,9.9,7,22.18,Needs Improvement
5293,Michael Lynch,92,3.25,93,1.5,5,251,8,9,6,8.7,4,72.57,Average
5294,Matthew Brady,46,3.06,57,3.0,3,65,1,7,8,11.7,8,53.89,Needs Improvement
5295,Terri Walters,52,4.71,73,2.3,5,198,10,7,8,2.4,5,49.72,Needs Improvement
5296,Jacob Watson,57,8.97,61,2.8,3,150,5,4,2,5.5,10,26.8,Needs Improvement
5297,Karen Herrera,69,10.75,69,2.9,3,90,10,9,1,2.3,2,49.32,Needs Improvement
5298,Jamie Brown,55,12.02,50,1.4,10,79,5,4,8,5.9,1,21.84,Needs Improvement
5299,Kathryn Mitchell,44,2.38,92,2.6,8,58,6,7,2,3.9,8,27.12,Needs Improvement
5300,David Peters,75,14.56,61,2.1,10,267,4,10,3,4.8,10,27.14,Needs Improvement
5301,Melissa Simpson,43,9.02,54,1.9,10,125,9,8,10,6.3,9,27.23,Needs Improvement
5302,Sarah Mitchell,90,1.93,83,4.9,4,196,5,2,6,6.6,9,58.46,Needs Improvement
5303,Blake Roberts,92,14.92,76,1.0,8,37,7,4,4,5.1,5,22.48,Needs Improvement
5304,Jacqueline Clark,84,9.31,62,3.7,5,223,1,5,9,11.5,6,53.63,Needs Improvement
5305,Christina Lee,80,2.62,53,2.1,8,195,2,1,2,5.9,6,33.0,Needs Improvement
5306,William Pugh,46,5.63,57,2.6,4,290,4,5,5,7.8,4,48.2,Needs Improvement
5307,Connie Hubbard,46,11.01,81,3.8,0,88,6,3,2,7.5,3,50.57,Needs Improvement
5308,Kurt Chambers,44,14.65,82,2.8,9,90,7,10,8,11.7,8,33.55,Needs Improvement
5309,Scott Hamilton,93,13.8,92,3.0,0,23,5,8,3,10.2,1,74.49,Average
5310,Tiffany Anderson,99,11.26,59,1.2,3,171,3,9,4,10.4,7,54.07,Needs Improvement
5311,Christopher Figueroa,60,7.25,100,2.4,5,255,4,1,3,12.0,10,49.15,Needs Improvement
5312,Virginia Howell,95,4.91,86,4.1,4,138,6,7,2,11.6,4,69.08,Average
5313,Jennifer Davis,60,12.89,79,4.1,2,264,1,8,5,3.3,4,44.22,Needs Improvement
5314,Charles Fields,63,1.34,79,1.0,7,108,4,3,5,9.5,5,35.52,Needs Improvement
5315,Mr. Robert Brown,48,13.18,81,2.3,1,49,9,7,10,7.0,6,40.82,Needs Improvement
5316,Christopher Frey,80,10.03,99,4.9,7,17,10,4,7,8.9,1,70.75,Average
5317,Andrew Becker,44,11.04,80,1.9,8,25,5,8,10,5.8,1,40.31,Needs Improvement
5318,Stephen Mckenzie,98,3.36,57,3.1,3,87,7,2,10,6.0,4,62.51,Average
5319,Sandra Smith,49,1.99,89,2.6,9,285,7,3,9,8.6,2,50.61,Needs Improvement
5320,Lisa Murray,99,1.66,60,3.0,5,93,8,1,9,3.2,2,51.42,Needs Improvement
5321,Antonio Carrillo,95,5.91,63,1.1,1,204,1,4,10,9.3,8,46.44,Needs Improvement
5322,Joshua Woods,94,11.12,84,4.2,4,8,10,6,9,4.6,1,60.03,Average
5323,Julia Jackson,67,14.09,60,2.7,3,224,5,9,3,9.8,2,51.09,Needs Improvement
5324,Angelica Campbell,93,7.59,65,4.6,6,157,6,5,5,7.3,3,59.38,Needs Improvement
5325,Anthony Burnett,98,10.68,86,3.9,5,138,7,7,10,2.7,5,60.41,Average
5326,Crystal Johnson,63,6.42,82,4.4,0,64,9,4,10,9.7,9,62.97,Average
5327,Michelle Payne,75,13.2,53,2.5,5,6,1,6,3,8.1,2,23.67,Needs Improvement
5328,Keith Hill,91,7.62,100,4.9,4,142,4,10,10,6.2,4,65.03,Average
5329,Robert Torres,76,6.54,83,1.1,8,115,2,3,3,2.0,10,26.13,Needs Improvement
5330,Alexandra Green,71,10.15,91,2.0,2,168,9,5,6,9.9,4,68.01,Average
5331,Michael Bryant,54,1.34,61,3.7,9,49,2,6,10,11.1,6,50.73,Needs Improvement
5332,Madison Reyes,58,7.07,81,2.6,3,86,4,10,6,8.2,10,38.26,Needs Improvement
5333,Nathaniel Rodriguez,42,6.84,64,1.8,4,94,9,10,6,9.1,10,41.72,Needs Improvement
5334,Daisy Johnson,95,2.02,51,3.8,10,33,10,7,4,6.3,5,49.27,Needs Improvement
5335,Daniel Alexander,81,7.07,56,3.8,6,271,5,10,8,4.9,4,59.99,Needs Improvement
5336,John Jones,72,13.49,61,3.6,2,103,10,9,3,7.2,7,50.84,Needs Improvement
5337,Scott Sanchez DDS,95,12.57,94,1.9,9,59,2,7,1,9.0,6,34.23,Needs Improvement
5338,Vanessa Walker,71,7.03,66,4.4,6,205,4,2,9,5.6,8,48.28,Needs Improvement
5339,Joshua Valdez,70,4.69,83,2.8,3,39,4,8,10,4.2,3,56.82,Needs Improvement
5340,Kelly Butler,51,12.89,66,4.4,0,27,10,7,2,8.3,5,58.72,Needs Improvement
5341,Bradley Pena,42,13.39,56,3.9,5,82,7,5,4,2.5,7,12.81,Needs Improvement
5342,Richard Dixon,62,10.18,86,2.5,3,173,10,1,7,11.7,8,50.47,Needs Improvement
5343,Alexandria Pratt,86,5.85,51,1.8,5,208,8,8,4,5.9,9,49.42,Needs Improvement
5344,Wendy Norton,83,3.14,62,2.6,9,35,3,1,3,11.8,5,40.81,Needs Improvement
5345,Jonathan Martin,53,5.2,85,4.4,0,290,6,5,1,7.7,7,72.07,Average
5346,Matthew Smith,72,9.47,81,4.6,9,84,4,2,7,3.5,6,30.67,Needs Improvement
5347,Tammy Oneal,55,14.2,52,2.9,3,291,7,7,4,4.0,9,24.52,Needs Improvement
5348,Kathy Mack,57,11.01,72,4.9,3,273,1,5,6,10.0,1,59.76,Needs Improvement
5349,Tracy Walton,60,5.04,90,4.2,10,140,3,3,6,12.0,1,60.23,Average
5350,Matthew Smith,76,11.92,60,2.2,10,2,6,7,3,6.9,7,19.87,Needs Improvement
5351,Sarah Smith,49,10.51,74,2.2,10,217,3,6,4,9.4,2,40.69,Needs Improvement
5352,Kimberly Parker,46,4.71,56,3.5,7,68,6,4,3,5.7,5,30.7,Needs Improvement
5353,Karen Richardson,97,4.62,55,2.6,6,11,10,8,7,8.1,2,61.85,Average
5354,Kenneth Clark II,76,1.7,55,2.8,5,90,10,7,4,2.1,1,51.83,Needs Improvement
5355,Teresa Velez,58,11.13,66,4.8,1,87,6,7,4,7.7,4,53.03,Needs Improvement
5356,Mr. Joseph Edwards,99,11.29,95,3.2,7,145,9,10,8,8.4,10,60.69,Average
5357,Tracy Ford,82,12.38,74,4.8,3,156,3,1,2,7.3,8,40.31,Needs Improvement
5358,Erik Figueroa,67,11.28,65,2.6,1,62,10,7,1,3.6,8,32.87,Needs Improvement
5359,Shannon Shaw,81,7.23,62,2.9,6,4,1,5,10,8.7,4,44.81,Needs Improvement
5360,Stacie Casey,71,12.66,53,3.6,0,188,10,2,4,8.1,2,55.16,Needs Improvement
5361,Melissa White,87,1.8,100,2.5,0,160,7,5,7,11.9,1,98.71,Excellent
5362,Aaron Edwards,64,4.52,90,1.4,5,20,3,1,6,6.3,8,33.39,Needs Improvement
5363,Natasha Martin,40,3.87,65,4.0,7,109,10,1,9,4.0,8,35.26,Needs Improvement
5364,Jacob Morris,80,8.17,85,4.3,2,63,3,6,9,7.5,7,47.94,Needs Improvement
5365,Emily Dickerson,40,13.74,74,4.4,7,0,8,9,5,2.1,10,22.71,Needs Improvement
5366,Mary Perez,88,10.93,95,3.9,1,45,5,7,4,8.5,6,62.72,Average
5367,Frank Stone,43,3.56,60,4.5,4,58,9,9,9,11.0,10,51.03,Needs Improvement
5368,Ariel Sims,100,6.58,97,3.8,4,35,8,3,8,5.9,4,60.3,Average
5369,Shelly Dennis,68,12.37,80,3.5,4,93,3,5,4,4.2,5,37.81,Needs Improvement
5370,Laura Hernandez,98,13.01,82,3.2,9,153,2,10,4,8.9,6,55.72,Needs Improvement
5371,Shannon Vaughn,68,7.56,50,1.1,10,173,6,7,9,3.3,1,27.44,Needs Improvement
5372,Catherine Brady,97,14.29,87,4.5,2,131,8,6,9,2.6,2,64.62,Average
5373,Joshua Campbell,84,11.76,95,2.0,3,140,9,4,9,9.1,10,46.55,Needs Improvement
5374,Tony Moore,81,3.1,80,3.3,3,143,8,10,4,8.0,5,69.73,Average
5375,Amy Lewis,55,9.52,99,1.3,9,270,8,5,5,4.2,3,28.88,Needs Improvement
5376,Shane Thomas,46,3.82,52,4.7,1,165,8,6,2,10.7,3,72.34,Average
5377,Miranda Jackson,96,4.07,71,2.5,7,101,1,9,8,5.9,10,33.49,Needs Improvement
5378,Joseph Mccormick,98,8.75,55,1.1,0,64,10,2,4,10.7,8,54.88,Needs Improvement
5379,Lisa Mora,69,10.19,80,2.4,3,47,7,1,10,11.0,6,52.73,Needs Improvement
5380,John Alexander,47,5.58,67,2.0,9,125,4,3,9,2.6,10,12.59,Needs Improvement
5381,Brenda Holt,99,7.89,80,4.2,6,103,10,4,3,6.7,9,49.7,Needs Improvement
5382,Rodney Mckenzie,93,12.92,83,1.9,5,288,5,3,2,8.2,10,35.67,Needs Improvement
5383,Tiffany Landry,41,3.23,100,3.1,7,284,4,10,1,11.7,7,53.99,Needs Improvement
5384,Richard White,60,12.93,60,4.6,4,52,1,5,1,2.3,9,17.28,Needs Improvement
5385,John Bell,43,13.1,98,1.6,2,93,4,10,4,3.4,4,33.02,Needs Improvement
5386,Ms. Jeanette Williams,93,1.82,98,1.9,8,123,2,3,9,2.6,1,48.67,Needs Improvement
5387,Elizabeth Smith,41,7.72,63,1.0,1,75,6,6,9,9.4,10,35.4,Needs Improvement
5388,Brianna Rowe,65,10.1,90,3.3,8,105,9,3,4,9.4,4,49.3,Needs Improvement
5389,Carol Ellis,78,10.15,55,4.7,5,152,4,5,9,5.4,2,49.18,Needs Improvement
5390,Kimberly Parsons,95,6.94,86,3.7,9,115,3,4,8,4.3,8,31.96,Needs Improvement
5391,Misty Kline,63,10.68,65,2.6,8,204,3,6,3,4.0,7,25.46,Needs Improvement
5392,April Brown,98,11.82,88,4.9,8,102,5,7,1,4.5,10,36.39,Needs Improvement
5393,Lisa Young,91,4.29,56,1.7,6,263,5,10,10,4.9,8,51.05,Needs Improvement
5394,Darren Wong,99,11.12,86,1.3,6,113,10,2,7,3.6,10,43.52,Needs Improvement
5395,Sherri Lopez,52,13.82,79,3.2,7,229,4,8,4,11.7,4,50.38,Needs Improvement
5396,Natalie Carter,88,12.55,51,4.8,3,262,9,10,6,6.9,9,56.54,Needs Improvement
5397,Amanda Wright,51,2.97,73,2.8,7,233,10,7,2,5.8,5,48.58,Needs Improvement
5398,Autumn Rice,95,2.38,50,2.1,9,25,5,2,2,7.0,3,29.5,Needs Improvement
5399,Victor Cooper,55,3.33,56,2.5,4,116,8,8,4,10.4,6,56.24,Needs Improvement
5400,Linda Cole,87,1.02,73,3.1,9,299,4,6,7,2.9,7,50.47,Needs Improvement
5401,Cameron Best,58,11.28,99,3.9,8,102,7,5,6,9.0,9,41.9,Needs Improvement
5402,Laura Gordon,94,13.47,69,4.3,0,160,7,7,4,8.7,5,68.3,Average
5403,Nathan Morales PhD,100,2.22,56,3.1,4,262,9,4,1,5.1,4,63.52,Average
5404,Amanda Acevedo,85,2.39,87,1.5,8,265,1,2,8,10.7,3,65.12,Average
5405,Christopher Fowler,64,13.69,91,3.1,1,176,3,8,4,9.5,5,47.37,Needs Improvement
5406,Shawn Hernandez,45,2.37,73,3.4,0,72,2,3,1,3.5,3,48.06,Needs Improvement
5407,Michelle Heath,57,7.78,71,3.9,10,67,3,7,3,9.0,8,26.65,Needs Improvement
5408,Mallory Wright,42,11.85,60,2.7,7,147,5,9,10,9.8,3,45.09,Needs Improvement
5409,Steven Johnson,54,6.15,82,2.7,10,248,10,9,3,10.7,9,50.9,Needs Improvement
5410,Nicholas Kelly,75,7.48,50,5.0,4,235,4,4,9,4.2,9,48.87,Needs Improvement
5411,Cody Steele,68,12.69,84,4.1,9,88,1,3,4,3.9,4,29.08,Needs Improvement
5412,Mandy Vang,95,7.76,75,2.2,5,34,8,7,5,7.7,5,59.11,Needs Improvement
5413,Joshua Wallace,55,9.59,70,1.9,6,63,3,8,5,3.2,10,7.83,Needs Improvement
5414,Edward Rodriguez,50,8.99,61,1.8,3,197,2,6,1,10.4,5,37.64,Needs Improvement
5415,Monica Hurley,93,3.03,62,4.9,1,224,7,1,7,4.7,9,58.7,Needs Improvement
5416,Brandon Griffin,69,6.0,89,3.8,1,142,1,4,3,11.8,6,65.86,Average
5417,Aaron Austin,55,11.92,89,1.5,6,55,5,8,1,2.7,1,34.47,Needs Improvement
5418,Jessica Heath,73,2.73,74,2.9,2,52,3,9,1,4.0,7,41.33,Needs Improvement
5419,Christian Hill,73,2.53,81,4.6,10,23,2,10,2,2.7,4,51.77,Needs Improvement
5420,James Houston,52,9.05,59,4.8,9,33,4,1,8,8.0,9,18.31,Needs Improvement
5421,Christopher Ford,61,8.82,79,1.8,2,1,3,7,1,11.1,10,35.87,Needs Improvement
5422,Kayla Miller,41,7.26,78,4.1,0,28,8,9,9,5.7,5,49.55,Needs Improvement
5423,David Moon,60,10.03,71,1.2,1,257,6,5,4,10.6,6,46.41,Needs Improvement
5424,Frank Sutton,61,4.89,69,4.8,8,60,7,6,3,11.1,4,65.29,Average
5425,Joshua Martinez,52,8.12,60,2.8,9,2,8,4,8,5.6,7,30.04,Needs Improvement
5426,Kristie Edwards,76,1.15,76,2.0,6,261,1,10,5,9.9,4,67.71,Average
5427,Michelle White,54,10.83,61,1.4,6,101,5,9,2,8.7,3,25.44,Needs Improvement
5428,Steven Woods,58,2.38,72,2.2,7,236,1,6,4,6.7,10,37.06,Needs Improvement
5429,Eric Hill,60,7.22,96,2.4,3,104,1,9,8,7.8,2,60.96,Average
5430,Jeremy Stokes Jr.,47,4.67,87,1.4,4,26,8,10,9,6.4,1,50.82,Needs Improvement
5431,Amy Bass,82,13.04,77,4.8,4,101,3,1,2,10.8,3,56.61,Needs Improvement
5432,Anna Lopez,92,1.71,68,1.2,4,268,3,4,6,7.1,4,57.04,Needs Improvement
5433,Mark Duffy,52,6.78,55,2.9,0,160,9,4,7,6.0,10,41.53,Needs Improvement
5434,Jorge Hodges,49,8.21,76,4.4,4,4,5,7,8,9.8,3,58.14,Needs Improvement
5435,Martin Combs,95,1.78,62,1.3,1,52,3,10,10,4.3,5,59.3,Needs Improvement
5436,Jason Conley,84,12.73,69,4.1,2,159,3,10,9,9.6,10,49.72,Needs Improvement
5437,Dr. Richard Barrett,41,14.0,81,2.8,3,252,5,4,2,2.4,1,41.43,Needs Improvement
5438,Denise Wade,98,4.63,86,2.7,7,66,10,3,4,8.0,3,68.3,Average
5439,Tim Miller,52,8.34,87,4.9,3,286,7,1,3,7.4,8,60.65,Average
5440,Jason Hernandez,74,4.97,73,3.9,9,166,4,10,3,11.5,5,59.49,Needs Improvement
5441,Regina Avery,89,12.12,78,4.7,8,226,9,6,8,4.2,8,44.28,Needs Improvement
5442,Maria Bennett,63,10.06,59,3.2,5,109,7,5,1,8.5,8,27.42,Needs Improvement
5443,Amanda Koch,69,10.72,68,2.6,7,68,6,6,1,2.9,7,31.29,Needs Improvement
5444,David Walsh,46,4.67,57,3.9,5,271,6,9,6,6.0,5,53.31,Needs Improvement
5445,Kevin Sullivan,81,3.67,97,1.5,8,57,10,8,8,11.9,1,67.05,Average
5446,Shawn Haynes,43,6.25,100,2.5,0,199,9,2,2,8.6,2,66.34,Average
5447,Christopher Smith,61,5.41,81,3.8,1,175,1,2,10,8.3,8,44.74,Needs Improvement
5448,Anthony Lowe,69,12.78,83,1.8,6,73,8,5,1,10.3,3,42.0,Needs Improvement
5449,Michaela Peters,100,1.29,87,4.9,9,295,3,2,8,10.8,6,65.33,Average
5450,Rhonda Wade,86,3.52,93,4.5,6,196,3,1,8,8.4,7,62.36,Average
5451,Jasmine Vang,61,1.62,95,3.0,5,90,5,1,9,3.0,2,58.29,Needs Improvement
5452,Andrew Farrell,88,8.44,96,3.4,6,217,9,10,5,10.2,8,60.19,Average
5453,Nathan Reynolds,78,6.34,67,2.8,8,49,8,1,8,4.6,3,45.43,Needs Improvement
5454,James Crawford,87,12.3,88,3.6,10,101,7,8,3,7.5,8,36.93,Needs Improvement
5455,Christopher Lopez,77,14.07,84,4.9,6,268,10,3,9,4.7,8,39.35,Needs Improvement
5456,Joseph Stewart,80,6.76,93,2.9,8,264,5,3,6,6.4,7,38.71,Needs Improvement
5457,John Barnes,41,11.52,56,4.3,10,256,5,9,2,7.2,5,31.59,Needs Improvement
5458,Ashley Campbell,97,10.22,56,4.5,6,61,6,3,1,11.8,6,53.1,Needs Improvement
5459,Justin Reynolds,91,11.67,79,3.5,6,192,2,9,10,7.5,7,50.39,Needs Improvement
5460,Valerie Melendez,53,8.98,71,2.4,4,37,9,4,10,9.3,8,42.35,Needs Improvement
5461,Richard Owens,50,12.5,52,3.3,6,238,9,2,10,3.1,2,34.6,Needs Improvement
5462,Ronald Wilson II,50,14.69,91,1.9,7,7,9,9,10,8.5,7,29.44,Needs Improvement
5463,Sabrina Lopez,55,4.6,81,2.7,5,198,2,10,2,11.1,2,62.57,Average
5464,Joshua Burch,93,14.94,87,3.7,3,262,7,6,1,8.5,1,58.71,Needs Improvement
5465,Leslie Weaver,82,5.29,97,4.4,8,149,7,4,10,5.9,1,54.77,Needs Improvement
5466,Kelly Brady,58,7.01,77,1.2,2,153,3,5,8,5.1,4,39.12,Needs Improvement
5467,Whitney Cole,91,8.09,80,4.9,10,36,6,9,5,6.5,8,41.25,Needs Improvement
5468,William Miller,75,3.67,76,4.7,6,2,4,8,8,7.0,9,49.94,Needs Improvement
5469,Misty Cooper,59,14.03,54,2.7,2,142,1,8,4,11.4,10,31.66,Needs Improvement
5470,Eric Schmidt,61,7.09,70,3.1,1,262,4,4,8,10.7,3,65.24,Average
5471,Heather Johnson,84,9.62,87,1.5,0,296,6,1,9,3.8,3,47.96,Needs Improvement
5472,Jose Turner,60,9.53,52,4.7,5,46,4,9,1,3.1,3,42.85,Needs Improvement
5473,Jessica Cunningham,82,4.02,53,2.1,7,137,10,4,1,4.6,10,24.08,Needs Improvement
5474,Anna Jones,89,9.9,95,3.6,9,95,9,9,6,5.5,2,49.87,Needs Improvement
5475,Jaime Knox,74,10.27,82,4.2,7,94,10,7,1,8.6,4,52.75,Needs Improvement
5476,Donald Martinez,58,11.28,90,1.6,1,205,2,5,10,5.2,6,45.01,Needs Improvement
5477,Teresa Arnold,46,3.84,54,3.1,5,160,9,5,5,3.2,5,36.61,Needs Improvement
5478,Andrew Wade,50,14.38,94,1.5,7,242,7,2,6,11.2,9,35.17,Needs Improvement
5479,Connor Padilla,82,10.37,100,4.8,8,173,1,1,1,4.5,7,33.79,Needs Improvement
5480,Matthew Reyes,58,11.79,67,3.4,10,110,6,4,7,9.2,8,17.32,Needs Improvement
5481,Colleen Thompson,73,3.38,70,3.5,9,161,9,9,10,10.9,4,69.0,Average
5482,Anthony Phillips,82,13.34,77,4.1,3,38,1,5,3,5.6,3,34.69,Needs Improvement
5483,Kyle Wiley,45,7.56,75,4.9,9,171,7,1,7,4.8,8,25.52,Needs Improvement
5484,Tracy Perez,51,5.33,92,4.0,7,88,8,1,10,9.4,9,49.97,Needs Improvement
5485,William Ball,68,3.32,66,1.6,5,81,2,1,6,2.0,8,14.61,Needs Improvement
5486,Jennifer Brown,98,14.39,83,3.3,1,4,7,7,4,9.0,7,58.49,Needs Improvement
5487,William Dean,49,3.13,83,2.4,7,266,6,9,2,3.3,1,52.51,Needs Improvement
5488,Charles Tran,100,14.59,79,4.6,9,72,4,3,4,6.5,10,25.31,Needs Improvement
5489,Christopher Hayes,53,10.36,93,1.7,3,280,9,5,9,11.7,5,63.75,Average
5490,Benjamin Wang,92,13.05,93,2.4,7,198,5,9,8,4.5,8,36.8,Needs Improvement
5491,Diane Perez,93,6.56,80,5.0,9,93,10,1,6,8.3,10,46.52,Needs Improvement
5492,Shelby Matthews,51,13.09,94,2.0,7,83,2,6,3,4.5,7,14.07,Needs Improvement
5493,Lisa Davis,59,8.19,90,2.3,9,57,3,10,10,3.6,1,33.18,Needs Improvement
5494,Jonathan Jones,42,11.43,96,1.7,5,120,8,7,6,9.0,6,41.78,Needs Improvement
5495,Ms. Dawn Cooper,59,7.4,78,4.8,8,207,9,6,6,7.1,8,49.57,Needs Improvement
5496,Adrian Newman,58,14.79,76,2.8,9,170,6,9,3,6.5,7,24.68,Needs Improvement
5497,Andrew Meadows,87,11.68,72,4.6,7,75,2,6,4,7.3,4,35.65,Needs Improvement
5498,Jennifer Barker,54,1.25,91,3.5,8,259,2,8,6,10.0,10,48.77,Needs Improvement
5499,Frank Scott,60,10.38,58,3.6,10,206,8,9,2,5.5,7,34.42,Needs Improvement
5500,Cynthia Santiago,97,6.93,71,4.2,7,87,8,10,6,8.7,4,68.54,Average
5501,Heather Lee,62,2.56,64,3.8,10,52,10,8,3,6.8,9,34.24,Needs Improvement
5502,Christopher Aguirre,84,10.64,100,2.4,2,144,8,1,6,11.9,2,70.19,Average
5503,Makayla Kelly DVM,85,13.38,84,4.6,8,197,7,5,7,8.5,3,48.68,Needs Improvement
5504,John Snyder,79,13.2,100,4.3,2,206,5,9,8,5.0,9,59.58,Needs Improvement
5505,Deborah Bishop,87,12.63,71,1.5,10,188,4,2,1,7.2,7,15.97,Needs Improvement
5506,Jason Bullock,84,5.35,82,4.0,4,266,8,8,4,5.7,7,66.69,Average
5507,Brandon Johnston,67,8.25,71,3.8,6,137,8,4,9,4.0,3,44.71,Needs Improvement
5508,Danny Moyer,78,4.28,70,4.6,6,22,6,10,2,7.2,2,62.87,Average
5509,Mark Adams,92,12.79,63,3.5,0,175,7,10,4,10.1,1,73.96,Average
5510,Thomas Wolf,53,14.77,65,1.7,1,168,1,2,8,8.9,6,39.33,Needs Improvement
5511,Thomas Martinez,58,4.76,51,4.7,4,285,1,10,3,11.8,5,61.89,Average
5512,Amy Washington,100,7.5,75,4.2,7,293,9,5,10,9.8,4,75.57,Average
5513,Kelsey Beck,88,5.78,59,1.8,0,40,6,8,10,2.9,2,60.64,Average
5514,Angela Richards,50,14.5,79,2.1,10,51,4,7,4,4.1,2,17.8,Needs Improvement
5515,Shawna Hale,70,12.57,99,1.8,4,223,1,2,3,2.2,7,19.79,Needs Improvement
5516,Andrew Melton,73,10.82,84,4.3,5,222,6,3,6,4.7,1,46.6,Needs Improvement
5517,Stacy Davis,99,1.66,84,3.9,0,208,9,10,5,2.9,9,66.41,Average
5518,Amanda Herrera,88,5.3,88,2.0,4,134,9,10,9,10.2,8,69.95,Average
5519,Brian Ochoa,48,13.64,69,4.4,8,169,6,8,2,11.8,2,51.42,Needs Improvement
5520,Morgan Gates,48,10.81,72,1.3,9,80,4,4,8,4.1,3,6.67,Needs Improvement
5521,Tracy Ramirez MD,56,1.12,54,2.2,9,164,4,3,8,2.8,2,35.36,Needs Improvement
5522,Brittney Cook,56,8.82,58,3.2,9,271,1,9,2,6.8,8,29.96,Needs Improvement
5523,Mark Ponce,94,10.4,80,4.5,6,256,7,2,8,3.2,6,43.8,Needs Improvement
5524,Kelly Andrews,67,13.51,87,1.3,5,128,9,4,5,7.1,1,46.64,Needs Improvement
5525,Linda Jimenez,83,6.83,81,1.3,9,108,10,6,5,6.4,8,44.54,Needs Improvement
5526,Jennifer Lawrence,52,1.78,93,2.7,5,78,5,8,10,5.4,8,48.69,Needs Improvement
5527,Claudia Mcmahon,76,14.15,59,3.1,3,214,2,7,5,6.7,6,38.74,Needs Improvement
5528,Courtney Carter,72,1.36,81,3.5,10,110,2,2,4,2.8,7,36.71,Needs Improvement
5529,Jessica Cox,80,2.5,72,2.7,8,283,8,1,8,7.9,5,57.98,Needs Improvement
5530,Brenda Figueroa,90,1.52,84,2.3,5,35,5,7,1,5.8,3,57.54,Needs Improvement
5531,Nancy Gonzalez,94,14.52,62,1.0,9,281,7,1,5,11.0,7,38.79,Needs Improvement
5532,Kenneth May,97,8.33,97,4.6,10,85,10,2,10,3.8,9,48.76,Needs Improvement
5533,Carolyn Winters,58,6.85,97,4.7,5,298,1,2,3,7.8,4,59.55,Needs Improvement
5534,Christina Martinez,87,4.54,52,2.0,5,180,2,10,5,4.7,4,53.68,Needs Improvement
5535,Rachel Gonzalez,89,4.54,61,2.0,6,149,10,4,7,5.1,7,40.72,Needs Improvement
5536,Kayla Brown,98,5.79,71,4.2,9,28,5,2,9,10.4,8,45.15,Needs Improvement
5537,John Curry,63,11.0,95,4.2,8,251,5,5,6,8.4,1,52.82,Needs Improvement
5538,Kyle Stanley,48,13.65,80,4.2,6,15,10,3,7,11.6,6,43.64,Needs Improvement
5539,William Short,47,1.28,87,1.0,0,146,3,7,4,9.5,2,66.99,Average
5540,Keith Jones,92,6.61,100,2.7,9,267,9,3,4,9.8,1,61.2,Average
5541,Dennis Smith,76,8.06,63,2.9,8,16,3,4,1,5.2,5,27.63,Needs Improvement
5542,Robert Juarez,57,1.33,89,4.8,9,86,1,1,10,8.5,3,55.43,Needs Improvement
5543,James Stark,90,11.11,79,2.7,3,242,7,6,9,4.6,2,56.09,Needs Improvement
5544,Carol Spencer,81,13.86,57,1.5,4,299,4,3,10,11.0,8,38.29,Needs Improvement
5545,Deborah Bailey,89,7.05,54,3.6,0,26,8,8,6,10.0,6,69.43,Average
5546,Paul Myers,94,9.97,83,4.4,2,253,5,8,8,11.5,7,77.17,Average
5547,Anne Christensen,62,3.15,64,4.4,6,75,2,4,6,11.6,10,52.86,Needs Improvement
5548,Gabriel Beck,86,9.9,71,3.3,2,3,3,6,9,3.9,3,44.65,Needs Improvement
5549,Marcia Hardy,86,9.12,68,3.8,10,219,9,2,9,2.4,9,30.64,Needs Improvement
5550,David Copeland,92,9.21,87,2.1,0,246,6,10,3,6.9,2,80.47,Excellent
5551,Kelsey Hopkins,78,5.37,70,3.3,8,76,7,4,9,7.3,4,48.24,Needs Improvement
5552,Mr. Nicholas Ali,54,11.13,77,3.4,4,10,9,4,3,4.4,10,28.82,Needs Improvement
5553,Anthony Mcclain,98,7.22,65,3.4,2,45,4,10,8,6.1,8,57.49,Needs Improvement
5554,Samuel Thornton,87,11.96,68,2.5,1,89,7,9,6,7.6,1,64.8,Average
5555,Ariel Simmons,77,9.34,52,3.9,7,134,1,6,4,9.7,10,35.49,Needs Improvement
5556,Jennifer Thomas,52,3.52,64,1.6,6,9,4,1,2,2.7,10,10.81,Needs Improvement
5557,Jerry Crawford,56,2.23,84,4.1,4,246,10,6,6,5.8,3,72.99,Average
5558,Brian Reese,62,5.07,71,2.0,4,158,7,6,10,8.5,5,57.99,Needs Improvement
5559,Ruben Smith,49,11.91,53,3.3,1,214,8,2,8,8.5,7,42.44,Needs Improvement
5560,Desiree Holt,72,2.65,65,4.6,8,144,5,6,3,11.3,8,57.54,Needs Improvement
5561,Brianna Walker,51,11.33,78,2.2,4,48,9,2,6,9.0,6,37.88,Needs Improvement
5562,Julie Johnson,88,1.69,72,3.0,6,57,1,6,1,5.9,6,40.16,Needs Improvement
5563,Jon Griffin,65,11.34,76,1.6,6,209,5,4,4,7.2,1,40.52,Needs Improvement
5564,Andres Simon,71,10.41,89,2.4,2,56,9,8,3,10.3,10,54.01,Needs Improvement
5565,Jacqueline Bradley,90,4.28,55,4.1,8,225,10,8,10,4.7,4,55.02,Needs Improvement
5566,Luke Myers,93,5.9,99,1.8,2,77,4,3,9,7.8,5,52.71,Needs Improvement
5567,Casey Molina MD,92,13.46,94,4.0,4,182,3,8,5,2.0,3,51.11,Needs Improvement
5568,April Munoz,83,8.46,91,3.0,2,124,8,8,9,5.2,6,54.29,Needs Improvement
5569,Hannah Hooper,52,6.47,72,1.6,10,171,4,3,3,6.8,7,32.23,Needs Improvement
5570,Samantha Stafford,81,9.02,54,3.5,1,152,8,9,5,4.7,8,56.85,Needs Improvement
5571,John Gaines,43,9.12,90,3.7,1,114,6,9,6,2.3,4,43.72,Needs Improvement
5572,Christopher Jackson,67,6.26,50,4.2,8,42,5,8,6,2.1,6,30.2,Needs Improvement
5573,Christopher Simon,78,5.4,92,3.8,2,153,6,1,9,4.7,4,61.26,Average
5574,Stefanie Miller,79,2.61,75,2.9,2,119,8,7,2,4.1,7,58.33,Needs Improvement
5575,Sean Benton,50,2.99,59,1.5,4,11,4,9,10,11.9,2,58.86,Needs Improvement
5576,Patrick Hernandez,61,9.69,55,5.0,9,238,5,10,7,4.8,6,34.29,Needs Improvement
5577,Patrick Woodward,69,11.45,89,4.9,4,133,6,8,4,4.1,3,50.24,Needs Improvement
5578,Hayley Schmidt,92,13.41,55,1.1,8,232,8,10,3,8.6,9,27.92,Needs Improvement
5579,Christopher Perez,93,11.61,98,1.3,3,271,5,3,9,2.3,6,48.07,Needs Improvement
5580,Joseph Johnson,65,12.29,77,4.5,6,135,9,10,9,2.1,10,42.91,Needs Improvement
5581,Isaac Fitzgerald,88,10.54,73,1.1,9,51,5,6,6,2.4,10,18.45,Needs Improvement
5582,Aaron Kirby,41,4.93,53,2.8,2,31,10,2,4,7.2,10,29.37,Needs Improvement
5583,Jennifer Perez,45,10.44,50,2.1,8,99,2,2,5,10.2,5,27.09,Needs Improvement
5584,Justin Knight,40,5.28,66,2.1,0,273,9,7,3,3.9,1,61.66,Average
5585,Michael Wheeler,89,9.77,70,1.3,3,9,4,5,7,8.6,7,50.5,Needs Improvement
5586,Diane Davis,83,2.02,64,2.1,4,130,4,1,4,8.5,4,61.06,Average
5587,Robert Flowers,58,2.99,94,3.2,5,159,2,1,7,8.6,6,45.68,Needs Improvement
5588,Emily Cunningham,93,7.11,85,2.8,7,69,1,7,1,6.0,3,40.21,Needs Improvement
5589,Marcus Obrien,64,10.5,55,4.6,1,10,6,9,8,4.4,1,50.95,Needs Improvement
5590,Billy Salazar,75,14.52,97,4.1,0,262,9,9,9,3.8,1,64.05,Average
5591,Michael Ayala,54,1.76,88,4.4,8,8,1,10,5,9.1,6,46.71,Needs Improvement
5592,Devon Allen,62,10.99,77,1.2,0,274,5,7,3,9.3,9,47.42,Needs Improvement
5593,Melanie Long,93,4.94,66,4.9,9,118,10,7,7,4.1,8,56.3,Needs Improvement
5594,Jennifer Clay,44,6.53,62,3.4,1,78,8,2,5,5.4,10,39.88,Needs Improvement
5595,Kristen Thomas,48,13.54,63,3.6,1,159,4,5,10,2.5,10,23.83,Needs Improvement
5596,Jason Villarreal,85,1.49,62,4.5,2,1,8,2,8,8.2,9,60.06,Average
5597,Jordan Jenkins,91,10.87,57,3.0,6,101,1,6,5,9.6,7,39.47,Needs Improvement
5598,Michael Brown,77,3.7,82,4.0,8,45,10,9,5,9.2,10,56.77,Needs Improvement
5599,Daniel Salazar,73,7.9,54,2.6,1,54,10,2,5,3.0,10,31.11,Needs Improvement
5600,Gregory Williams,83,10.31,83,3.9,3,268,7,4,9,10.0,5,78.11,Average
5601,Jared Dyer,49,3.42,63,4.1,0,48,5,8,10,2.9,9,44.09,Needs Improvement
5602,Lisa Huff,56,9.31,75,1.9,3,91,4,3,6,9.0,2,54.33,Needs Improvement
5603,Stephanie Green,58,9.71,83,4.5,3,277,10,1,9,6.2,4,62.61,Average
5604,Robert Dawson,53,1.16,82,2.0,5,29,1,5,10,7.6,2,53.28,Needs Improvement
5605,Karen Mclean,69,6.73,68,2.4,2,266,4,10,1,6.1,4,58.46,Needs Improvement
5606,Jason Patterson,91,1.28,54,3.9,2,111,1,3,2,7.3,6,62.11,Average
5607,Amy Harris,79,4.02,68,4.0,7,31,8,5,5,5.5,2,61.54,Average
5608,James Clark,47,14.04,94,1.3,5,1,7,5,10,9.4,4,30.12,Needs Improvement
5609,Marvin Smith,57,13.34,98,2.1,2,248,7,2,4,6.9,4,41.84,Needs Improvement
5610,Alyssa Lambert,63,11.34,60,3.0,4,282,5,6,8,10.3,6,45.27,Needs Improvement
5611,Wendy Medina,53,2.96,60,4.7,6,101,9,6,4,2.2,2,49.0,Needs Improvement
5612,Timothy Burton,93,8.41,96,2.6,2,41,3,10,3,11.3,5,69.15,Average
5613,Mrs. Deborah Collins,61,1.92,88,2.6,6,34,2,2,2,3.4,3,31.3,Needs Improvement
5614,Anne Miller,87,2.69,58,1.5,8,57,8,7,3,4.6,5,41.83,Needs Improvement
5615,Jennifer Gilmore,46,1.25,51,4.2,1,226,1,1,1,4.5,3,46.87,Needs Improvement
5616,Matthew Hanson,59,6.98,85,1.6,3,163,3,8,7,6.9,3,52.63,Needs Improvement
5617,Robert Chavez,71,3.32,96,2.7,2,120,10,5,9,7.2,10,56.98,Needs Improvement
5618,Jasmine Hickman,64,11.82,93,1.8,2,78,7,10,9,4.1,8,33.87,Needs Improvement
5619,Taylor Shea,40,2.4,54,1.1,3,61,7,3,10,2.1,5,29.34,Needs Improvement
5620,Dr. Mike Lee,70,5.77,78,3.1,7,264,4,3,7,9.6,9,51.87,Needs Improvement
5621,Amanda Atkinson,51,14.18,97,1.2,5,276,4,3,8,11.5,9,40.86,Needs Improvement
5622,Taylor Walsh,86,4.03,75,4.5,5,171,8,7,6,8.1,9,58.37,Needs Improvement
5623,Francisco Alexander,97,5.82,75,1.6,7,146,5,3,10,5.7,8,33.46,Needs Improvement
5624,Daniel Nunez,69,1.97,91,2.4,10,257,3,8,5,5.6,5,50.47,Needs Improvement
5625,Martin Henry,45,11.77,60,1.9,0,137,5,9,7,4.2,9,33.07,Needs Improvement
5626,Cassandra Houston,45,13.92,68,2.0,6,99,2,7,8,10.2,10,23.09,Needs Improvement
5627,Dylan Miranda,53,4.35,61,1.1,2,114,3,1,3,3.3,9,23.9,Needs Improvement
5628,Shelley Brown,93,9.12,82,1.6,7,22,2,4,8,7.8,4,52.14,Needs Improvement
5629,Lisa Livingston,95,9.29,61,1.5,0,133,1,6,4,4.3,8,38.29,Needs Improvement
5630,Mrs. Angela Mendoza,68,7.87,73,3.0,2,25,4,4,6,4.5,10,40.34,Needs Improvement
5631,Alec Lawrence,93,2.29,80,2.4,9,280,8,4,2,4.9,8,43.05,Needs Improvement
5632,Keith Vargas,85,4.25,87,1.2,0,25,10,10,2,6.8,1,68.19,Average
5633,Robert Burton,96,13.14,79,5.0,10,187,1,1,5,3.7,6,34.87,Needs Improvement
5634,Shannon Middleton,60,8.46,59,4.6,9,3,5,7,10,5.3,10,29.74,Needs Improvement
5635,Anthony Nielsen,46,13.02,83,2.0,3,218,9,8,6,4.3,8,31.44,Needs Improvement
5636,Joseph Thompson,50,2.56,53,2.3,9,55,5,3,1,5.9,3,26.69,Needs Improvement
5637,Joel Chandler,43,3.72,70,2.0,0,15,7,2,6,3.0,4,36.09,Needs Improvement
5638,John Adams,83,2.69,51,2.9,7,254,1,9,6,6.0,6,41.25,Needs Improvement
5639,Rebecca Salazar,98,12.56,63,2.3,8,290,8,1,9,11.8,10,42.53,Needs Improvement
5640,Joshua Pitts,68,5.36,65,3.5,4,250,5,6,7,6.4,7,55.48,Needs Improvement
5641,Debra Wade,84,10.2,80,4.7,5,164,6,10,1,3.9,8,43.26,Needs Improvement
5642,David Miller,100,6.39,56,4.1,7,62,5,9,1,4.9,8,31.04,Needs Improvement
5643,Nicole Sanders,80,5.67,60,4.1,6,138,6,7,8,9.5,10,52.14,Needs Improvement
5644,Robert Vargas,74,3.1,50,3.0,6,24,2,10,5,3.3,8,35.85,Needs Improvement
5645,Travis Wilson,81,7.17,69,3.0,8,254,5,1,6,5.5,1,51.47,Needs Improvement
5646,Kathleen Boyle,92,8.97,88,1.0,5,152,10,7,3,4.2,5,43.42,Needs Improvement
5647,Marilyn Cowan,96,9.09,52,2.7,4,32,8,6,5,9.5,2,51.11,Needs Improvement
5648,Cory Garcia,79,4.66,98,3.1,3,205,2,9,4,11.7,7,71.92,Average
5649,Brian Knight,72,3.95,93,2.8,6,14,3,8,4,3.9,9,39.54,Needs Improvement
5650,Andrew Gross,43,2.34,92,4.3,1,56,7,7,10,4.9,4,66.08,Average
5651,Elizabeth Grant,46,1.66,59,2.1,2,113,5,1,2,8.0,6,35.91,Needs Improvement
5652,Lori Taylor,87,6.91,51,4.8,0,200,7,10,6,4.5,7,61.42,Average
5653,Damon Matthews,89,3.5,99,2.9,5,0,4,8,8,3.6,5,59.84,Needs Improvement
5654,Nicole Padilla,85,14.57,93,1.6,2,35,5,1,9,6.0,5,29.62,Needs Improvement
5655,John Baker,64,6.68,86,2.6,4,135,5,9,3,5.6,7,45.32,Needs Improvement
5656,Jordan Hancock,48,9.96,68,1.0,5,100,10,5,1,6.7,9,22.54,Needs Improvement
5657,Jane Fox,48,12.44,78,1.6,6,94,6,2,10,8.4,7,27.66,Needs Improvement
5658,Gabrielle Cantu,56,6.55,79,3.2,9,219,1,2,8,2.0,5,23.76,Needs Improvement
5659,Nancy Butler,98,6.32,53,3.2,7,66,8,1,10,6.5,7,47.51,Needs Improvement
5660,Ashley Cordova,50,9.02,82,3.3,8,82,2,5,7,8.6,10,20.77,Needs Improvement
5661,Roberto Rocha,44,13.06,62,2.7,8,129,6,5,9,5.2,9,15.26,Needs Improvement
5662,Alexandria Christian,84,12.57,50,2.6,0,84,5,3,1,7.7,9,38.38,Needs Improvement
5663,Darrell Berry,99,8.61,82,3.7,4,153,5,9,7,7.8,6,69.62,Average
5664,Kimberly West,57,8.32,78,3.2,1,225,1,2,10,5.4,3,51.34,Needs Improvement
5665,Heather Brown,66,3.85,71,1.9,8,90,2,7,1,3.7,8,19.55,Needs Improvement
5666,Kyle Williams,87,4.45,78,4.1,8,87,2,8,1,6.4,9,53.6,Needs Improvement
5667,Taylor Mills,80,8.28,93,1.1,0,6,4,9,3,5.0,9,38.15,Needs Improvement
5668,Jessica Evans,44,12.52,67,2.4,0,125,1,4,3,5.4,6,22.29,Needs Improvement
5669,Michael Rodriguez,66,7.91,57,3.9,10,127,4,8,9,5.2,6,30.47,Needs Improvement
5670,Jerry Simpson,91,8.79,100,2.6,8,229,9,8,9,7.6,9,51.35,Needs Improvement
5671,Teresa Frost,79,1.39,56,4.4,0,203,9,1,9,11.0,7,76.59,Average
5672,Jeffrey Rice,84,1.33,57,2.9,6,135,5,4,4,9.2,10,53.97,Needs Improvement
5673,Lori Rogers,81,13.46,61,3.0,10,159,10,8,9,3.9,4,32.02,Needs Improvement
5674,Richard Anderson,52,14.94,55,3.5,8,9,3,8,8,10.2,1,33.54,Needs Improvement
5675,Alison Anderson,76,10.53,60,2.8,6,21,4,9,2,7.4,10,24.58,Needs Improvement
5676,Joshua Greene,42,13.25,59,3.8,9,151,1,10,1,6.5,4,20.87,Needs Improvement
5677,Emily Davenport,97,5.72,91,2.0,7,81,8,8,2,11.9,7,61.7,Average
5678,Robert Taylor,74,13.16,62,1.9,7,297,6,3,10,4.8,4,32.58,Needs Improvement
5679,Kevin Barr,95,11.29,81,1.3,0,111,6,10,8,2.6,8,36.6,Needs Improvement
5680,Jodi Bishop,45,2.95,71,3.2,1,122,9,6,3,5.6,10,44.6,Needs Improvement
5681,Brian Parker,49,6.12,63,3.4,9,175,3,9,7,2.9,7,24.49,Needs Improvement
5682,Theresa Walters,41,13.49,83,4.1,10,2,8,5,8,8.0,4,29.96,Needs Improvement
5683,Anita Moran,52,1.82,97,2.6,4,101,3,4,9,4.7,8,43.24,Needs Improvement
5684,Cody Lewis,40,4.84,88,3.6,8,187,10,9,2,4.8,10,44.43,Needs Improvement
5685,Jennifer Reynolds,93,12.45,51,2.7,8,242,4,10,4,11.9,2,45.88,Needs Improvement
5686,Matthew Cook,70,11.81,80,1.7,3,40,4,2,6,6.2,9,27.61,Needs Improvement
5687,Earl Eaton,62,9.73,58,4.5,1,42,7,8,8,8.2,7,50.73,Needs Improvement
5688,Christopher Thomas,54,4.45,89,2.7,4,136,7,1,2,9.1,8,49.74,Needs Improvement
5689,Kelsey Mendoza,89,6.97,89,3.8,2,120,2,3,8,5.0,10,46.72,Needs Improvement
5690,Heather Newton,75,6.56,51,1.4,6,182,7,7,5,5.7,5,40.23,Needs Improvement
5691,Lisa Morgan,52,6.06,62,3.3,1,282,2,10,3,10.9,10,58.15,Needs Improvement
5692,Michelle Campbell,50,10.75,79,4.5,0,100,8,10,5,5.7,3,56.06,Needs Improvement
5693,Tina Rhodes,57,13.77,95,2.7,7,87,2,6,3,3.3,1,35.28,Needs Improvement
5694,Charles Carney,63,11.04,51,5.0,9,274,7,6,8,6.1,5,39.48,Needs Improvement
5695,Matthew Allen,55,1.51,87,4.7,10,108,5,9,3,5.4,3,51.36,Needs Improvement
5696,Diana Tanner,68,6.96,63,2.0,8,105,5,2,1,7.1,4,28.46,Needs Improvement
5697,Becky Nunez,40,14.06,73,1.3,7,55,5,10,2,7.9,10,11.49,Needs Improvement
5698,Robert Adams,43,14.91,60,4.9,10,2,8,4,3,9.9,1,36.49,Needs Improvement
5699,Brandy Dorsey,95,9.86,81,1.9,2,46,6,7,8,8.9,7,53.79,Needs Improvement
5700,Matthew Newman,42,14.14,55,1.4,3,170,10,8,3,8.0,6,30.1,Needs Improvement
5701,Derek Nelson,98,9.02,68,2.4,8,182,9,10,6,11.7,10,59.64,Needs Improvement
5702,Luis Pierce,100,1.12,90,3.3,3,166,10,9,8,2.8,6,74.53,Average
5703,Tammy Robinson,97,13.72,54,1.9,8,136,7,8,9,10.7,5,41.38,Needs Improvement
5704,Jennifer Skinner,41,14.5,79,3.0,7,163,4,8,7,9.0,1,40.38,Needs Improvement
5705,Jorge Johnson,97,4.63,83,3.6,9,214,1,1,3,8.7,3,51.21,Needs Improvement
5706,Ryan White,82,6.88,76,1.9,9,123,7,9,10,3.1,2,39.82,Needs Improvement
5707,Erin Rhodes,47,7.82,77,1.6,0,131,7,6,10,11.8,7,63.05,Average
5708,Hannah Russell,65,14.26,64,2.8,10,225,1,7,2,3.6,1,24.31,Needs Improvement
5709,Rodney Wilson,98,12.53,55,1.4,0,27,9,2,1,7.8,4,39.23,Needs Improvement
5710,Amy Hawkins,47,9.86,67,4.2,6,101,7,8,5,6.9,10,29.82,Needs Improvement
5711,Rickey Harris,98,10.83,63,1.3,10,229,4,5,2,10.3,7,32.01,Needs Improvement
5712,Eric Avila,50,5.96,97,3.5,5,16,1,2,3,3.1,8,26.27,Needs Improvement
5713,Brittany Mata,61,2.89,90,4.4,10,50,7,4,8,3.4,7,42.88,Needs Improvement
5714,Tracy Garcia,82,13.24,85,3.2,5,188,9,5,8,7.7,6,41.46,Needs Improvement
5715,Alicia Hernandez,93,8.49,54,1.4,1,177,8,4,9,9.0,5,55.64,Needs Improvement
5716,Kenneth Snyder,91,7.67,89,4.8,7,13,2,1,7,6.8,10,31.81,Needs Improvement
5717,Shawn Ray,69,8.73,83,4.1,2,99,5,7,8,3.2,3,51.71,Needs Improvement
5718,Mr. Richard Perez,51,13.52,100,4.8,1,44,3,8,5,7.2,3,57.47,Needs Improvement
5719,Kelsey Sparks,64,1.09,77,3.5,0,142,7,8,8,7.5,4,84.65,Excellent
5720,Stacie Reyes,46,8.23,80,2.3,7,50,8,1,10,6.5,1,46.68,Needs Improvement
5721,Erik Wilson,72,9.46,86,2.8,9,221,9,5,3,8.7,6,41.26,Needs Improvement
5722,Maria Carter,76,8.27,56,3.6,7,97,4,7,3,11.3,7,50.64,Needs Improvement
5723,April Greene,80,14.35,87,4.8,1,62,4,2,7,2.6,3,40.81,Needs Improvement
5724,Danielle Hawkins,52,3.89,100,2.5,9,110,4,1,8,8.2,5,43.92,Needs Improvement
5725,Mary Poole DVM,86,12.32,71,1.4,2,62,4,6,2,9.0,9,30.14,Needs Improvement
5726,Brandon Young,95,1.17,51,4.5,8,159,6,10,9,9.0,7,75.99,Average
5727,Robert Nash,84,5.3,90,1.5,1,273,10,7,1,11.5,10,71.19,Average
5728,Benjamin Thompson,84,3.67,77,4.5,5,31,7,9,9,8.5,5,73.32,Average
5729,Diane Reeves,40,7.69,93,4.7,4,62,10,3,7,11.4,5,65.1,Average
5730,Carolyn Oneill,98,11.48,90,1.0,2,114,7,10,7,10.7,1,72.12,Average
5731,Summer Hall,42,4.33,79,4.0,4,198,3,3,1,2.8,3,38.1,Needs Improvement
5732,Evan Roach,62,11.91,80,4.7,7,275,9,2,1,7.3,6,51.02,Needs Improvement
5733,Karina Gonzalez,68,3.09,60,2.3,0,190,6,9,5,9.0,4,71.24,Average
5734,Kayla Mayo,59,3.18,100,3.4,1,197,9,10,9,10.0,5,90.45,Excellent
5735,Daniel Carter,58,3.26,90,1.1,9,52,10,9,3,2.5,2,41.48,Needs Improvement
5736,Alexis Clarke,92,9.35,58,4.1,4,43,7,9,5,9.0,4,50.61,Needs Improvement
5737,Isaiah Vaughn,41,9.34,51,4.9,1,1,4,8,7,5.5,7,36.36,Needs Improvement
5738,Mr. Donald Smith,79,11.95,70,1.1,7,179,6,4,5,2.0,2,27.83,Needs Improvement
5739,Samantha Santos,98,11.37,62,4.0,5,204,8,5,2,6.9,3,63.22,Average
5740,Paul Mccann,96,5.82,55,2.1,3,191,6,4,10,7.7,10,52.84,Needs Improvement
5741,Victoria Franklin,43,7.59,50,1.7,2,116,5,4,4,9.2,4,37.87,Needs Improvement
5742,Julie Hughes,53,7.72,75,3.0,10,83,8,10,2,7.8,9,29.72,Needs Improvement
5743,Timothy Parker,57,4.0,95,4.3,5,6,9,8,6,9.3,8,57.29,Needs Improvement
5744,Paula Singh MD,71,13.59,93,3.8,0,204,8,5,9,2.5,8,48.14,Needs Improvement
5745,David Garner,69,7.69,60,1.2,9,186,8,8,7,5.9,3,32.32,Needs Improvement
5746,Diane Jackson,84,5.82,90,3.1,4,250,8,3,3,11.8,8,73.47,Average
5747,Danielle Williams,80,3.0,82,2.0,0,201,2,3,7,8.0,2,71.89,Average
5748,Kimberly Paul,58,10.14,100,3.5,3,175,3,10,5,2.2,10,40.45,Needs Improvement
5749,Daniel Peters,68,4.8,64,1.4,5,270,9,8,4,6.7,9,37.53,Needs Improvement
5750,Hannah Thomas,75,10.51,66,3.3,6,218,10,10,3,9.9,1,60.29,Average
5751,Grant Scott,93,12.8,69,4.7,0,32,2,9,1,5.8,1,58.33,Needs Improvement
5752,Samantha Owen,73,14.28,94,2.7,4,234,5,8,1,9.7,2,53.42,Needs Improvement
5753,Denise Clark,72,10.81,91,4.2,4,64,2,5,7,4.3,2,45.41,Needs Improvement
5754,John Ball,76,10.69,81,2.6,7,140,5,1,7,5.3,3,26.33,Needs Improvement
5755,Alexander Griffin,62,7.47,76,4.9,5,102,8,3,7,7.9,6,56.23,Needs Improvement
5756,Stephen Clark,97,14.45,83,2.9,1,168,10,5,9,4.9,7,53.33,Needs Improvement
5757,Timothy Horne,67,7.32,97,3.2,9,47,7,1,9,9.8,7,44.56,Needs Improvement
5758,Michael Jenkins,50,1.51,85,2.0,9,243,9,1,9,11.0,10,42.39,Needs Improvement
5759,Amanda Rhodes,96,9.59,58,4.0,7,61,8,8,1,11.1,9,48.77,Needs Improvement
5760,Tamara Vega,98,8.77,80,1.8,4,170,8,1,1,4.7,3,46.97,Needs Improvement
5761,David Berg MD,54,14.74,60,4.2,8,87,5,3,6,8.0,7,23.71,Needs Improvement
5762,Laura Ferguson,48,3.2,54,1.6,0,44,4,5,4,10.0,10,42.07,Needs Improvement
5763,Roberto Reeves,90,14.63,81,5.0,10,175,10,2,7,5.1,3,36.18,Needs Improvement
5764,Jackson Perry,80,7.49,60,3.7,2,132,10,5,2,10.3,8,66.02,Average
5765,Jose Clarke,85,4.68,89,4.5,6,215,9,3,8,5.4,1,75.19,Average
5766,Alan Nicholson,64,10.92,92,2.0,4,270,1,1,9,4.2,5,38.65,Needs Improvement
5767,Jon Middleton,62,13.38,54,3.3,9,99,6,3,4,7.6,10,12.45,Needs Improvement
5768,Monique Sanchez,81,9.01,89,3.1,0,300,1,7,2,11.4,4,72.71,Average
5769,David Garcia,69,13.76,70,4.2,8,243,9,9,8,5.9,9,43.31,Needs Improvement
5770,Kimberly Jackson,100,12.52,62,4.5,8,106,3,8,6,5.1,6,31.93,Needs Improvement
5771,Charles Barker,47,4.4,68,1.1,6,173,6,1,2,10.6,5,36.43,Needs Improvement
5772,Benjamin Cook,44,7.08,68,3.6,8,93,10,8,4,9.7,5,36.59,Needs Improvement
5773,Matthew Reid DDS,90,11.86,64,2.9,2,277,8,4,1,8.7,5,55.29,Needs Improvement
5774,Ashley Knight,41,13.43,68,2.1,8,278,2,10,7,9.6,3,34.35,Needs Improvement
5775,Susan Bradshaw,94,5.81,86,2.1,8,106,1,1,6,8.6,1,53.18,Needs Improvement
5776,Cheyenne Hart,88,3.94,59,4.1,0,3,4,6,3,3.5,9,50.16,Needs Improvement
5777,Linda Young,93,8.46,87,1.5,10,135,5,2,7,4.9,8,10.76,Needs Improvement
5778,Theresa Barber,78,3.65,82,2.8,6,198,4,4,3,2.5,10,45.07,Needs Improvement
5779,Brian Cruz,61,13.31,84,3.0,0,69,2,1,4,9.5,6,43.97,Needs Improvement
5780,Willie Martinez,61,14.17,55,1.0,5,230,7,10,8,8.5,10,29.09,Needs Improvement
5781,Lisa Herman,40,2.11,80,3.6,0,81,1,1,3,10.3,5,64.33,Average
5782,Joshua Ellis,69,13.98,51,3.2,8,146,3,7,8,6.0,1,28.43,Needs Improvement
5783,Steve Savage,76,4.66,96,1.2,10,268,7,2,6,4.6,9,31.48,Needs Improvement
5784,Elaine Garcia,77,7.68,54,2.1,6,186,5,7,10,6.7,3,48.4,Needs Improvement
5785,Jackson Rodriguez,92,3.69,58,4.3,4,159,2,8,7,6.8,10,58.72,Needs Improvement
5786,Steven Mills,63,6.14,58,2.6,0,51,6,4,9,5.1,8,42.38,Needs Improvement
5787,Christopher Riley,89,11.38,89,3.1,9,66,2,9,8,2.4,5,21.36,Needs Improvement
5788,Geoffrey Campbell,42,8.74,58,4.7,7,201,3,4,9,4.1,1,30.75,Needs Improvement
5789,Rachel Mcbride,43,8.74,57,4.9,6,209,10,6,8,11.1,5,58.04,Needs Improvement
5790,Julie Dean,44,7.66,100,1.2,5,145,2,4,7,11.2,10,34.41,Needs Improvement
5791,Robert Khan,56,7.54,94,3.3,0,184,5,8,10,5.8,2,68.39,Average
5792,Ricky Pace,94,14.43,99,2.7,9,136,1,3,10,3.6,2,30.79,Needs Improvement
5793,Charles Anthony,56,10.21,80,1.3,10,163,7,4,1,9.4,5,19.8,Needs Improvement
5794,Pamela Conner,99,9.03,93,3.6,2,42,7,9,3,4.6,7,58.59,Needs Improvement
5795,Sheila Walker,40,3.75,68,2.6,4,233,10,2,9,5.6,4,52.19,Needs Improvement
5796,Brian Dixon,82,9.16,53,4.8,5,60,6,1,9,8.8,7,45.47,Needs Improvement
5797,Charles Coleman,63,3.08,81,1.3,0,163,6,10,7,8.8,10,66.58,Average
5798,Mary Francis,49,2.33,75,4.9,0,140,6,8,10,4.9,3,70.27,Average
5799,Charles Calhoun,41,3.84,81,1.2,7,142,6,4,5,2.5,6,30.1,Needs Improvement
5800,Megan Hughes,51,5.14,98,1.4,7,17,8,5,8,7.1,6,34.96,Needs Improvement
5801,Andrea Thomas,70,2.41,80,4.7,8,252,4,1,3,4.5,3,50.65,Needs Improvement
5802,Mark Ortiz,40,7.86,53,2.3,10,32,9,10,8,10.9,6,34.96,Needs Improvement
5803,Bruce Riddle,66,9.15,87,3.9,6,264,8,3,8,11.7,1,70.2,Average
5804,Michelle Pope DVM,54,8.77,88,4.7,6,139,8,4,3,10.1,8,55.11,Needs Improvement
5805,Susan Maxwell,90,13.18,92,3.3,4,152,8,8,10,8.8,2,67.27,Average
5806,George Brown,86,12.71,78,1.1,2,70,1,4,6,3.3,1,30.42,Needs Improvement
5807,Robert Jordan,72,12.92,80,4.7,3,172,10,6,8,10.6,2,73.69,Average
5808,Tara Adams,40,1.38,65,3.2,6,82,9,5,1,8.7,8,42.52,Needs Improvement
5809,Monica Mahoney,85,7.28,61,4.0,9,224,10,6,4,10.1,3,73.79,Average
5810,Jeffrey Marsh,67,14.52,51,2.0,5,37,5,7,1,5.1,6,7.98,Needs Improvement
5811,Sharon Crawford,69,7.17,83,3.2,3,124,5,7,8,6.8,10,44.65,Needs Improvement
5812,Joseph Mckinney,66,4.9,77,1.8,4,229,7,4,2,5.6,7,45.66,Needs Improvement
5813,Cheryl Moore,49,4.46,83,3.5,10,171,4,4,5,4.4,1,35.38,Needs Improvement
5814,Angela Torres,56,2.7,57,1.3,1,27,5,5,1,6.4,10,33.16,Needs Improvement
5815,Roy Fleming,57,5.2,73,1.4,3,196,10,8,3,5.9,4,53.55,Needs Improvement
5816,Denise Sharp,59,4.72,57,3.6,8,89,4,5,10,3.1,5,37.37,Needs Improvement
5817,Deborah Chapman DDS,62,8.43,81,3.0,9,176,6,8,9,2.0,5,31.08,Needs Improvement
5818,Cynthia Nguyen,47,6.27,97,1.9,6,40,5,10,3,5.2,10,27.97,Needs Improvement
5819,William Hopkins,73,8.11,97,3.2,0,17,4,1,6,7.4,2,63.95,Average
5820,Pamela Dudley,45,5.51,86,2.6,3,259,3,10,10,8.4,9,50.77,Needs Improvement
5821,Julie Yates,52,9.7,77,1.1,1,22,2,1,6,3.7,8,13.79,Needs Improvement
5822,Amber Perez,93,10.38,89,2.6,2,195,7,7,9,9.0,2,74.62,Average
5823,Nicole Wright,93,6.21,78,3.2,4,55,2,3,6,11.2,8,53.22,Needs Improvement
5824,Rachel Richardson,60,8.37,82,3.3,3,64,1,5,2,7.8,6,35.98,Needs Improvement
5825,Janice Huffman,89,12.09,96,4.0,8,246,8,7,10,9.2,5,68.24,Average
5826,Jonathan Cain,52,14.09,75,2.3,3,150,8,8,7,3.5,5,31.51,Needs Improvement
5827,Dr. Wendy Ruiz,85,1.5,96,3.9,0,131,5,4,9,9.4,9,83.35,Excellent
5828,Eric Cole,93,8.45,73,1.3,1,171,3,5,6,5.5,3,49.0,Needs Improvement
5829,Deanna West,40,12.36,94,2.6,6,59,3,3,1,9.0,8,28.21,Needs Improvement
5830,Joann Smith,91,14.39,94,1.9,4,136,9,8,10,4.9,10,49.84,Needs Improvement
5831,Rachael Zimmerman,49,5.33,83,1.6,10,109,6,1,1,6.5,10,14.49,Needs Improvement
5832,Tyler Wilson,72,4.98,69,1.6,3,260,4,3,3,8.3,7,41.01,Needs Improvement
5833,Nicholas Smith,75,6.01,96,2.3,7,101,1,1,10,11.3,8,40.92,Needs Improvement
5834,Richard Wilson,47,3.01,73,2.2,5,106,9,8,2,6.3,4,42.06,Needs Improvement
5835,Denise Santana DDS,47,2.48,84,1.5,0,86,8,6,4,9.9,10,51.87,Needs Improvement
5836,Thomas Schmidt,45,2.72,67,1.7,10,185,2,7,2,11.7,1,39.96,Needs Improvement
5837,Theresa Jordan,52,11.37,93,2.7,0,270,2,10,6,9.0,1,56.22,Needs Improvement
5838,Jordan Williams,45,5.46,89,3.4,4,4,9,10,6,8.7,8,51.35,Needs Improvement
5839,Dylan Daniel,44,1.03,89,2.6,8,280,8,7,7,5.8,7,55.24,Needs Improvement
5840,William Hale,53,1.43,59,3.2,7,56,2,4,7,5.1,1,47.01,Needs Improvement
5841,Melanie Garza,63,14.05,62,3.3,1,218,9,1,7,6.1,2,45.97,Needs Improvement
5842,Amanda Ortega,76,7.22,66,1.3,8,110,6,4,1,9.4,6,33.82,Needs Improvement
5843,Todd Benton,50,4.67,56,3.2,3,299,9,2,4,10.0,6,56.35,Needs Improvement
5844,Dr. Edwin Weeks,91,12.75,99,3.3,0,8,8,7,5,3.6,5,52.1,Needs Improvement
5845,Scott Howe,54,12.44,61,3.3,4,78,4,6,10,8.7,1,44.62,Needs Improvement
5846,James Davidson,43,2.1,51,4.9,2,77,7,9,1,9.3,4,65.72,Average
5847,Randy Lee,100,11.14,70,2.2,4,56,8,8,6,2.2,4,47.11,Needs Improvement
5848,Carol Benson,92,8.83,54,4.8,4,254,2,7,5,11.0,2,68.96,Average
5849,Ryan Phillips,67,12.16,88,2.1,2,83,6,3,6,10.6,5,48.57,Needs Improvement
5850,Sarah Banks,98,11.14,85,2.0,5,41,5,7,5,5.1,9,40.28,Needs Improvement
5851,Paul Small,94,7.02,50,5.0,2,64,10,4,7,11.8,7,82.6,Excellent
5852,Johnny Mitchell,41,8.46,71,3.8,5,210,6,9,3,11.2,3,52.27,Needs Improvement
5853,Jennifer Henderson,86,8.04,54,3.5,1,293,2,6,7,2.2,4,52.14,Needs Improvement
5854,Jacob Hopkins,71,4.7,100,4.8,6,114,3,6,10,8.1,3,68.97,Average
5855,Alvin Harris,44,1.23,50,4.5,6,288,6,2,1,11.0,5,57.26,Needs Improvement
5856,Oscar Rodriguez,54,3.66,67,2.6,4,250,6,8,9,10.4,8,57.48,Needs Improvement
5857,Sara Harvey,62,9.14,87,1.3,10,199,3,1,4,4.6,8,11.52,Needs Improvement
5858,Margaret Jones,42,14.4,70,3.9,0,168,5,7,10,8.6,4,52.2,Needs Improvement
5859,Heather Brooks,68,3.63,77,3.2,2,220,1,8,3,2.7,10,39.46,Needs Improvement
5860,Monica Freeman,53,13.37,50,3.8,10,268,3,8,2,11.0,6,26.3,Needs Improvement
5861,Ashley Smith,97,2.79,99,4.3,6,194,9,9,6,3.6,4,77.65,Average
5862,Vincent Simpson,80,8.53,53,3.9,9,191,2,3,7,10.1,7,42.64,Needs Improvement
5863,Jennifer Johnson,100,14.54,86,1.8,2,184,4,5,2,4.9,8,42.36,Needs Improvement
5864,Danielle Roberts,77,1.11,51,4.2,7,136,3,8,9,8.9,8,59.22,Needs Improvement
5865,Melissa Page,53,8.35,59,1.5,0,75,3,4,2,6.2,10,23.88,Needs Improvement
5866,Thomas Harrison,100,13.45,69,1.9,10,197,7,9,10,4.1,9,18.89,Needs Improvement
5867,Daniel Pierce,60,1.66,99,1.2,0,18,10,10,8,8.9,1,82.25,Excellent
5868,Carol Soto,41,10.91,90,3.4,7,104,1,3,7,2.1,4,27.85,Needs Improvement
5869,Sandy Salazar,59,11.63,64,2.7,7,252,6,4,2,9.9,3,45.25,Needs Improvement
5870,Mark Sanders,86,6.94,90,1.0,3,31,7,10,6,6.3,9,50.38,Needs Improvement
5871,William Pennington,95,4.92,87,1.3,1,84,1,10,3,11.2,10,57.87,Needs Improvement
5872,Jared Miller,41,13.52,90,4.5,4,32,1,5,7,10.8,9,41.27,Needs Improvement
5873,Amy Young,85,1.55,84,4.5,6,84,10,9,4,10.4,5,77.82,Average
5874,Yolanda Myers,86,4.7,92,2.3,3,188,3,7,5,9.6,7,65.71,Average
5875,Christine Brown,41,6.02,80,4.7,5,121,1,8,10,3.9,1,57.66,Needs Improvement
5876,Mark Golden,98,1.54,91,2.6,2,241,8,10,7,3.4,1,81.82,Excellent
5877,Jill Anderson,62,1.28,52,1.3,7,50,6,3,9,6.8,8,25.5,Needs Improvement
5878,Emily Blackburn,96,4.24,94,3.8,7,36,5,6,6,11.5,3,64.12,Average
5879,Kerry Mccormick,48,11.93,54,3.5,1,79,5,3,7,2.1,8,23.47,Needs Improvement
5880,Ivan Reid,41,2.07,87,2.3,5,188,3,10,2,6.0,1,63.58,Average
5881,Joseph Burgess,62,2.74,63,4.9,2,9,3,9,2,9.1,10,50.49,Needs Improvement
5882,Erin Gutierrez,45,6.36,94,4.2,1,14,4,7,8,3.7,5,45.08,Needs Improvement
5883,Steven Rogers,64,11.73,88,2.3,0,90,10,5,1,4.9,2,46.36,Needs Improvement
5884,Jasmine Brown,61,3.32,57,4.6,2,79,4,2,4,2.5,8,39.72,Needs Improvement
5885,Richard Russell,90,5.88,70,1.8,8,152,10,7,2,2.8,6,36.75,Needs Improvement
5886,Matthew Thomas,40,1.58,72,3.9,2,214,6,7,5,5.1,10,53.84,Needs Improvement
5887,Ashlee Willis,98,3.12,75,4.6,3,269,6,5,7,10.4,8,79.11,Average
5888,Glenn Ruiz,47,2.99,68,4.5,9,273,2,5,2,12.0,8,43.39,Needs Improvement
5889,Mark Jackson,48,3.79,63,2.3,5,179,2,8,3,5.5,2,44.64,Needs Improvement
5890,Veronica Wilson,88,11.68,70,4.8,0,112,10,7,7,5.5,8,60.25,Average
5891,Patricia Grimes,43,14.74,71,3.6,1,197,7,8,5,5.3,4,44.39,Needs Improvement
5892,Veronica Shields,69,2.8,58,2.7,3,174,8,9,4,9.3,5,66.96,Average
5893,Gerald Hill,59,5.27,67,4.8,5,124,4,6,3,5.5,6,50.12,Needs Improvement
5894,Gary Alvarez,61,14.23,85,4.5,7,34,9,9,10,6.0,4,53.89,Needs Improvement
5895,Kimberly Pennington,46,1.76,55,3.7,3,254,2,1,7,4.6,4,41.95,Needs Improvement
5896,Matthew Lewis,79,6.69,74,4.0,3,271,6,2,2,11.8,5,57.95,Needs Improvement
5897,Felicia Miller,78,14.81,92,1.5,6,57,7,10,3,3.6,9,28.91,Needs Improvement
5898,Jeffrey Jones,82,14.69,67,1.9,4,146,5,4,4,4.4,1,33.76,Needs Improvement
5899,Craig Christian,47,4.37,90,4.0,5,32,6,1,5,11.2,5,49.68,Needs Improvement
5900,Ann Washington,67,5.35,85,1.3,9,94,6,3,5,2.7,3,22.24,Needs Improvement
5901,Anthony Mcdowell,98,3.75,99,2.1,1,172,4,2,4,6.9,2,66.07,Average
5902,Christopher Cervantes,45,7.39,94,3.9,9,274,7,5,1,8.4,9,38.89,Needs Improvement
5903,Jeremy Harrison,68,6.94,81,2.4,3,45,4,4,2,11.7,1,58.96,Needs Improvement
5904,Wayne Wilson,78,3.06,59,4.2,2,10,6,7,8,6.4,6,45.81,Needs Improvement
5905,Sean Jimenez,44,13.81,81,2.2,4,89,2,3,10,5.4,7,16.06,Needs Improvement
5906,Kenneth Brown,47,1.26,59,2.7,5,209,2,8,4,4.7,6,49.02,Needs Improvement
5907,Lisa Davis,80,7.07,55,3.1,2,53,3,10,10,4.0,7,43.83,Needs Improvement
5908,Donna Cross,99,14.33,75,4.4,3,38,6,8,7,5.7,4,58.09,Needs Improvement
5909,Daryl Jenkins,48,12.15,60,3.5,10,114,7,4,5,7.2,4,26.64,Needs Improvement
5910,Elizabeth Williams,59,1.14,96,1.0,9,225,4,7,2,6.1,3,50.97,Needs Improvement
5911,Erin Knight,48,7.22,65,2.6,0,83,3,10,9,2.4,3,49.45,Needs Improvement
5912,Valerie Waters,60,2.68,99,4.0,4,79,4,2,8,11.4,8,59.91,Needs Improvement
5913,Janice Black,97,5.53,61,2.3,10,174,9,4,4,11.4,8,50.28,Needs Improvement
5914,Andrew Brock,44,9.09,57,1.3,7,61,1,4,9,2.2,10,0.0,Needs Improvement
5915,Jason Price,63,6.03,57,1.3,7,63,4,6,7,7.1,8,29.5,Needs Improvement
5916,Jesus Marks,80,14.65,80,4.7,9,203,5,7,3,2.5,10,31.43,Needs Improvement
5917,Robert Wilson,69,3.85,78,4.0,9,120,1,2,10,3.2,8,32.78,Needs Improvement
5918,Megan Dixon,79,14.1,75,2.1,10,89,9,3,5,5.4,1,37.88,Needs Improvement
5919,Mrs. Tracy Arias,48,4.38,69,5.0,1,285,10,5,8,7.6,3,72.15,Average
5920,Tracey Howard,65,2.98,91,3.4,0,154,7,10,6,10.7,4,81.41,Excellent
5921,Alexandria Liu,98,1.42,59,4.2,9,40,9,2,9,6.8,6,57.38,Needs Improvement
5922,Donna Bailey,98,4.31,65,2.3,7,94,3,10,6,11.3,1,57.69,Needs Improvement
5923,Kevin Weaver,99,14.37,84,3.3,4,21,10,6,10,2.6,7,42.12,Needs Improvement
5924,Vanessa Johnson,69,10.69,91,1.8,2,161,2,6,4,5.3,8,37.13,Needs Improvement
5925,Rhonda Miller,42,1.19,75,2.7,4,232,8,2,9,4.6,6,46.32,Needs Improvement
5926,Jay Sanders,62,7.52,77,1.4,1,156,4,1,2,6.3,5,27.28,Needs Improvement
5927,Ryan Schultz,60,3.61,92,3.8,0,269,4,3,4,3.8,6,56.24,Needs Improvement
5928,Paula Brown,75,5.64,56,2.3,5,196,10,1,3,4.4,9,30.48,Needs Improvement
5929,Chelsea Ibarra,71,2.19,91,4.3,8,179,9,7,6,5.9,5,69.91,Average
5930,Teresa Cross,69,1.58,67,4.2,8,71,6,6,8,10.1,5,61.3,Average
5931,Joshua Horn,50,9.89,66,3.7,9,91,9,2,3,8.5,3,40.55,Needs Improvement
5932,Julie Curry,92,3.75,57,4.5,5,199,3,2,2,5.7,2,60.53,Average
5933,Kevin Mcgrath,45,10.74,65,2.8,4,210,6,1,7,7.2,2,40.63,Needs Improvement
5934,Chelsea Turner,79,9.42,79,4.0,7,89,1,7,10,4.6,7,39.39,Needs Improvement
5935,Samuel Lee,81,1.61,71,3.6,5,61,4,2,9,7.1,5,49.93,Needs Improvement
5936,Nicole Wright,60,7.6,78,2.4,10,41,9,10,5,6.9,4,41.85,Needs Improvement
5937,Michael Price,57,9.01,54,1.1,10,4,9,9,9,7.7,1,23.46,Needs Improvement
5938,Luke Foster,44,11.4,97,2.5,7,188,3,7,2,3.5,7,10.31,Needs Improvement
5939,William Nichols,70,10.67,85,3.1,4,184,3,5,10,9.5,4,54.87,Needs Improvement
5940,Allison Wilson,62,9.95,99,1.1,3,235,10,6,9,8.3,2,56.59,Needs Improvement
5941,Angela Ferguson,45,8.4,61,5.0,2,96,7,2,6,6.4,10,39.92,Needs Improvement
5942,Justin Valdez,43,9.95,83,3.7,0,192,9,9,4,8.5,8,57.21,Needs Improvement
5943,Dr. Jason Bell,99,10.74,88,1.7,9,95,10,2,2,10.7,6,45.59,Needs Improvement
5944,Jason Graves,85,11.01,56,4.2,4,158,9,10,8,2.3,6,52.9,Needs Improvement
5945,Holly Harmon,79,14.19,86,3.0,1,146,2,4,4,10.0,7,45.21,Needs Improvement
5946,Amber Potter,75,7.6,91,3.3,4,137,5,1,9,8.6,7,54.96,Needs Improvement
5947,Stacy Pittman,89,7.28,57,1.5,10,198,2,7,6,4.1,8,23.82,Needs Improvement
5948,Margaret Hill,47,6.84,56,3.4,4,212,4,1,7,9.8,4,49.28,Needs Improvement
5949,Derek Harvey,99,14.06,95,2.3,3,118,2,8,2,9.4,9,40.71,Needs Improvement
5950,Katherine Austin,41,13.06,98,3.6,5,28,4,5,5,9.6,5,32.89,Needs Improvement
5951,Molly King,73,12.63,96,2.8,6,39,10,3,9,11.1,4,46.82,Needs Improvement
5952,William Reynolds,58,3.04,91,3.7,2,127,1,6,3,3.5,2,55.12,Needs Improvement
5953,Marc Mayo,82,7.17,84,1.2,7,261,9,8,4,11.5,8,62.25,Average
5954,Cheryl Brown,55,9.2,86,4.9,1,204,2,9,6,8.2,1,64.45,Average
5955,Sarah Johnson,86,4.86,62,3.9,8,272,8,3,6,7.6,2,63.91,Average
5956,Maria Lopez,72,8.39,93,4.6,10,100,1,3,6,8.6,1,42.62,Needs Improvement
5957,Jason Benton,85,2.0,91,2.2,5,249,4,4,4,9.6,5,63.34,Average
5958,Frank Diaz,97,5.08,56,2.2,8,286,5,8,2,11.9,8,45.18,Needs Improvement
5959,Martin Jones,40,12.14,79,3.4,2,253,4,10,7,9.2,3,52.68,Needs Improvement
5960,Brenda Flowers,79,2.01,94,2.9,4,71,6,5,5,10.3,6,69.85,Average
5961,Michelle Watson,47,4.41,74,4.4,8,197,3,2,5,9.5,8,44.15,Needs Improvement
5962,Yolanda Guerrero,59,8.65,77,2.4,7,246,2,2,2,5.2,7,23.31,Needs Improvement
5963,Rodney Owens,95,6.12,64,3.3,1,276,2,3,2,10.8,10,59.07,Needs Improvement
5964,Benjamin Hancock,60,13.08,51,3.7,5,55,8,6,3,7.9,2,43.12,Needs Improvement
5965,Sabrina Garcia,89,6.79,97,4.5,6,219,8,5,2,6.3,5,65.44,Average
5966,Jessica Mullen,70,8.91,82,2.2,6,170,1,6,10,4.4,5,32.51,Needs Improvement
5967,James Lewis,83,11.82,94,4.2,1,275,4,10,7,4.5,2,70.13,Average
5968,Jessica Dorsey,79,3.05,56,4.9,6,173,7,10,10,2.6,2,71.05,Average
5969,Crystal Jensen,84,12.24,74,3.1,6,277,4,8,6,9.1,2,55.31,Needs Improvement
5970,Benjamin Williams,48,7.28,62,2.8,2,162,10,3,5,3.7,5,35.05,Needs Improvement
5971,Ryan Aguilar,63,9.41,80,3.9,8,153,6,2,9,6.7,5,46.16,Needs Improvement
5972,Ashley Murray,56,9.26,83,3.2,8,11,2,9,8,10.1,4,35.53,Needs Improvement
5973,Melissa Bradley,83,8.91,80,1.7,1,279,9,5,6,9.1,2,74.45,Average
5974,Mitchell Williamson,82,7.2,63,1.6,0,205,8,9,4,6.6,2,69.61,Average
5975,Anthony Green,40,5.7,55,3.6,5,33,8,5,3,10.6,6,51.78,Needs Improvement
5976,Janet Anderson,52,4.61,63,3.0,6,76,3,1,1,8.2,3,41.46,Needs Improvement
5977,Ryan Barnes,78,1.18,88,4.0,5,170,3,1,10,3.6,6,53.57,Needs Improvement
5978,Gregory Charles,71,6.39,85,3.9,8,131,6,4,10,9.3,7,45.32,Needs Improvement
5979,Danielle Mullen MD,46,8.33,75,3.0,4,126,5,9,6,11.8,7,47.77,Needs Improvement
5980,Kaitlyn Stone,54,3.53,88,1.3,0,151,6,6,3,11.8,9,59.44,Needs Improvement
5981,Fernando Stone,100,9.38,60,2.2,5,138,1,4,9,7.1,10,35.37,Needs Improvement
5982,Heidi White,69,12.88,54,3.7,3,142,7,6,4,5.5,4,42.99,Needs Improvement
5983,Judy Patterson,94,5.0,62,2.9,8,239,6,9,1,5.0,6,52.32,Needs Improvement
5984,Anita Hall,56,1.62,62,1.5,0,61,7,1,7,10.9,9,45.85,Needs Improvement
5985,Lisa Avila,46,2.3,59,2.9,4,6,6,8,8,9.2,6,44.5,Needs Improvement
5986,Vanessa Knight,94,12.93,96,2.2,2,124,7,4,1,3.0,5,36.5,Needs Improvement
5987,Jacob Rhodes,53,5.96,81,4.1,5,146,2,3,1,6.8,8,47.93,Needs Improvement
5988,James Turner,82,6.73,93,4.4,4,256,9,9,7,10.6,1,83.08,Excellent
5989,Eric Perry,42,12.03,73,2.8,3,191,4,1,5,3.0,7,23.36,Needs Improvement
5990,Antonio Palmer,56,4.24,73,3.8,8,236,10,2,6,3.9,4,52.37,Needs Improvement
5991,Rebecca Moyer,81,6.47,51,2.8,0,270,9,9,9,2.7,3,72.36,Average
5992,Mary Perry,49,10.41,51,2.5,0,15,10,10,8,2.7,1,40.39,Needs Improvement
5993,Misty Richard,84,12.97,72,4.1,10,128,9,6,9,8.1,10,41.54,Needs Improvement
5994,Stephanie Fisher,46,5.59,60,1.3,8,39,9,5,3,2.3,9,11.89,Needs Improvement
5995,Elizabeth Thompson,80,3.78,64,3.2,4,113,5,5,3,9.6,10,44.01,Needs Improvement
5996,Ronald Wilson,81,5.01,60,4.0,4,232,9,1,1,10.5,7,53.17,Needs Improvement
5997,Kristen Pena,53,6.93,89,1.5,1,193,4,1,10,11.3,1,55.6,Needs Improvement
5998,Paul Garcia,97,14.17,70,1.3,8,34,3,3,7,10.4,4,35.46,Needs Improvement
5999,Julie Rasmussen,96,11.88,100,1.2,9,172,3,9,10,2.1,7,34.05,Needs Improvement
6000,Emily Flynn,46,10.15,65,4.9,8,258,5,5,8,3.1,6,33.43,Needs Improvement
